control_file,command,command_pattern,value_pattern,solver,is_legacy,source_url,source_page
TCF,AD Control File,AD Control File,[ ⟨ .adcf_file ⟩ ],Classic and HPC,false,https://docs.tuflow.com/classic-hpc/manual/2023-03/TCFCommands-1.html#tcfADControlFile,https://docs.tuflow.com/classic-hpc/manual/2023-03/TCFCommands-1.html
TCF,Adjust Head at ESTRY Interface,Adjust Head at ESTRY Interface,[ ON | ON Variable | {OFF} ],Classic and HPC,true,https://docs.tuflow.com/classic-hpc/manual/2023-03/TCFCommands-1.html#tcfAdjustHeadatESTRYInterface,https://docs.tuflow.com/classic-hpc/manual/2023-03/TCFCommands-1.html
TCF,Auto Terminate dV Cell Tolerance,Auto Terminate dV Cell Tolerance,[ {0%} | ⟨ value ⟩ ],Classic and HPC,false,https://docs.tuflow.com/classic-hpc/manual/2023-03/TCFCommands-1.html#tcfAutoTerminatedVCellTolerance,https://docs.tuflow.com/classic-hpc/manual/2023-03/TCFCommands-1.html
TCF,Auto Terminate dV Value Tolerance,Auto Terminate dV Value Tolerance,[ {0} | ⟨ value ⟩ ],Classic and HPC,false,https://docs.tuflow.com/classic-hpc/manual/2023-03/TCFCommands-1.html#tcfAutoTerminatedVValueTolerance,https://docs.tuflow.com/classic-hpc/manual/2023-03/TCFCommands-1.html
TCF,Auto Terminate Start Time,Auto Terminate Start Time,[ {Simulation Start Time} | ⟨ value ⟩ ],Classic and HPC,false,https://docs.tuflow.com/classic-hpc/manual/2023-03/TCFCommands-1.html#tcfAutoTerminateStartTime,https://docs.tuflow.com/classic-hpc/manual/2023-03/TCFCommands-1.html
TCF,Auto Terminate Wet Cell Tolerance,Auto Terminate Wet Cell Tolerance,[ {0} | ⟨ value ⟩ ],Classic and HPC,false,https://docs.tuflow.com/classic-hpc/manual/2023-03/TCFCommands-1.html#tcfAutoTerminateWetCellTolerance,https://docs.tuflow.com/classic-hpc/manual/2023-03/TCFCommands-1.html
TCF,BC Control File,BC Control File,[ ⟨ .tbc ⟩ ],Classic and HPC,false,https://docs.tuflow.com/classic-hpc/manual/2023-03/TCFCommands-1.html#tcfBCControlFile,https://docs.tuflow.com/classic-hpc/manual/2023-03/TCFCommands-1.html
TCF,BC Database,BC Database,[ ⟨ .csv ⟩ ],Classic and HPC,false,https://docs.tuflow.com/classic-hpc/manual/2023-03/TCFCommands-1.html#tcfBCDatabase,https://docs.tuflow.com/classic-hpc/manual/2023-03/TCFCommands-1.html
TCF,BC Event Name,BC Event Name,[ ⟨ bc_event_name ⟩ ],Classic and HPC,true,https://docs.tuflow.com/classic-hpc/manual/2023-03/TCFCommands-1.html#tcfBCEventName,https://docs.tuflow.com/classic-hpc/manual/2023-03/TCFCommands-1.html
TCF,BC Event Source,BC Event Source,[ ⟨bc_event_text⟩ | ⟨bc_event_name⟩ ],Classic and HPC,false,https://docs.tuflow.com/classic-hpc/manual/2023-03/TCFCommands-1.html#tcfBCEventSource,https://docs.tuflow.com/classic-hpc/manual/2023-03/TCFCommands-1.html
TCF,BC Event Text,BC Event Text,[ ⟨bc_event_text⟩ ],Classic and HPC,true,https://docs.tuflow.com/classic-hpc/manual/2023-03/TCFCommands-1.html#tcfBCEventText,https://docs.tuflow.com/classic-hpc/manual/2023-03/TCFCommands-1.html
TCF,BC Wet/Dry Method,BC Wet/Dry Method,[ PRE 2005-11-AF ],Classic Only,true,https://docs.tuflow.com/classic-hpc/manual/2023-03/TCFCommands-1.html#tcfBCWetDryMethod,https://docs.tuflow.com/classic-hpc/manual/2023-03/TCFCommands-1.html
TCF,BC Zero Flow,BC Zero Flow,[ {OFF} | START | END | START and END | ],Classic and HPC,false,https://docs.tuflow.com/classic-hpc/manual/2023-03/TCFCommands-1.html#tcfBCZeroFlow,https://docs.tuflow.com/classic-hpc/manual/2023-03/TCFCommands-1.html
TCF,Bed Resistance Cell Sides,Bed Resistance Cell Sides,[ AVERAGE M | AVERAGE n | MAXIMUM n | {INTERROGATE} ],Classic and HPC,true,https://docs.tuflow.com/classic-hpc/manual/2023-03/TCFCommands-1.html#tcfBedResistanceCellSides,https://docs.tuflow.com/classic-hpc/manual/2023-03/TCFCommands-1.html
TCF,Bed Resistance Depth Interpolation,Bed Resistance Depth Interpolation,[ LINEAR M | {SPLINE n} | LINEAR n ],Classic Only,false,https://docs.tuflow.com/classic-hpc/manual/2023-03/TCFCommands-1.html#tcfBedResistanceDepthInterpolation,https://docs.tuflow.com/classic-hpc/manual/2023-03/TCFCommands-1.html
TCF,Bed Resistance Values,Bed Resistance Values,[ {MANNING N} | MANNING M | CHEZY ],Classic Only,false,https://docs.tuflow.com/classic-hpc/manual/2023-03/TCFCommands-1.html#tcfBedResistanceValues,https://docs.tuflow.com/classic-hpc/manual/2023-03/TCFCommands-1.html
TCF,BG FLC Default Approach,BG FLC Default Approach,[ {LINEAR} | LINEAR-CONSTANT | PARABOLIC | INVERTED-PARABOLIC ],Classic and HPC,false,https://docs.tuflow.com/classic-hpc/manual/2023-03/TCFCommands-1.html#tcfBGFLCDefaultApproach,https://docs.tuflow.com/classic-hpc/manual/2023-03/TCFCommands-1.html
TCF,Blank BG FLC Approach,Blank BG FLC Approach,[ {NONE} | METHOD A | METHOD B ],Classic and HPC,false,https://docs.tuflow.com/classic-hpc/manual/2023-03/TCFCommands-1.html#tcfBlankBGFLCApproach,https://docs.tuflow.com/classic-hpc/manual/2023-03/TCFCommands-1.html
TCF,Blockage AEP,Blockage AEP,[ ⟨ aep value in % ⟩ ],Classic and HPC,false,https://docs.tuflow.com/classic-hpc/manual/2023-03/TCFCommands-1.html#tcfBlockageAEP,https://docs.tuflow.com/classic-hpc/manual/2023-03/TCFCommands-1.html
TCF,Blockage ARI,Blockage ARI,[ ⟨ ari value in years ⟩ ],Classic and HPC,false,https://docs.tuflow.com/classic-hpc/manual/2023-03/TCFCommands-1.html#tcfBlockageARI,https://docs.tuflow.com/classic-hpc/manual/2023-03/TCFCommands-1.html
TCF,Blockage Default,Blockage Default,[ ⟨ Default Blockage Category ⟩ ],Classic and HPC,false,https://docs.tuflow.com/classic-hpc/manual/2023-03/TCFCommands-1.html#tcfBlockageDefault,https://docs.tuflow.com/classic-hpc/manual/2023-03/TCFCommands-1.html
TCF,Blockage Matrix,Blockage Matrix,[ {OFF} | ON ],Classic and HPC,false,https://docs.tuflow.com/classic-hpc/manual/2023-03/TCFCommands-1.html#tcfBlockageMatrix,https://docs.tuflow.com/classic-hpc/manual/2023-03/TCFCommands-1.html
TCF,Blockage Matrix File,Blockage Matrix File,[ ⟨ link to blockage .csv file ⟩ ],Classic and HPC,false,https://docs.tuflow.com/classic-hpc/manual/2023-03/TCFCommands-1.html#tcfBlockageMatrixFile,https://docs.tuflow.com/classic-hpc/manual/2023-03/TCFCommands-1.html
TCF,Blockage Method,Blockage Method,[ ELM | RAM | {} ],Classic and HPC,false,https://docs.tuflow.com/classic-hpc/manual/2023-03/TCFCommands-1.html#tcfBlockageMethod,https://docs.tuflow.com/classic-hpc/manual/2023-03/TCFCommands-1.html
TCF,Blockage Override,Blockage Override,[ ⟨ Blockage Category ⟩ ],Classic and HPC,false,https://docs.tuflow.com/classic-hpc/manual/2023-03/TCFCommands-1.html#tcfBlockageOverride,https://docs.tuflow.com/classic-hpc/manual/2023-03/TCFCommands-1.html
TCF,Blockage PMF AEP,Blockage PMF AEP,[ ⟨ aep value ⟩ ],Classic and HPC,false,https://docs.tuflow.com/classic-hpc/manual/2023-03/TCFCommands-1.html#tcfBlockagePMFAEP,https://docs.tuflow.com/classic-hpc/manual/2023-03/TCFCommands-1.html
TCF,Blockage PMF ARI,Blockage PMF ARI,[ ⟨ ari value in years ⟩ ],Classic and HPC,false,https://docs.tuflow.com/classic-hpc/manual/2023-03/TCFCommands-1.html#tcfBlockagePMFARI,https://docs.tuflow.com/classic-hpc/manual/2023-03/TCFCommands-1.html
TCF,Blockage Return Period,Blockage Return Period,[ AEP | ARI ],Classic and HPC,false,https://docs.tuflow.com/classic-hpc/manual/2023-03/TCFCommands-1.html#tcfBlockageReturnPeriod,https://docs.tuflow.com/classic-hpc/manual/2023-03/TCFCommands-1.html
TCF,Blue Kenue Start Date,Blue Kenue Start Date,[ ⟨ date in isodate format ⟩ ],Classic and HPC,true,https://docs.tuflow.com/classic-hpc/manual/2023-03/TCFCommands-1.html#tcfBlueKenueStartDate,https://docs.tuflow.com/classic-hpc/manual/2023-03/TCFCommands-1.html
TCF,Boundary Viscosity Factor,Boundary Viscosity Factor,[ {1.0} | ⟨ factor ⟩ ],Classic and HPC,false,https://docs.tuflow.com/classic-hpc/manual/2023-03/TCFCommands-1.html#tcfBoundaryViscosityFactor,https://docs.tuflow.com/classic-hpc/manual/2023-03/TCFCommands-1.html
TCF,BSS Cutoff Depth,BSS Cutoff Depth,[ {0.1} | ⟨ BSS_cutoff_depth ⟩ ],Classic and HPC,false,https://docs.tuflow.com/classic-hpc/manual/2023-03/TCFCommands-1.html#tcfBSSCutoffDepth,https://docs.tuflow.com/classic-hpc/manual/2023-03/TCFCommands-1.html
TCF,Calibration Points MI File,Calibration Points MI File,[ ⟨ mif_layer ⟩ ],Classic and HPC,false,https://docs.tuflow.com/classic-hpc/manual/2023-03/TCFCommands-1.html#tcfCalibrationPointsMIFile,https://docs.tuflow.com/classic-hpc/manual/2023-03/TCFCommands-1.html
TCF,Cell Side Wet/Dry Depth,Cell Side Wet/Dry Depth,[ {0.001} | ⟨ depth_in_m ⟩ ],Classic Only,true,https://docs.tuflow.com/classic-hpc/manual/2023-03/TCFCommands-1.html#tcfCellSideWetDryDepth,https://docs.tuflow.com/classic-hpc/manual/2023-03/TCFCommands-1.html
TCF,Cell Size,Cell Size,[ ⟨ value_in_metres ⟩ ],Classic and HPC,true,https://docs.tuflow.com/classic-hpc/manual/2023-03/TCFCommands-1.html#tcfCellSize,https://docs.tuflow.com/classic-hpc/manual/2023-03/TCFCommands-1.html
TCF,Cell Wet/Dry Depth,Cell Wet/Dry Depth,[ {0.002} | ⟨ depth_in_m ⟩ ],Classic and HPC,false,https://docs.tuflow.com/classic-hpc/manual/2023-03/TCFCommands-1.html#tcfCellWetDryDepth,https://docs.tuflow.com/classic-hpc/manual/2023-03/TCFCommands-1.html
TCF,Change Zero Material Values to One,Change Zero Material Values to One,[ ON | {OFF} ],Classic and HPC,true,https://docs.tuflow.com/classic-hpc/manual/2023-03/TCFCommands-1.html#tcfChangeZeroMaterialValuestoOne,https://docs.tuflow.com/classic-hpc/manual/2023-03/TCFCommands-1.html
TCF,Check Inside Grid,Check Inside Grid,[ {ERROR} | WARNING | OFF ],Classic and HPC,false,https://docs.tuflow.com/classic-hpc/manual/2023-03/TCFCommands-1.html#tcfCheckInsideGrid,https://docs.tuflow.com/classic-hpc/manual/2023-03/TCFCommands-1.html
TCF,Check MI Save Date,Check MI Save Date,[ {ERROR} | WARNING | OFF ],Classic and HPC,false,https://docs.tuflow.com/classic-hpc/manual/2023-03/TCFCommands-1.html#tcfCheckMISaveDate,https://docs.tuflow.com/classic-hpc/manual/2023-03/TCFCommands-1.html
TCF,Check MI Save Ext,Check MI Save Ext,[ {.tab} | ⟨ ext ⟩ ],Classic and HPC,false,https://docs.tuflow.com/classic-hpc/manual/2023-03/TCFCommands-1.html#tcfCheckMISaveExt,https://docs.tuflow.com/classic-hpc/manual/2023-03/TCFCommands-1.html
TCF,Command Line Processing,Command Line Processing,[ {2016} | Pre 2016 ],Classic and HPC,false,https://docs.tuflow.com/classic-hpc/manual/2023-03/TCFCommands-1.html#tcfCommandLineProcessing,https://docs.tuflow.com/classic-hpc/manual/2023-03/TCFCommands-1.html
TCF,Control Number Factor,Control Number Factor,[ {1.0} | ⟨CN_value⟩ ],HPC Only,false,https://docs.tuflow.com/classic-hpc/manual/2023-03/TCFCommands-1.html#tcfControlNumberFactor,https://docs.tuflow.com/classic-hpc/manual/2023-03/TCFCommands-1.html
TCF,CPU Threads,CPU Threads,[ {2.0} | ⟨number_of_CPU⟩ ],HPC Only,false,https://docs.tuflow.com/classic-hpc/manual/2023-03/TCFCommands-1.html#tcfCPUThreads,https://docs.tuflow.com/classic-hpc/manual/2023-03/TCFCommands-1.html
TCF,CSV Header Line,CSV Header Line,[ {} | SINGLE ],Classic and HPC,true,https://docs.tuflow.com/classic-hpc/manual/2023-03/TCFCommands-1.html#tcfCSVHeaderLine,https://docs.tuflow.com/classic-hpc/manual/2023-03/TCFCommands-1.html
TCF,CSV Maximum Number Columns,CSV Maximum Number Columns,[ ⟨max_col⟩ ],Classic Only,true,https://docs.tuflow.com/classic-hpc/manual/2023-03/TCFCommands-1.html#tcfCSVMaximumNumberColumns,https://docs.tuflow.com/classic-hpc/manual/2023-03/TCFCommands-1.html
TCF,CSV Time,CSV Time,[ DAYS | {HOURS} | MINUTES | SECONDS ],Classic and HPC,false,https://docs.tuflow.com/classic-hpc/manual/2023-03/TCFCommands-1.html#tcfCSVTime,https://docs.tuflow.com/classic-hpc/manual/2023-03/TCFCommands-1.html
TCF,Defaults,Defaults,[ PRE ⟨Release⟩ ],Classic and HPC,false,https://docs.tuflow.com/classic-hpc/manual/2023-03/TCFCommands-1.html#tcfDefaults,https://docs.tuflow.com/classic-hpc/manual/2023-03/TCFCommands-1.html
TCF,Define Output Zone,Define Output Zone,[ ⟨oz_name⟩ ],Classic and HPC,false,https://docs.tuflow.com/classic-hpc/manual/2023-03/TCFCommands-1.html#tcfDefineOutputZone,https://docs.tuflow.com/classic-hpc/manual/2023-03/TCFCommands-1.html
TCF,Demo Model,Demo Model,[ ON | {OFF} ],Classic and HPC,false,https://docs.tuflow.com/classic-hpc/manual/2023-03/TCFCommands-1.html#tcfDemoModel,https://docs.tuflow.com/classic-hpc/manual/2023-03/TCFCommands-1.html
TCF,Density of Air,Density of Air,[ {1.25} | ⟨value⟩ ],Classic Only,false,https://docs.tuflow.com/classic-hpc/manual/2023-03/TCFCommands-1.html#tcfDensityofAir,https://docs.tuflow.com/classic-hpc/manual/2023-03/TCFCommands-1.html
TCF,Density of Water,Density of Water,[ {1025} | ⟨value⟩ ],Classic and HPC,false,https://docs.tuflow.com/classic-hpc/manual/2023-03/TCFCommands-1.html#tcfDensityofWater,https://docs.tuflow.com/classic-hpc/manual/2023-03/TCFCommands-1.html
TCF,Depth/Ripple Height Factor Limit,Depth/Ripple Height Factor Limit,[ {10} | ⟨value⟩ ],Classic Only,false,https://docs.tuflow.com/classic-hpc/manual/2023-03/TCFCommands-1.html#tcfDepthRippleHeightFactorLimit,https://docs.tuflow.com/classic-hpc/manual/2023-03/TCFCommands-1.html
TCF,Display Water Level,Display Water Level,"[ ⟨X⟩, ⟨Y⟩ ]",Classic and HPC,false,https://docs.tuflow.com/classic-hpc/manual/2023-03/TCFCommands-1.html#tcfDisplayWaterLevel,https://docs.tuflow.com/classic-hpc/manual/2023-03/TCFCommands-1.html
TCF,Distribute HX Flows,Distribute HX Flows,[ ON | {OFF} ],Classic and HPC,false,https://docs.tuflow.com/classic-hpc/manual/2023-03/TCFCommands-1.html#tcfDistributeHXFlows,https://docs.tuflow.com/classic-hpc/manual/2023-03/TCFCommands-1.html
TCF,End 1D Domain,End 1D Domain,,Classic and HPC,false,https://docs.tuflow.com/classic-hpc/manual/2023-03/TCFCommands-1.html#tcfEnd1DDomain,https://docs.tuflow.com/classic-hpc/manual/2023-03/TCFCommands-1.html
TCF,End 2D Domain,End 2D Domain,,Classic Only,false,https://docs.tuflow.com/classic-hpc/manual/2023-03/TCFCommands-1.html#tcfEnd2DDomain,https://docs.tuflow.com/classic-hpc/manual/2023-03/TCFCommands-1.html
TCF,End After Maximum,End After Maximum,[ ⟨eam⟩ | [ {0.001} | ⟨h_tol⟩ ],Classic and HPC,false,https://docs.tuflow.com/classic-hpc/manual/2023-03/TCFCommands-1.html#tcfEndAfterMaximum,https://docs.tuflow.com/classic-hpc/manual/2023-03/TCFCommands-1.html
TCF,End After Maximum Start Time,End After Maximum Start Time,[ {0} | ⟨time in hours⟩ ],Classic and HPC,false,https://docs.tuflow.com/classic-hpc/manual/2023-03/TCFCommands-1.html#tcfEndAfterMaximumStartTime,https://docs.tuflow.com/classic-hpc/manual/2023-03/TCFCommands-1.html
TCF,End Define,End Define,,Classic and HPC,false,https://docs.tuflow.com/classic-hpc/manual/2023-03/TCFCommands-1.html#tcfEndDefine,https://docs.tuflow.com/classic-hpc/manual/2023-03/TCFCommands-1.html
TCF,End Map Output,End Map Output,[ ⟨ time_in_hours ⟩ ],Classic and HPC,false,https://docs.tuflow.com/classic-hpc/manual/2023-03/TCFCommands-1.html#tcfEndMapOutput,https://docs.tuflow.com/classic-hpc/manual/2023-03/TCFCommands-1.html
TCF,End Time,End Time,[ ⟨ time_in_hours ⟩ ],Classic and HPC,false,https://docs.tuflow.com/classic-hpc/manual/2023-03/TCFCommands-1.html#tcfEndTime,https://docs.tuflow.com/classic-hpc/manual/2023-03/TCFCommands-1.html
TCF,ESTRY Control File,ESTRY Control File [ {} | AUTO],[ {} | AUTO] == ⟨ .ecf_file ⟩ ],Classic and HPC,false,https://docs.tuflow.com/classic-hpc/manual/2023-03/TCFCommands-1.html#tcfESTRYControlFile,https://docs.tuflow.com/classic-hpc/manual/2023-03/TCFCommands-1.html
TCF,ESTRY Control File AUTO,ESTRY Control File [ {} | AUTO],[ {} | AUTO] == ⟨ .ecf_file ⟩ ],Classic and HPC,false,https://docs.tuflow.com/classic-hpc/manual/2023-03/TCFCommands-1.html#tcfESTRYControlFile,https://docs.tuflow.com/classic-hpc/manual/2023-03/TCFCommands-1.html
TCF,Event File,Event File,[ ⟨ .tef_file ⟩ ],Classic and HPC,false,https://docs.tuflow.com/classic-hpc/manual/2023-03/TCFCommands-1.html#tcfEventFile,https://docs.tuflow.com/classic-hpc/manual/2023-03/TCFCommands-1.html
TCF,Excel Start Date,Excel Start Date,[ ⟨ days_since_1900 ⟩ ],Classic and HPC,false,https://docs.tuflow.com/classic-hpc/manual/2023-03/TCFCommands-1.html#tcfExcelStartDate,https://docs.tuflow.com/classic-hpc/manual/2023-03/TCFCommands-1.html
TCF,External Stress File,External Stress File,[ ⟨ .tesf_file ⟩ ],Classic and HPC,false,https://docs.tuflow.com/classic-hpc/manual/2023-03/TCFCommands-1.html#tcfExternalStressFile,https://docs.tuflow.com/classic-hpc/manual/2023-03/TCFCommands-1.html
TCF,FEWS Geodatum,FEWS Geodatum,[ ⟨ geodatum string ⟩ ],Classic and HPC,false,https://docs.tuflow.com/classic-hpc/manual/2023-03/TCFCommands-1.html#tcfFEWSGeodatum,https://docs.tuflow.com/classic-hpc/manual/2023-03/TCFCommands-1.html
TCF,FEWS Input File,FEWS Input File,[ ⟨ FEWS boundary file ⟩ ],Classic and HPC,false,https://docs.tuflow.com/classic-hpc/manual/2023-03/TCFCommands-1.html#tcfFEWSInputfile,https://docs.tuflow.com/classic-hpc/manual/2023-03/TCFCommands-1.html
TCF,File Retry Max Count,File Retry Max Count,[ <max count> | {40} ],Classic and HPC,false,https://docs.tuflow.com/classic-hpc/manual/2023-03/TCFCommands-1.html#tcfFileRetryMaxCount,https://docs.tuflow.com/classic-hpc/manual/2023-03/TCFCommands-1.html
TCF,File Retry Timeout,File Retry Timeout,[ <max time> | {30} ],Classic and HPC,false,https://docs.tuflow.com/classic-hpc/manual/2023-03/TCFCommands-1.html#tcfFileRetryTimeout,https://docs.tuflow.com/classic-hpc/manual/2023-03/TCFCommands-1.html
TCF,First Sweep Direction,First Sweep Direction,[ AUTOMATIC | {POSITIVE} | NEGATIVE ],Classic Only,true,https://docs.tuflow.com/classic-hpc/manual/2023-03/TCFCommands-1.html#tcfFirstSweepDirection,https://docs.tuflow.com/classic-hpc/manual/2023-03/TCFCommands-1.html
TCF,Force File IO Display,Force File IO Display,[ ON | {OFF} ],Classic and HPC,false,https://docs.tuflow.com/classic-hpc/manual/2023-03/TCFCommands-1.html#tcfForceFileIODisplay,https://docs.tuflow.com/classic-hpc/manual/2023-03/TCFCommands-1.html
TCF,Free Overfall,Free Overfall,[ {ON} | ON WITHOUT WEIRS | OFF ],Classic Only,true,https://docs.tuflow.com/classic-hpc/manual/2023-03/TCFCommands-1.html#tcfFreeOverfall,https://docs.tuflow.com/classic-hpc/manual/2023-03/TCFCommands-1.html
TCF,Free Overfall Factor,Free Overfall Factor,[ {0.6} | ⟨ value_0.0_to_1.0 ⟩ ],Classic Only,false,https://docs.tuflow.com/classic-hpc/manual/2023-03/TCFCommands-1.html#tcfFreeOverfallFactor,https://docs.tuflow.com/classic-hpc/manual/2023-03/TCFCommands-1.html
TCF,Froude Check,Froude Check,[ {1} | ⟨ froude_no ⟩ ],Classic Only,false,https://docs.tuflow.com/classic-hpc/manual/2023-03/TCFCommands-1.html#tcfFroudeCheck,https://docs.tuflow.com/classic-hpc/manual/2023-03/TCFCommands-1.html
TCF,Froude Depth Adjustment,Froude Depth Adjustment,[ {ON} | OFF ],Classic Only,true,https://docs.tuflow.com/classic-hpc/manual/2023-03/TCFCommands-1.html#tcfFroudeDepthAdjustment,https://docs.tuflow.com/classic-hpc/manual/2023-03/TCFCommands-1.html
TCF,GA Convergence Value,GA Convergence Value,[ {0.001} | ⟨ value ⟩ ],Classic Only,false,https://docs.tuflow.com/classic-hpc/manual/2023-03/TCFCommands-1.html#tcfGAConvergenceValue,https://docs.tuflow.com/classic-hpc/manual/2023-03/TCFCommands-1.html
TCF,GA Maximum Iterations,GA Maximum Iterations,[ {ON} | OFF ],Classic Only,false,https://docs.tuflow.com/classic-hpc/manual/2023-03/TCFCommands-1.html#tcfGAMaximumIternations,https://docs.tuflow.com/classic-hpc/manual/2023-03/TCFCommands-1.html
TCF,Geometry Control File,Geometry Control File,[ ⟨ .tgc_file ⟩ ],Classic and HPC,false,https://docs.tuflow.com/classic-hpc/manual/2023-03/TCFCommands-1.html#tcfGeometryControlFile,https://docs.tuflow.com/classic-hpc/manual/2023-03/TCFCommands-1.html
TCF,GIS Format,GIS Format,[ {MIF} | SHP | GPKG ],Classic and HPC,false,https://docs.tuflow.com/classic-hpc/manual/2023-03/TCFCommands-1.html#tcfGISFormat,https://docs.tuflow.com/classic-hpc/manual/2023-03/TCFCommands-1.html
TCF,GIS Grid Vector Direction,GIS Grid Vector Direction,[ {ANGLE} | BEARING | VERBOSE ],Classic and HPC,false,https://docs.tuflow.com/classic-hpc/manual/2023-03/TCFCommands-1.html#tcfGISGridVectorDirection,https://docs.tuflow.com/classic-hpc/manual/2023-03/TCFCommands-1.html
TCF,GIS Grid Vector SF,GIS Grid Vector SF,[ {1} | ⟨ scale factor ⟩ ],Classic and HPC,false,https://docs.tuflow.com/classic-hpc/manual/2023-03/TCFCommands-1.html#tcfGISGridVectorSF,https://docs.tuflow.com/classic-hpc/manual/2023-03/TCFCommands-1.html
TCF,GIS Grid Vector TTF,GIS Grid Vector TTF,[ {0} | ⟨ tail_thickness_factor ⟩ ],Classic and HPC,false,https://docs.tuflow.com/classic-hpc/manual/2023-03/TCFCommands-1.html#tcfGISGridVectorTTF,https://docs.tuflow.com/classic-hpc/manual/2023-03/TCFCommands-1.html
TCF,GIS Grid Vector Type,GIS Grid Vector Type,[ {Region} | Point ],Classic and HPC,false,https://docs.tuflow.com/classic-hpc/manual/2023-03/TCFCommands-1.html#tcfGISGridVectorType,https://docs.tuflow.com/classic-hpc/manual/2023-03/TCFCommands-1.html
TCF,GIS Project Path Format,GIS Project Path Format,[ Absolute | {Relative} ],Classic and HPC,false,https://docs.tuflow.com/classic-hpc/manual/2023-03/TCFCommands-1.html#tcfGISProjectPathFormat,https://docs.tuflow.com/classic-hpc/manual/2023-03/TCFCommands-1.html
TCF,GIS Projection Check,GIS Projection Check,[ {ERROR} | WARNING ],Classic and HPC,false,https://docs.tuflow.com/classic-hpc/manual/2023-03/TCFCommands-1.html#tcfGISProjectionCheck,https://docs.tuflow.com/classic-hpc/manual/2023-03/TCFCommands-1.html
TCF,GIS Supported Object Ignored,GIS Supported Object Ignored,[ ERROR | {WARNING} ],Classic and HPC,false,https://docs.tuflow.com/classic-hpc/manual/2023-03/TCFCommands-1.html#tcfGISSupportedObjectIgnored,https://docs.tuflow.com/classic-hpc/manual/2023-03/TCFCommands-1.html
TCF,GIS Unsupported Object,GIS Unsupported Object,[ {ERROR} | WARNING ] | [ {1} | ⟨ level ⟩ ],Classic and HPC,false,https://docs.tuflow.com/classic-hpc/manual/2023-03/TCFCommands-1.html#tcfGISUnsupportedObject,https://docs.tuflow.com/classic-hpc/manual/2023-03/TCFCommands-1.html
TCF,Global FC Ch Factor,Global FC Ch Factor,[ {0.8} | ⟨ Ch ⟩ ],Classic Only,false,https://docs.tuflow.com/classic-hpc/manual/2023-03/TCFCommands-1.html#tcfGlobalFCChFactor,https://docs.tuflow.com/classic-hpc/manual/2023-03/TCFCommands-1.html
TCF,Global Rainfall Use Material Loss,Global Rainfall Use Material Loss,[ OFF | {ON} ],Classic Only,false,https://docs.tuflow.com/classic-hpc/manual/2023-03/TCFCommands-1.html#tcfGlobalRainfallUseMaterialLoss,https://docs.tuflow.com/classic-hpc/manual/2023-03/TCFCommands-1.html
TCF,Global Weir Factor,Global Weir Factor,[ {1.0} | ⟨ value ⟩ ],Classic and HPC,false,https://docs.tuflow.com/classic-hpc/manual/2023-03/TCFCommands-1.html#tcfGlobalWeirFactor,https://docs.tuflow.com/classic-hpc/manual/2023-03/TCFCommands-1.html
TCF,GPKG Conversion Check,GPKG Conversion Check,[ WARNING ],Classic and HPC,false,https://docs.tuflow.com/classic-hpc/manual/2023-03/TCFCommands-1.html#tcfGPKGConversionCheck,https://docs.tuflow.com/classic-hpc/manual/2023-03/TCFCommands-1.html
TCF,GPKG Projection,GPKG Projection,[ ⟨ GPKG layer ⟩ ],Classic and HPC,false,https://docs.tuflow.com/classic-hpc/manual/2023-03/TCFCommands-1.html#tcfGPKGProjection,https://docs.tuflow.com/classic-hpc/manual/2023-03/TCFCommands-1.html
TCF,GPU Device IDs,GPU Device IDs,[ ⟨ list_of_device_ids ⟩ ],HPC Only,false,https://docs.tuflow.com/classic-hpc/manual/2023-03/TCFCommands-1.html#tcfGPUDeviceIDs,https://docs.tuflow.com/classic-hpc/manual/2023-03/TCFCommands-1.html
TCF,GPU DP Check,GPU DP Check,[ {ERROR} | OFF ],HPC Only,true,https://docs.tuflow.com/classic-hpc/manual/2023-03/TCFCommands-1.html#tcfGPUDPCheck,https://docs.tuflow.com/classic-hpc/manual/2023-03/TCFCommands-1.html
TCF,GPU Peer to Peer Access,GPU Peer to Peer Access,[ DISABLED | {ENABLED IF AVAILABLE} ],HPC Only,false,https://docs.tuflow.com/classic-hpc/manual/2023-03/TCFCommands-1.html#tcfGPUPeertoPeerAccess,https://docs.tuflow.com/classic-hpc/manual/2023-03/TCFCommands-1.html
TCF,RAM Optimisation,RAM Optimisation,[ {ON} | OFF ],HPC Only,true,https://docs.tuflow.com/classic-hpc/manual/2023-03/TCFCommands-1.html#tcfRAMOptimisation,https://docs.tuflow.com/classic-hpc/manual/2023-03/TCFCommands-1.html
TCF,GPU Solver,GPU Solver,[ [ ON | {OFF} ],GPU (pre-2017 HPC release) if set to ON,true,https://docs.tuflow.com/classic-hpc/manual/2023-03/TCFCommands-1.html#tcfGPUSolver,https://docs.tuflow.com/classic-hpc/manual/2023-03/TCFCommands-1.html
TCF,GPU Temporal Scheme,GPU Temporal Scheme,[ [ 1 | 2 | {4} ],GPU (pre-2017 HPC release),true,https://docs.tuflow.com/classic-hpc/manual/2023-03/TCFCommands-1.html#tcfGPUTemporalScheme,https://docs.tuflow.com/classic-hpc/manual/2023-03/TCFCommands-1.html
TCF,Grid Format,Grid Format,[ ASC | FLT | {TIF} | GPKG | NC | TGO | WRR ],Classic and HPC,false,https://docs.tuflow.com/classic-hpc/manual/2023-03/TCFCommands-1.html#tcfGridFormat,https://docs.tuflow.com/classic-hpc/manual/2023-03/TCFCommands-1.html
TCF,Grid Output Cell Size,Grid Output Cell Size,[ ⟨ grid_cell_size ⟩ ],Classic and HPC,false,https://docs.tuflow.com/classic-hpc/manual/2023-03/TCFCommands-1.html#tcfGridOutputCellSize,https://docs.tuflow.com/classic-hpc/manual/2023-03/TCFCommands-1.html
TCF,Grid Output Origin,Grid Output Origin,[ {AUTOMATIC} | MODEL ORIGIN ],Classic and HPC,false,https://docs.tuflow.com/classic-hpc/manual/2023-03/TCFCommands-1.html#tcfGridOutputOrigin,https://docs.tuflow.com/classic-hpc/manual/2023-03/TCFCommands-1.html
TCF,Groundwater Blend Threshold,Groundwater Blend Threshold,[ ⟨ float ⟩ | {0.9} ],HPC Only,false,https://docs.tuflow.com/classic-hpc/manual/2023-03/TCFCommands-1.html#tcfGroundwaterBlendThreshold,https://docs.tuflow.com/classic-hpc/manual/2023-03/TCFCommands-1.html
TCF,Hardware,Hardware,[ {CPU} | GPU ],Classic and HPC,false,https://docs.tuflow.com/classic-hpc/manual/2023-03/TCFCommands-1.html#tcfHardware,https://docs.tuflow.com/classic-hpc/manual/2023-03/TCFCommands-1.html
TCF,HEC-DSS Start Date,HEC-DSS Start Date,[ ⟨ value ⟩ ],Classic and HPC,false,https://docs.tuflow.com/classic-hpc/manual/2023-03/TCFCommands-1.html#tcfHEC-DSSStartDate,https://docs.tuflow.com/classic-hpc/manual/2023-03/TCFCommands-1.html
TCF,HPC Thin Weir Parameters,HPC [Thin | Thick] Weir Parameters,"[ ⟨ Cd ⟩, ⟨ Ex ⟩, ⟨ a ⟩, ⟨ b ⟩ ]",HPC Only,false,https://docs.tuflow.com/classic-hpc/manual/2023-03/TCFCommands-1.html#tcfHPCWeirParameters,https://docs.tuflow.com/classic-hpc/manual/2023-03/TCFCommands-1.html
TCF,HPC Thick Weir Parameters,HPC [Thin | Thick] Weir Parameters,"[ ⟨ Cd ⟩, ⟨ Ex ⟩, ⟨ a ⟩, ⟨ b ⟩ ]",HPC Only,false,https://docs.tuflow.com/classic-hpc/manual/2023-03/TCFCommands-1.html#tcfHPCWeirParameters,https://docs.tuflow.com/classic-hpc/manual/2023-03/TCFCommands-1.html
TCF,HPC 1D Synchronisation,HPC 1D Synchronisation,[ {MAXIMISE 1D TIMESTEP} | EVERY 2D TIMESTEP] | [{10 ],HPC Only,false,https://docs.tuflow.com/classic-hpc/manual/2023-03/TCFCommands-1.html#tcfHPC1DSynchronisation,https://docs.tuflow.com/classic-hpc/manual/2023-03/TCFCommands-1.html
TCF,HPC Boundary Approach,HPC Boundary Approach,[ Method A | Method B | {Method C} ],HPC Only,false,https://docs.tuflow.com/classic-hpc/manual/2023-03/TCFCommands-1.html#tcfHPCBoundaryApproach,https://docs.tuflow.com/classic-hpc/manual/2023-03/TCFCommands-1.html
TCF,HPC Device Split,HPC Device Split,"[ ⟨ value1, value2, … ⟩ ]",HPC Only (non Quadtree),false,https://docs.tuflow.com/classic-hpc/manual/2023-03/TCFCommands-1.html#tcfHPCDeviceSplit,https://docs.tuflow.com/classic-hpc/manual/2023-03/TCFCommands-1.html
TCF,HPC DP Check,HPC DP Check,[ {ERROR} | OFF ],HPC Only,false,https://docs.tuflow.com/classic-hpc/manual/2023-03/TCFCommands-1.html#tcfHPCDPCheck,https://docs.tuflow.com/classic-hpc/manual/2023-03/TCFCommands-1.html
TCF,HPC dt Write Interval,HPC dt Write Interval,[ ⟨ number of timesteps ⟩ | {⟨ Screen/Log Display Interval ⟩} ],HPC Only,false,https://docs.tuflow.com/classic-hpc/manual/2023-03/TCFCommands-1.html#tcfHPCdtWriteInterval,https://docs.tuflow.com/classic-hpc/manual/2023-03/TCFCommands-1.html
TCF,HPC HQ Boundary Approach,HPC HQ Boundary Approach,[ CELL | {TOTAL} ],HPC Only,false,https://docs.tuflow.com/classic-hpc/manual/2023-03/TCFCommands-1.html#tcfHPCHQBoundaryApproach,https://docs.tuflow.com/classic-hpc/manual/2023-03/TCFCommands-1.html
TCF,HPC HQ Boundary Filter Constant,HPC HQ Boundary Filter Constant,[ {1} | ⟨ float ⟩ ],HPC Only,false,https://docs.tuflow.com/classic-hpc/manual/2023-03/TCFCommands-1.html#tcfHPCHQBoundaryFilterConstant,https://docs.tuflow.com/classic-hpc/manual/2023-03/TCFCommands-1.html
TCF,HPC Infiltration Drying Approach,HPC Infiltration Drying Approach,[ Method A | Method B ],HPC Only,false,https://docs.tuflow.com/classic-hpc/manual/2023-03/TCFCommands-1.html#tcfHPCInfiltrationDryingApproach,https://docs.tuflow.com/classic-hpc/manual/2023-03/TCFCommands-1.html
TCF,HPC Mannings Depth Approach,HPC Mannings Depth Approach,[ Method A | {Method B} ],HPC Only,false,https://docs.tuflow.com/classic-hpc/manual/2023-03/TCFCommands-1.html#tcfHPCManningsDepthApproach,https://docs.tuflow.com/classic-hpc/manual/2023-03/TCFCommands-1.html
TCF,HPC Restart Geometry,HPC Restart Geometry,[ Restart File | {TGC} ],HPC Only,false,https://docs.tuflow.com/classic-hpc/manual/2023-03/TCFCommands-1.html#tcfHPCRestartGeometry,https://docs.tuflow.com/classic-hpc/manual/2023-03/TCFCommands-1.html
TCF,HPC SX Momentum Approach,HPC SX Momentum Approach,[ Method A | Method B ],HPC Only,false,https://docs.tuflow.com/classic-hpc/manual/2023-03/TCFCommands-1.html#tcfHPCSXMomentumApproach,https://docs.tuflow.com/classic-hpc/manual/2023-03/TCFCommands-1.html
TCF,HPC Temporal Scheme,HPC Temporal Scheme,[ 1 | 2 | {4} ],HPC Only,false,https://docs.tuflow.com/classic-hpc/manual/2023-03/TCFCommands-1.html#tcfHPCTemporalScheme,https://docs.tuflow.com/classic-hpc/manual/2023-03/TCFCommands-1.html
TCF,HPC Weir Approach,HPC Weir Approach,[ Method A | Method B | {Method B Energy} ],HPC Only,false,https://docs.tuflow.com/classic-hpc/manual/2023-03/TCFCommands-1.html#tcfHPCWeirApproach,https://docs.tuflow.com/classic-hpc/manual/2023-03/TCFCommands-1.html
TCF,HQ Boundary Approach,HQ Boundary Approach,[ METHOD A | METHOD B | {METHOD C} ],Classic Only,false,https://docs.tuflow.com/classic-hpc/manual/2023-03/TCFCommands-1.html#tcfHQBoundaryApproach,https://docs.tuflow.com/classic-hpc/manual/2023-03/TCFCommands-1.html
TCF,HR Grid Output Cell Size,HR Grid Output Cell Size,[ <distance> ],HPC Only,false,https://docs.tuflow.com/classic-hpc/manual/2023-03/TCFCommands-1.html#tcfHRGridOutputCellSize,https://docs.tuflow.com/classic-hpc/manual/2023-03/TCFCommands-1.html
TCF,HR Grid Output Use Face Elevations,HR Grid Output Use Face Elevations,[ {ON} | OFF ],HPC Only,false,https://docs.tuflow.com/classic-hpc/manual/2023-03/TCFCommands-1.html#tcfHRGridOutputUseFaceElevations,https://docs.tuflow.com/classic-hpc/manual/2023-03/TCFCommands-1.html
TCF,HR Interpolation Approach,HR Interpolation Approach,[ Method A | Method B | Method C ],HPC Only,false,https://docs.tuflow.com/classic-hpc/manual/2023-03/TCFCommands-1.html#tcfHRInterpolationApproach,https://docs.tuflow.com/classic-hpc/manual/2023-03/TCFCommands-1.html
TCF,HR Thin Z Line Output Adjustment,HR Thin Z Line Output Adjustment,[ OFF | {ON CELL SIDES} | ON ALIGNMENT ],HPC Only,false,https://docs.tuflow.com/classic-hpc/manual/2023-03/TCFCommands-1.html#tcfHRThinZLineOutputAdjustment,https://docs.tuflow.com/classic-hpc/manual/2023-03/TCFCommands-1.html
TCF,HX Force Weir Equation,HX Force Weir Equation,[ ON | {OFF} | ⟨ value ⟩ ],Classic Only,false,https://docs.tuflow.com/classic-hpc/manual/2023-03/TCFCommands-1.html#tcfHXForceWeirEquation,https://docs.tuflow.com/classic-hpc/manual/2023-03/TCFCommands-1.html
TCF,HX ZC Check,HX ZC Check,[ {ON} | OFF ],Classic Only,false,https://docs.tuflow.com/classic-hpc/manual/2023-03/TCFCommands-1.html#tcfHXZCCheck,https://docs.tuflow.com/classic-hpc/manual/2023-03/TCFCommands-1.html
TCF,If Event,If Event,[ ⟨ e1 ⟩ | ⟨ e2 ⟩ | ⟨ e3 ⟩ | … ],Classic and HPC,false,https://docs.tuflow.com/classic-hpc/manual/2023-03/TCFCommands-1.html#tcfIfEvent,https://docs.tuflow.com/classic-hpc/manual/2023-03/TCFCommands-1.html
TCF,If Scenario,If Scenario,[ ⟨ s1 ⟩ | ⟨ s2 ⟩ | ⟨ s3 ⟩ | … ],Classic and HPC,false,https://docs.tuflow.com/classic-hpc/manual/2023-03/TCFCommands-1.html#tcfIfScenario,https://docs.tuflow.com/classic-hpc/manual/2023-03/TCFCommands-1.html
TCF,Index 1D2D Links,Index 1D2D Links,[ {ON} | OFF ],Classic and HPC,false,https://docs.tuflow.com/classic-hpc/manual/2023-03/TCFCommands-1.html#tcfIndex1D2DLinks,https://docs.tuflow.com/classic-hpc/manual/2023-03/TCFCommands-1.html
TCF,Input Drive,Input Drive,[ ⟨ drive_letter ⟩ ],Classic and HPC,false,https://docs.tuflow.com/classic-hpc/manual/2023-03/TCFCommands-1.html#tcfInputDrive,https://docs.tuflow.com/classic-hpc/manual/2023-03/TCFCommands-1.html
TCF,Inside Region,Inside Region,[ METHOD A | {METHOD B} ],Classic and HPC,true,https://docs.tuflow.com/classic-hpc/manual/2023-03/TCFCommands-1.html#tcfInsideRegion,https://docs.tuflow.com/classic-hpc/manual/2023-03/TCFCommands-1.html
TCF,Instability Water Level,Instability Water Level,[ {see_below} | ⟨ value ⟩ ],Classic Only,false,https://docs.tuflow.com/classic-hpc/manual/2023-03/TCFCommands-1.html#tcfInstabilityWaterLevel,https://docs.tuflow.com/classic-hpc/manual/2023-03/TCFCommands-1.html
TCF,Latitude,Latitude,[ {0} | ⟨ value_in_degrees_from_equator ⟩ ],Classic Only,false,https://docs.tuflow.com/classic-hpc/manual/2023-03/TCFCommands-1.html#tcfLatitude,https://docs.tuflow.com/classic-hpc/manual/2023-03/TCFCommands-1.html
TCF,Layered FLC Default Approach,Layered FLC Default Approach,[ METHOD A | {METHOD B} | METHOD C | METHOD D ],Classic and HPC,false,https://docs.tuflow.com/classic-hpc/manual/2023-03/TCFCommands-1.html#tcfLayeredFLCDefaultApproach,https://docs.tuflow.com/classic-hpc/manual/2023-03/TCFCommands-1.html
TCF,Line Cell Selection,Line Cell Selection,[ METHOD A | METHOD C | {METHOD D} ],Classic and HPC,true,https://docs.tuflow.com/classic-hpc/manual/2023-03/TCFCommands-1.html#tcfLineCellSelection,https://docs.tuflow.com/classic-hpc/manual/2023-03/TCFCommands-1.html
TCF,Link 2D2D Adjust Velocity Head,Link 2D2D Adjust Velocity Head,[ [{0} | ⟨ value ⟩ ],Classic Only,false,https://docs.tuflow.com/classic-hpc/manual/2023-03/TCFCommands-1.html#tcfLink2D2DAdjustVelocityHead,https://docs.tuflow.com/classic-hpc/manual/2023-03/TCFCommands-1.html
TCF,Link 2D2D Approach,Link 2D2D Approach,[ METHOD A | METHOD B | METHOD C | {Method D} ],Classic Only,false,https://docs.tuflow.com/classic-hpc/manual/2023-03/TCFCommands-1.html#tcfLink2D2DApproach,https://docs.tuflow.com/classic-hpc/manual/2023-03/TCFCommands-1.html
TCF,Link 2D2D Distribute Flow,Link 2D2D Distribute Flow,[ {ON} | OFF ],Classic Only,false,https://docs.tuflow.com/classic-hpc/manual/2023-03/TCFCommands-1.html#tcfLink2D2DDistributeFlow,https://docs.tuflow.com/classic-hpc/manual/2023-03/TCFCommands-1.html
TCF,Link 2D2D Global Stability Factor,Link 2D2D Global Stability Factor,[ {1.0} | ⟨ value ⟩ ],Classic Only,false,https://docs.tuflow.com/classic-hpc/manual/2023-03/TCFCommands-1.html#tcfLink2D2DGlobalStabilityFactor,https://docs.tuflow.com/classic-hpc/manual/2023-03/TCFCommands-1.html
TCF,Log Folder,Log Folder,[ ⟨ folder ⟩ ],Classic and HPC,false,https://docs.tuflow.com/classic-hpc/manual/2023-03/TCFCommands-1.html#tcfLogFolder,https://docs.tuflow.com/classic-hpc/manual/2023-03/TCFCommands-1.html
TCF,Map Cutoff Depth,Map Cutoff Depth,[ {0.0} | ⟨ value_in_m ⟩ ],Classic and HPC,false,https://docs.tuflow.com/classic-hpc/manual/2023-03/TCFCommands-1.html#tcfMapCutoffDepth,https://docs.tuflow.com/classic-hpc/manual/2023-03/TCFCommands-1.html
TCF,Map Cutoff SGS,Map Cutoff SGS,[ Average | {Exact} | Median | Minimum | Percentile ],HPC Only,true,https://docs.tuflow.com/classic-hpc/manual/2023-03/TCFCommands-1.html#tcfMapCutoffSGS,https://docs.tuflow.com/classic-hpc/manual/2023-03/TCFCommands-1.html
TCF,Map Cutoff Vector,Map Cutoff Vector,[ {ON} | OFF ],Classic and HPC,false,https://docs.tuflow.com/classic-hpc/manual/2023-03/TCFCommands-1.html#tcfMapCutoffVector,https://docs.tuflow.com/classic-hpc/manual/2023-03/TCFCommands-1.html
TCF,Map Output Corner Interpolation,Map Output Corner Interpolation,[ METHOD A | METHOD B | {METHOD C} ],Classic and HPC,true,https://docs.tuflow.com/classic-hpc/manual/2023-03/TCFCommands-1.html#tcfMapOutputCornerInterpolation,https://docs.tuflow.com/classic-hpc/manual/2023-03/TCFCommands-1.html
TCF,Map Output Data Types,Map Output Data Types,[ {h V} | ⟨ data_types ⟩ ],Classic and HPC,false,https://docs.tuflow.com/classic-hpc/manual/2023-03/TCFCommands-1.html#tcfMapOutputDataTypes,https://docs.tuflow.com/classic-hpc/manual/2023-03/TCFCommands-1.html
TCF,Map Output Entire Model,Map Output Entire Model,[ {ON} | OFF ],Classic and HPC,false,https://docs.tuflow.com/classic-hpc/manual/2023-03/TCFCommands-1.html#tcfMapOutputEntireModel,https://docs.tuflow.com/classic-hpc/manual/2023-03/TCFCommands-1.html
TCF,Map Output Format,Map Output Format,[ {XMDF} | ⟨ formats ⟩ ],Classic and HPC,false,https://docs.tuflow.com/classic-hpc/manual/2023-03/TCFCommands-1.html#tcfMapOutputFormat,https://docs.tuflow.com/classic-hpc/manual/2023-03/TCFCommands-1.html
TCF,Map Output Interval,Map Output Interval,[ ⟨ time_in_seconds ⟩ ],Classic and HPC,false,https://docs.tuflow.com/classic-hpc/manual/2023-03/TCFCommands-1.html#tcfMapOutputInterval,https://docs.tuflow.com/classic-hpc/manual/2023-03/TCFCommands-1.html
TCF,Mass Balance Corrector,Mass Balance Corrector,[ ON | {OFF} ],Classic Only,true,https://docs.tuflow.com/classic-hpc/manual/2023-03/TCFCommands-1.html#tcfMassBalanceCorrector,https://docs.tuflow.com/classic-hpc/manual/2023-03/TCFCommands-1.html
TCF,Mass Balance Output,Mass Balance Output,[ {ON} | OFF ],Classic Only,false,https://docs.tuflow.com/classic-hpc/manual/2023-03/TCFCommands-1.html#tcfMassBalanceOutput,https://docs.tuflow.com/classic-hpc/manual/2023-03/TCFCommands-1.html
TCF,Mass Balance Output Interval,Mass Balance Output Interval,[ ⟨ time_in_seconds ⟩ ],Classic and HPC,false,https://docs.tuflow.com/classic-hpc/manual/2023-03/TCFCommands-1.html#tcfMassBalanceOutputInterval,https://docs.tuflow.com/classic-hpc/manual/2023-03/TCFCommands-1.html
TCF,Maximum 1D Channels,Maximum 1D Channels,[ ⟨ mchan ⟩ | {100000} ],Classic and HPC,false,https://docs.tuflow.com/classic-hpc/manual/2023-03/TCFCommands-1.html#tcfMaximum1DChannels,https://docs.tuflow.com/classic-hpc/manual/2023-03/TCFCommands-1.html
TCF,Maximum Courant Number,Maximum Courant Number,[ ⟨ Cr_max ⟩ ],Classic Only,true,https://docs.tuflow.com/classic-hpc/manual/2023-03/TCFCommands-1.html#tcfMaxCourantNumber,https://docs.tuflow.com/classic-hpc/manual/2023-03/TCFCommands-1.html
TCF,Maximum Points,Maximum Points,[ ⟨ mp ⟩ | {500000} ],Classic and HPC,false,https://docs.tuflow.com/classic-hpc/manual/2023-03/TCFCommands-1.html#tcfMaximumPoints,https://docs.tuflow.com/classic-hpc/manual/2023-03/TCFCommands-1.html
TCF,Maximum Velocity Cutoff Depth,Maximum Velocity Cutoff Depth,[ ⟨ y ⟩ | {0.1} ],Classic and HPC,false,https://docs.tuflow.com/classic-hpc/manual/2023-03/TCFCommands-1.html#tcfMaximumVelocityCutoffDepth,https://docs.tuflow.com/classic-hpc/manual/2023-03/TCFCommands-1.html
TCF,Maximum Vertices,Maximum Vertices,[ ⟨ mp ⟩ | {100000} ],Classic and HPC,false,https://docs.tuflow.com/classic-hpc/manual/2023-03/TCFCommands-1.html#tcfMaximumVertices,https://docs.tuflow.com/classic-hpc/manual/2023-03/TCFCommands-1.html
TCF,Maximums and Minimums,Maximums and Minimums,[ ON | OFF | {ON MAXIMUMS ONLY} ],Classic and HPC,false,https://docs.tuflow.com/classic-hpc/manual/2023-03/TCFCommands-1.html#tcfMaximumsandMinimums,https://docs.tuflow.com/classic-hpc/manual/2023-03/TCFCommands-1.html
TCF,Maximums and Minimums Only for Grids,Maximums and Minimums Only for Grids,[ ON | {OFF} ],Classic and HPC,true,https://docs.tuflow.com/classic-hpc/manual/2023-03/TCFCommands-1.html#tcfMaximumsandMinimumsOnlyforGrids,https://docs.tuflow.com/classic-hpc/manual/2023-03/TCFCommands-1.html
TCF,Maximums and Minimums Time Series,Maximums and Minimums Time Series,[ {ON} | OFF ],Classic and HPC,false,https://docs.tuflow.com/classic-hpc/manual/2023-03/TCFCommands-1.html#tcfMaximumsandMinimumsTimeSeries,https://docs.tuflow.com/classic-hpc/manual/2023-03/TCFCommands-1.html
TCF,Maximums Approach,Maximums Approach,[ Method A | {Method B} ],HPC Only,true,https://docs.tuflow.com/classic-hpc/manual/2023-03/TCFCommands-1.html#tcfMaximumsApproach,https://docs.tuflow.com/classic-hpc/manual/2023-03/TCFCommands-1.html
TCF,Maximums Start Track Time,Maximums Start Track Time,[ ⟨ time in hours ⟩ ],Classic Only,false,https://docs.tuflow.com/classic-hpc/manual/2023-03/TCFCommands-1.html#tcfMaximumsStartTrackTime,https://docs.tuflow.com/classic-hpc/manual/2023-03/TCFCommands-1.html
TCF,Maximums Track Time,Maximums Track Time,[ {OFF} | ON | OFF Completely | Velocity ],Classic and HPC,false,https://docs.tuflow.com/classic-hpc/manual/2023-03/TCFCommands-1.html#tcfMaximumsTrackTime,https://docs.tuflow.com/classic-hpc/manual/2023-03/TCFCommands-1.html
TCF,Meshparts,Meshparts,[ ON | {OFF} ],Classic Only,false,https://docs.tuflow.com/classic-hpc/manual/2023-03/TCFCommands-1.html#tcfMeshparts,https://docs.tuflow.com/classic-hpc/manual/2023-03/TCFCommands-1.html
TCF,MI Projection,MI Projection,[ ⟨ .mif file ⟩ | Projection_line_from_MIF_file ⟩ ],Classic and HPC,false,https://docs.tuflow.com/classic-hpc/manual/2023-03/TCFCommands-1.html#tcfMIProjection,https://docs.tuflow.com/classic-hpc/manual/2023-03/TCFCommands-1.html
TCF,MI Projection Check Ignore Bounds,MI Projection Check Ignore Bounds,[ {OFF} | ON ],Classic and HPC,false,https://docs.tuflow.com/classic-hpc/manual/2023-03/TCFCommands-1.html#tcfMIProjectionIgnoreBounds,https://docs.tuflow.com/classic-hpc/manual/2023-03/TCFCommands-1.html
TCF,Model Events,Model Events,[ ⟨ e1 ⟩ | ⟨ e2 ⟩ | ⟨ e3 ⟩… ],Classic and HPC,false,https://docs.tuflow.com/classic-hpc/manual/2023-03/TCFCommands-1.html#tcfModelEvents,https://docs.tuflow.com/classic-hpc/manual/2023-03/TCFCommands-1.html
TCF,Model Output Zones,Model Output Zones,[ ⟨ oz_name_1 ⟩ | ⟨ oz_name_2 ⟩ | ….. ],Classic and HPC,false,https://docs.tuflow.com/classic-hpc/manual/2023-03/TCFCommands-1.html#tcfModelOutputZones,https://docs.tuflow.com/classic-hpc/manual/2023-03/TCFCommands-1.html
TCF,Model Platform,Model Platform,[ w32 | w64 ],Classic and HPC,false,https://docs.tuflow.com/classic-hpc/manual/2023-03/TCFCommands-1.html#tcfModelPlatform,https://docs.tuflow.com/classic-hpc/manual/2023-03/TCFCommands-1.html
TCF,Model Precision,Model Precision,[ SINGLE | DOUBLE ],Classic and HPC,false,https://docs.tuflow.com/classic-hpc/manual/2023-03/TCFCommands-1.html#tcfModelPrecision,https://docs.tuflow.com/classic-hpc/manual/2023-03/TCFCommands-1.html
TCF,Model Scenarios,Model Scenarios,[ ⟨ s1 ⟩ | ⟨ s2 ⟩ | ⟨ s3 ⟩ | … ],Classic and HPC,false,https://docs.tuflow.com/classic-hpc/manual/2023-03/TCFCommands-1.html#tcfModelScenarios,https://docs.tuflow.com/classic-hpc/manual/2023-03/TCFCommands-1.html
TCF,Model TUFLOW Build,Model TUFLOW Build,[ ⟨ build ⟩ ],Classic and HPC,false,https://docs.tuflow.com/classic-hpc/manual/2023-03/TCFCommands-1.html#tcfModelTUFLOWBuild,https://docs.tuflow.com/classic-hpc/manual/2023-03/TCFCommands-1.html
TCF,Model TUFLOW Release,Model TUFLOW Release,[ ⟨ release ⟩ ],Classic and HPC,false,https://docs.tuflow.com/classic-hpc/manual/2023-03/TCFCommands-1.html#tcfModelTUFLOWRelease,https://docs.tuflow.com/classic-hpc/manual/2023-03/TCFCommands-1.html
TCF,Negative Depth Approach,Negative Depth Approach,[ Method A | {Method B} ],Classic Only,true,https://docs.tuflow.com/classic-hpc/manual/2023-03/TCFCommands-1.html#tcfNegativeDepthApproach,https://docs.tuflow.com/classic-hpc/manual/2023-03/TCFCommands-1.html
TCF,NetCDF Output Compression,NetCDF Output Compression,[ OFF | {ON} | ⟨ level ⟩ ],Classic and HPC,false,https://docs.tuflow.com/classic-hpc/manual/2023-03/TCFCommands-1.html#tcfNetCDFOutputCompression,https://docs.tuflow.com/classic-hpc/manual/2023-03/TCFCommands-1.html
TCF,NetCDF Output Direction,NetCDF Output Direction,[ {ANGLE} | BEARING ],Classic and HPC,false,https://docs.tuflow.com/classic-hpc/manual/2023-03/TCFCommands-1.html#tcfNetCDFOutputDirection,https://docs.tuflow.com/classic-hpc/manual/2023-03/TCFCommands-1.html
TCF,NetCDF Output Format,NetCDF Output Format,[ {Generic} | FEWS ],Classic and HPC,false,https://docs.tuflow.com/classic-hpc/manual/2023-03/TCFCommands-1.html#tcfNetCDFOutputFormat,https://docs.tuflow.com/classic-hpc/manual/2023-03/TCFCommands-1.html
TCF,NetCDF Output Start Date,NetCDF Output Start Date,[ {2000-01-01 00:00} | OFF | ],Classic and HPC,false,https://docs.tuflow.com/classic-hpc/manual/2023-03/TCFCommands-1.html#tcfNetCDFOutputStartDate,https://docs.tuflow.com/classic-hpc/manual/2023-03/TCFCommands-1.html
TCF,NetCDF Output Time Unit,NetCDF Output Time Unit,[ DAY | {HOUR} | MINUTE ],Classic and HPC,false,https://docs.tuflow.com/classic-hpc/manual/2023-03/TCFCommands-1.html#tcfNetCDFOutputTimeUnit,https://docs.tuflow.com/classic-hpc/manual/2023-03/TCFCommands-1.html
TCF,Non-Newtonian Mixing Exponent,Non-Newtonian Mixing Exponent,"[ ⟨ float ⟩, ⟨ float ⟩, ⟨ float ⟩ | {0, 0, 0} ]",HPC Only,false,https://docs.tuflow.com/classic-hpc/manual/2023-03/TCFCommands-1.html#tcfNon-NewtonianMixingExponent,https://docs.tuflow.com/classic-hpc/manual/2023-03/TCFCommands-1.html
TCF,Null Cell Checks,Null Cell Checks,[ ON | {OFF} ],Classic Only,true,https://docs.tuflow.com/classic-hpc/manual/2023-03/TCFCommands-1.html#tcfNullCellChecks,https://docs.tuflow.com/classic-hpc/manual/2023-03/TCFCommands-1.html
TCF,Number 2D2D Link Iterations,Number 2D2D Link Iterations,[ {1} | ⟨ no_iterations ⟩ ],Classic Only,false,https://docs.tuflow.com/classic-hpc/manual/2023-03/TCFCommands-1.html#tcfNumber2D2DLinkIterations,https://docs.tuflow.com/classic-hpc/manual/2023-03/TCFCommands-1.html
TCF,Number Iterations,Number Iterations,[ {2} | ⟨ no_iterations ⟩ ],Classic Only,false,https://docs.tuflow.com/classic-hpc/manual/2023-03/TCFCommands-1.html#tcfNumberIterations,https://docs.tuflow.com/classic-hpc/manual/2023-03/TCFCommands-1.html
TCF,Output Approach,Output Approach,[ {DEFAULT 2016} | PRE 2016 ],Classic and HPC,true,https://docs.tuflow.com/classic-hpc/manual/2023-03/TCFCommands-1.html#tcfOutputApproach,https://docs.tuflow.com/classic-hpc/manual/2023-03/TCFCommands-1.html
TCF,Output Drive,Output Drive,[ ⟨ drive_letter ⟩ ],Classic and HPC,false,https://docs.tuflow.com/classic-hpc/manual/2023-03/TCFCommands-1.html#tcfOutputDrive,https://docs.tuflow.com/classic-hpc/manual/2023-03/TCFCommands-1.html
TCF,Output Files ALL,Output Files [ {ALL} | NONE | INCLUDE | EXCLUDE ],[ ⟨ output type list ⟩ ],Classic and HPC,false,https://docs.tuflow.com/classic-hpc/manual/2023-03/TCFCommands-1.html#tcfOutputFiles,https://docs.tuflow.com/classic-hpc/manual/2023-03/TCFCommands-1.html
TCF,Output Files,Output Files [ {ALL} | NONE | INCLUDE | EXCLUDE ],[ ⟨ output type list ⟩ ],Classic and HPC,false,https://docs.tuflow.com/classic-hpc/manual/2023-03/TCFCommands-1.html#tcfOutputFiles,https://docs.tuflow.com/classic-hpc/manual/2023-03/TCFCommands-1.html
TCF,Output Files NONE,Output Files [ {ALL} | NONE | INCLUDE | EXCLUDE ],[ ⟨ output type list ⟩ ],Classic and HPC,false,https://docs.tuflow.com/classic-hpc/manual/2023-03/TCFCommands-1.html#tcfOutputFiles,https://docs.tuflow.com/classic-hpc/manual/2023-03/TCFCommands-1.html
TCF,Output Files INCLUDE,Output Files [ {ALL} | NONE | INCLUDE | EXCLUDE ],[ ⟨ output type list ⟩ ],Classic and HPC,false,https://docs.tuflow.com/classic-hpc/manual/2023-03/TCFCommands-1.html#tcfOutputFiles,https://docs.tuflow.com/classic-hpc/manual/2023-03/TCFCommands-1.html
TCF,Output Files EXCLUDE,Output Files [ {ALL} | NONE | INCLUDE | EXCLUDE ],[ ⟨ output type list ⟩ ],Classic and HPC,false,https://docs.tuflow.com/classic-hpc/manual/2023-03/TCFCommands-1.html#tcfOutputFiles,https://docs.tuflow.com/classic-hpc/manual/2023-03/TCFCommands-1.html
TCF,Output Folder,Output Folder,[ ⟨ folder ⟩ ],Classic and HPC,false,https://docs.tuflow.com/classic-hpc/manual/2023-03/TCFCommands-1.html#tcfOutputFolder,https://docs.tuflow.com/classic-hpc/manual/2023-03/TCFCommands-1.html
TCF,Pause,Pause,[ ⟨ message ⟩ ],Classic and HPC,false,https://docs.tuflow.com/classic-hpc/manual/2023-03/TCFCommands-1.html#tcfPause,https://docs.tuflow.com/classic-hpc/manual/2023-03/TCFCommands-1.html
TCF,Pit Default Extrapolate Q Curve,Pit Default Extrapolate Q Curve,[ {ON} | OFF ],HPC Only,false,https://docs.tuflow.com/classic-hpc/manual/2023-03/TCFCommands-1.html#tcfPitDefaultExtrapolateQCurve,https://docs.tuflow.com/classic-hpc/manual/2023-03/TCFCommands-1.html
TCF,Pit No 1D Connection,Pit No 1D Connection,[ {CHECK} | {ERROR} ],Classic and HPC,false,https://docs.tuflow.com/classic-hpc/manual/2023-03/TCFCommands-1.html#tcfPitNo1DConnection,https://docs.tuflow.com/classic-hpc/manual/2023-03/TCFCommands-1.html
TCF,Plot Output Invalid Type,Plot Output Invalid Type,[ ERROR | {WARNING} ],Classic and HPC,false,https://docs.tuflow.com/classic-hpc/manual/2023-03/TCFCommands-1.html#tcfPlotOutputInvalidType,https://docs.tuflow.com/classic-hpc/manual/2023-03/TCFCommands-1.html
TCF,PO Approach,PO Approach,[ METHOD A | {METHOD B} ],Classic and HPC,true,https://docs.tuflow.com/classic-hpc/manual/2023-03/TCFCommands-1.html#tcfPOApproach,https://docs.tuflow.com/classic-hpc/manual/2023-03/TCFCommands-1.html
TCF,Process All Grids,Process All Grids,[ {OFF} | ON ],Classic and HPC,false,https://docs.tuflow.com/classic-hpc/manual/2023-03/TCFCommands-1.html#tcfProcessAllGrids,https://docs.tuflow.com/classic-hpc/manual/2023-03/TCFCommands-1.html
TCF,Quadtree BC Parallel Inertia Approach,Quadtree BC Parallel Inertia Approach,[ Method A | {Method B} ],HPC Only,false,https://docs.tuflow.com/classic-hpc/manual/2023-03/TCFCommands-1.html#tcfQuadtreeBCParallelInertiaApproach,https://docs.tuflow.com/classic-hpc/manual/2023-03/TCFCommands-1.html
TCF,Quadtree Control File,Quadtree Control File,[ ⟨ .qcf_file ⟩ | Single Level ],HPC Only,false,https://docs.tuflow.com/classic-hpc/manual/2023-03/TCFCommands-1.html#tcfQuadtreeControlFile,https://docs.tuflow.com/classic-hpc/manual/2023-03/TCFCommands-1.html
TCF,Rainfall Boundaries,Rainfall Boundaries,[ {STEPPED} | SMOOTHED | SMOOTHED TIME CENTRED ],Classic and HPC,false,https://docs.tuflow.com/classic-hpc/manual/2023-03/TCFCommands-1.html#tcfRainfallBoundaries,https://docs.tuflow.com/classic-hpc/manual/2023-03/TCFCommands-1.html
TCF,Rainfall Boundary Factor,Rainfall Boundary Factor,[ ⟨ value {1.0} ⟩ ],Classic and HPC,false,https://docs.tuflow.com/classic-hpc/manual/2023-03/TCFCommands-1.html#tcfRainfallBoundaryFactor,https://docs.tuflow.com/classic-hpc/manual/2023-03/TCFCommands-1.html
TCF,Rainfall Control File,Rainfall Control File,[ ⟨ .trfc_file ⟩ ],Classic and HPC,false,https://docs.tuflow.com/classic-hpc/manual/2023-03/TCFCommands-1.html#tcfRainfallControlFile,https://docs.tuflow.com/classic-hpc/manual/2023-03/TCFCommands-1.html
TCF,Rainfall Gauges,Rainfall Gauges,[ One per Cell | {Unlimited per Cell} ],Classic and HPC,false,https://docs.tuflow.com/classic-hpc/manual/2023-03/TCFCommands-1.html#tcfRainfallControlFile,https://docs.tuflow.com/classic-hpc/manual/2023-03/TCFCommands-1.html
TCF,Rainfall Null Value,Rainfall Null Value,[ {-99} | ⟨ null value ⟩ ],Classic and HPC,false,https://docs.tuflow.com/classic-hpc/manual/2023-03/TCFCommands-1.html#tcfRainfallNullValue,https://docs.tuflow.com/classic-hpc/manual/2023-03/TCFCommands-1.html
TCF,Read File,Read File,[ ⟨ file ⟩ ],Classic and HPC,false,https://docs.tuflow.com/classic-hpc/manual/2023-03/TCFCommands-1.html#tcfReadFile,https://docs.tuflow.com/classic-hpc/manual/2023-03/TCFCommands-1.html
TCF,Read GIS Auto Terminate,Read GIS Auto Terminate,[ ⟨ file ⟩ ],Classic and HPC,false,https://docs.tuflow.com/classic-hpc/manual/2023-03/TCFCommands-1.html#tcfReadGISAutoTerminate,https://docs.tuflow.com/classic-hpc/manual/2023-03/TCFCommands-1.html
TCF,Read GIS Cyclone/Hurricane,Read GIS Cyclone/Hurricane [ {} | NO PRESSURE ] [ {} | NO WIND ],[ ⟨ gis_layer ⟩ ],Classic Only,false,https://docs.tuflow.com/classic-hpc/manual/2023-03/TCFCommands-1.html#tcfReadGISCyclone,https://docs.tuflow.com/classic-hpc/manual/2023-03/TCFCommands-1.html
TCF,Read GIS Cyclone/Hurricane NO WIND,Read GIS Cyclone/Hurricane [ {} | NO PRESSURE ] [ {} | NO WIND ],[ ⟨ gis_layer ⟩ ],Classic Only,false,https://docs.tuflow.com/classic-hpc/manual/2023-03/TCFCommands-1.html#tcfReadGISCyclone,https://docs.tuflow.com/classic-hpc/manual/2023-03/TCFCommands-1.html
TCF,Read GIS Cyclone/Hurricane NO PRESSURE,Read GIS Cyclone/Hurricane [ {} | NO PRESSURE ] [ {} | NO WIND ],[ ⟨ gis_layer ⟩ ],Classic Only,false,https://docs.tuflow.com/classic-hpc/manual/2023-03/TCFCommands-1.html#tcfReadGISCyclone,https://docs.tuflow.com/classic-hpc/manual/2023-03/TCFCommands-1.html
TCF,Read GIS Cyclone/Hurricane NO PRESSURE NO WIND,Read GIS Cyclone/Hurricane [ {} | NO PRESSURE ] [ {} | NO WIND ],[ ⟨ gis_layer ⟩ ],Classic Only,false,https://docs.tuflow.com/classic-hpc/manual/2023-03/TCFCommands-1.html#tcfReadGISCyclone,https://docs.tuflow.com/classic-hpc/manual/2023-03/TCFCommands-1.html
TCF,Read GIS FC,Read GIS FC,[ ⟨ gis_layer ⟩ ],Classic Only,true,https://docs.tuflow.com/classic-hpc/manual/2023-03/TCFCommands-1.html#tcfReadGISFC,https://docs.tuflow.com/classic-hpc/manual/2023-03/TCFCommands-1.html
TCF,Read GIS GLO,Read GIS GLO,[ ⟨ gis_layer ⟩ ],Classic Only,false,https://docs.tuflow.com/classic-hpc/manual/2023-03/TCFCommands-1.html#tcfReadGISGLO,https://docs.tuflow.com/classic-hpc/manual/2023-03/TCFCommands-1.html
TCF,Read GIS IWL,Read GIS IWL,[ ⟨ gis_layer ⟩ ],Classic and HPC,false,https://docs.tuflow.com/classic-hpc/manual/2023-03/TCFCommands-1.html#tcfReadGISIWL,https://docs.tuflow.com/classic-hpc/manual/2023-03/TCFCommands-1.html
TCF,Read GIS LP,Read GIS LP,[ ⟨ gis_layer ⟩ ],Classic Only,false,https://docs.tuflow.com/classic-hpc/manual/2023-03/TCFCommands-1.html#tcfReadGISLP,https://docs.tuflow.com/classic-hpc/manual/2023-03/TCFCommands-1.html
TCF,Read GIS Output Zone,Read GIS Output Zone,[ ⟨ gis_layer ⟩ ],Classic and HPC,false,https://docs.tuflow.com/classic-hpc/manual/2023-03/TCFCommands-1.html#tcfReadGISOutputZone,https://docs.tuflow.com/classic-hpc/manual/2023-03/TCFCommands-1.html
TCF,Read GIS PO,Read GIS PO,[ ⟨ gis_layer ⟩ ],Classic and HPC,false,https://docs.tuflow.com/classic-hpc/manual/2023-03/TCFCommands-1.html#tcfReadGISPO,https://docs.tuflow.com/classic-hpc/manual/2023-03/TCFCommands-1.html
TCF,Read GIS Reporting Location,Read GIS Reporting Location,[ ⟨ gis_layer ⟩ ],Classic Only,false,https://docs.tuflow.com/classic-hpc/manual/2023-03/TCFCommands-1.html#tcfReadGISReportingLocation,https://docs.tuflow.com/classic-hpc/manual/2023-03/TCFCommands-1.html
TCF,Read GIS X1D Network,Read GIS X1D Network,[ ⟨ gis_layer ⟩ ],Classic Only,false,https://docs.tuflow.com/classic-hpc/manual/2023-03/TCFCommands-1.html#tcfReadGISX1DNetwork,https://docs.tuflow.com/classic-hpc/manual/2023-03/TCFCommands-1.html
TCF,Read GIS X1D Nodes,Read GIS X1D Nodes,[ ⟨ gis_layer ⟩ ],Classic Only,true,https://docs.tuflow.com/classic-hpc/manual/2023-03/TCFCommands-1.html#tcfReadGISX1DNodes,https://docs.tuflow.com/classic-hpc/manual/2023-03/TCFCommands-1.html
TCF,Read GIS X1D WLL,Read GIS X1D WLL,[ ⟨ gis_layer ⟩ ],Classic Only,false,https://docs.tuflow.com/classic-hpc/manual/2023-03/TCFCommands-1.html#tcfReadGISX1DWLL,https://docs.tuflow.com/classic-hpc/manual/2023-03/TCFCommands-1.html
TCF,Read GIS X1D WLL Points,Read GIS X1D WLL Points,[ ⟨ gis_layer ⟩ ],Classic Only,false,https://docs.tuflow.com/classic-hpc/manual/2023-03/TCFCommands-1.html#tcfReadGISX1DWLLPoints,https://docs.tuflow.com/classic-hpc/manual/2023-03/TCFCommands-1.html
TCF,Read Grid RF,Read Grid RF,[ ⟨ .csv_file ⟩ | ⟨ .nc_file ⟩ ],Classic and HPC,false,https://docs.tuflow.com/classic-hpc/manual/2023-03/TCFCommands-1.html#tcfReadGridRF,https://docs.tuflow.com/classic-hpc/manual/2023-03/TCFCommands-1.html
TCF,Read Materials File,Read Materials File,[ ⟨ file ⟩ | [ {1.0} | ⟨ n_factor ⟩ ],Classic and HPC,false,https://docs.tuflow.com/classic-hpc/manual/2023-03/TCFCommands-1.html#tcfReadMaterialsFile,https://docs.tuflow.com/classic-hpc/manual/2023-03/TCFCommands-1.html
TCF,Read Restart File,Read Restart File,[ ⟨ .trf_file ⟩ ],Classic and HPC,false,https://docs.tuflow.com/classic-hpc/manual/2023-03/TCFCommands-1.html#tcfReadRestartFile,https://docs.tuflow.com/classic-hpc/manual/2023-03/TCFCommands-1.html
TCF,Read RowCol IWL,Read RowCol IWL,[ ⟨ .mid_file ⟩ ],Classic and HPC,true,https://docs.tuflow.com/classic-hpc/manual/2023-03/TCFCommands-1.html#tcfReadGISDIWL,https://docs.tuflow.com/classic-hpc/manual/2023-03/TCFCommands-1.html
TCF,Read Soils File,Read Soils File,[ ⟨ file.tsoilf ⟩ ],Classic and HPC,false,https://docs.tuflow.com/classic-hpc/manual/2023-03/TCFCommands-1.html#tcfReadSoilFile,https://docs.tuflow.com/classic-hpc/manual/2023-03/TCFCommands-1.html
TCF,Recalculate Chezy Interval,Recalculate Chezy Interval,[ {0} | ⟨ timesteps ⟩ ],Classic Only,false,https://docs.tuflow.com/classic-hpc/manual/2023-03/TCFCommands-1.html#tcfRecalculateChezyInterval,https://docs.tuflow.com/classic-hpc/manual/2023-03/TCFCommands-1.html
TCF,Record Gauge Data,Record Gauge Data,[ RLP | RLL | Gauge ],Classic and HPC,false,https://docs.tuflow.com/classic-hpc/manual/2023-03/TCFCommands-1.html#tcfRecordGaugeData,https://docs.tuflow.com/classic-hpc/manual/2023-03/TCFCommands-1.html
TCF,Record Gauge Data EXCLUDE,Record Gauge Data EXCLUDE,[ RLP | RLL | Gauge ],Classic and HPC,false,https://docs.tuflow.com/classic-hpc/manual/2023-03/TCFCommands-1.html#tcfRecordGaugeDataEXCLUDE,https://docs.tuflow.com/classic-hpc/manual/2023-03/TCFCommands-1.html
TCF,Restart File Ignore Fields,Restart File Ignore Fields,[ ⟨ field ⟩ ],HPC Only,false,https://docs.tuflow.com/classic-hpc/manual/2023-03/TCFCommands-1.html#tcfRestartFileIgnoreFields,https://docs.tuflow.com/classic-hpc/manual/2023-03/TCFCommands-1.html
TCF,Reveal 1D Nodes,Reveal 1D Nodes,[ ON | {OFF} ],Classic and HPC,false,https://docs.tuflow.com/classic-hpc/manual/2023-03/TCFCommands-1.html#tcfReveal1DNodes,https://docs.tuflow.com/classic-hpc/manual/2023-03/TCFCommands-1.html
TCF,SA Minimum Depth,SA Minimum Depth,[ {-99999} | ⟨ depth in m ⟩ ],Classic and HPC,false,https://docs.tuflow.com/classic-hpc/manual/2023-03/TCFCommands-1.html#tcfSAminDepth,https://docs.tuflow.com/classic-hpc/manual/2023-03/TCFCommands-1.html
TCF,SA Proportion to Depth,SA Proportion to Depth,[ {ON} | OFF ],Classic and HPC,false,https://docs.tuflow.com/classic-hpc/manual/2023-03/TCFCommands-1.html#tcfSAPropDepth,https://docs.tuflow.com/classic-hpc/manual/2023-03/TCFCommands-1.html
TCF,Screen/Log Display Interval,Screen/Log Display Interval,[ {1} | {10} | {100} | ⟨timesteps⟩ ],Classic and HPC,false,https://docs.tuflow.com/classic-hpc/manual/2023-03/TCFCommands-1.html#tcfScreenLogDisplayInterval,https://docs.tuflow.com/classic-hpc/manual/2023-03/TCFCommands-1.html
TCF,Set Auto Terminate,Set Auto Terminate,[ ⟨ 0 ⟩ | 1 ],Classic and HPC,false,https://docs.tuflow.com/classic-hpc/manual/2023-03/TCFCommands-1.html#tcfSetAutoTerminate,https://docs.tuflow.com/classic-hpc/manual/2023-03/TCFCommands-1.html
TCF,Set IWL,Set IWL,[ ⟨ value ⟩ | AUTO | {0.0} ],Classic and HPC,false,https://docs.tuflow.com/classic-hpc/manual/2023-03/TCFCommands-1.html#tcfSetIWL,https://docs.tuflow.com/classic-hpc/manual/2023-03/TCFCommands-1.html
TCF,Set Route Cut Off Type,Set Route Cut Off Type,[ {Depth} | Velocity or V | Hazard or VxD or Z0 | Energy ],Classic Only,false,https://docs.tuflow.com/classic-hpc/manual/2023-03/TCFCommands-1.html#tcfSetRouteCutOffType,https://docs.tuflow.com/classic-hpc/manual/2023-03/TCFCommands-1.html
TCF,Set Route Cut Off Values,Set Route Cut Off Values,"[ ⟨ y1, y2, … ⟩ ]",Classic Only,false,https://docs.tuflow.com/classic-hpc/manual/2023-03/TCFCommands-1.html#tcfSetRouteCutOffValues,https://docs.tuflow.com/classic-hpc/manual/2023-03/TCFCommands-1.html
TCF,Set Variable,Set Variable,[ ⟨ value ⟩ ],Classic and HPC,false,https://docs.tuflow.com/classic-hpc/manual/2023-03/TCFCommands-1.html#tcfSetVariable,https://docs.tuflow.com/classic-hpc/manual/2023-03/TCFCommands-1.html
TCF,SGS,SGS,[ ON | {OFF} ],HPC Only,false,https://docs.tuflow.com/classic-hpc/manual/2023-03/TCFCommands-1.html#tcfSGS,https://docs.tuflow.com/classic-hpc/manual/2023-03/TCFCommands-1.html
TCF,SGS Approach,SGS Approach,[ Method B | {Method C} ],HPC Only,false,https://docs.tuflow.com/classic-hpc/manual/2023-03/TCFCommands-1.html#tcfSGSApproach,https://docs.tuflow.com/classic-hpc/manual/2023-03/TCFCommands-1.html
TCF,SGS Breakline Detection Delta,SGS Breakline Detection Delta,[ ⟨ maximum delta value ⟩ ],HPC Only,false,https://docs.tuflow.com/classic-hpc/manual/2023-03/TCFCommands-1.html#tcfSGSBreaklineDetectionDelta,https://docs.tuflow.com/classic-hpc/manual/2023-03/TCFCommands-1.html
TCF,SGS Depth Output,SGS Depth Output,[ EXACT | {CELL AVERAGE} | MEAN | MEDIAN | MINIMUM | PERCENTILE ],HPC Only,false,https://docs.tuflow.com/classic-hpc/manual/2023-03/TCFCommands-1.html#tcfSGSDepthOutput,https://docs.tuflow.com/classic-hpc/manual/2023-03/TCFCommands-1.html
TCF,SGS Infiltration Approach,SGS Infiltration Approach,[ {AUTO} | TOTAL AREA | WETTED AREA ],HPC Only,false,https://docs.tuflow.com/classic-hpc/manual/2023-03/TCFCommands-1.html#tcfSGSInfiltrationApproach,https://docs.tuflow.com/classic-hpc/manual/2023-03/TCFCommands-1.html
TCF,SGS Map Extent ⟨ Full or Trim ⟩,SGS Map Extent ⟨ Full or Trim ⟩,[ ⟨ map data types ⟩ | {ALL} ],HPC Only,false,https://docs.tuflow.com/classic-hpc/manual/2023-03/TCFCommands-1.html#tcfSGSMapExtent,https://docs.tuflow.com/classic-hpc/manual/2023-03/TCFCommands-1.html
TCF,SGS Materials,SGS Materials,[ {OFF} | ON ],HPC Only,true,https://docs.tuflow.com/classic-hpc/manual/2023-03/TCFCommands-1.html#tcfSGSMaterials,https://docs.tuflow.com/classic-hpc/manual/2023-03/TCFCommands-1.html
TCF,SGS Max Sample Frequency,SGS Max Sample Frequency,[ ⟨ maximum frequency ⟩ ],HPC Only,false,https://docs.tuflow.com/classic-hpc/manual/2023-03/TCFCommands-1.html#tcfSGSMaxSampleFrequency,https://docs.tuflow.com/classic-hpc/manual/2023-03/TCFCommands-1.html
TCF,SGS Negative Rainfall Approach,SGS Negative Rainfall Approach,[ TOTAL AREA | {WETTED AREA} ],HPC Only,false,https://docs.tuflow.com/classic-hpc/manual/2023-03/TCFCommands-1.html#tcfSGSNegativeRainfallApproach,https://docs.tuflow.com/classic-hpc/manual/2023-03/TCFCommands-1.html
TCF,SGS Sample Frequency,SGS Sample Frequency,[ ⟨ frequency ⟩ ],HPC Only,false,https://docs.tuflow.com/classic-hpc/manual/2023-03/TCFCommands-1.html#tcfSGSSampleFrequency,https://docs.tuflow.com/classic-hpc/manual/2023-03/TCFCommands-1.html
TCF,SGS Sample Target Distance,SGS Sample Target Distance,[ ⟨ distance⟩ ],HPC Only,false,https://docs.tuflow.com/classic-hpc/manual/2023-03/TCFCommands-1.html#tcfSGSSampleTargetDistance,https://docs.tuflow.com/classic-hpc/manual/2023-03/TCFCommands-1.html
TCF,SGS SX Z Flag Approach,SGS SX Z Flag Approach,[ Method A | {Method B} ],HPC Only,false,https://docs.tuflow.com/classic-hpc/manual/2023-03/TCFCommands-1.html#tcfSGSSXZFlagApproach,https://docs.tuflow.com/classic-hpc/manual/2023-03/TCFCommands-1.html
TCF,SGS TIN Memory Allocation Factor,SGS TIN Memory Allocation Factor,[ {1.02} | ⟨ value ⟩ ],HPC Only,false,https://docs.tuflow.com/classic-hpc/manual/2023-03/TCFCommands-1.html#tcfSGSTINMemoryAllocationFactor,https://docs.tuflow.com/classic-hpc/manual/2023-03/TCFCommands-1.html
TCF,SGS Velocity Based Outputs,SGS Velocity Based Outputs,[ {CELL AVERAGE DEPTH} | SGS DEPTH OUTPUT ],HPC Only,false,https://docs.tuflow.com/classic-hpc/manual/2023-03/TCFCommands-1.html#tcfSGSVelocityBasedOutputs,https://docs.tuflow.com/classic-hpc/manual/2023-03/TCFCommands-1.html
TCF,SGS Z Shape Line Approach,SGS Z Shape Line Approach,[ Method A | {Method B} ],HPC Only,false,https://docs.tuflow.com/classic-hpc/manual/2023-03/TCFCommands-1.html#tcfSGSZShapeLineApproach,https://docs.tuflow.com/classic-hpc/manual/2023-03/TCFCommands-1.html
TCF,SGS ZH Sample Ratio,SGS ZH Sample Ratio,[ ⟨ ratio ⟩ | {1} ],HPC Only,false,https://docs.tuflow.com/classic-hpc/manual/2023-03/TCFCommands-1.html#tcfSGSZHSampleRatio,https://docs.tuflow.com/classic-hpc/manual/2023-03/TCFCommands-1.html
TCF,SGS Zpt MAX/MIN Approach,SGS Zpt MAX/MIN Approach,[ IGNORE | {MINIMUM} | MEDIAN | CENTRE ],HPC Only,true,https://docs.tuflow.com/classic-hpc/manual/2023-03/TCFCommands-1.html#tcfSGSZptMAX/MINApproach,https://docs.tuflow.com/classic-hpc/manual/2023-03/TCFCommands-1.html
TCF,Shallow Depth Stability Factor,Shallow Depth Stability Factor,[ ⟨ SF ⟩ ],Classic Only,true,https://docs.tuflow.com/classic-hpc/manual/2023-03/TCFCommands-1.html#tcfShallowDepthStabilityFactor,https://docs.tuflow.com/classic-hpc/manual/2023-03/TCFCommands-1.html
TCF,SHP Projection,SHP Projection,[ ⟨ SF ⟩ ],Classic and HPC,false,https://docs.tuflow.com/classic-hpc/manual/2023-03/TCFCommands-1.html#tcfSHPProjection,https://docs.tuflow.com/classic-hpc/manual/2023-03/TCFCommands-1.html
TCF,SHP Projection Check Method,SHP Projection Check Method,[ SIMPLE | {PARSED} ],Classic and HPC,false,https://docs.tuflow.com/classic-hpc/manual/2023-03/TCFCommands-1.html#tcfSHPProjectionCheckMethod,https://docs.tuflow.com/classic-hpc/manual/2023-03/TCFCommands-1.html
TCF,Simulations Log Folder,Simulations Log Folder,[ ⟨ folder ⟩ | Do Not Use ],Classic and HPC,false,https://docs.tuflow.com/classic-hpc/manual/2023-03/TCFCommands-1.html#tcfSimulationsLogFolder,https://docs.tuflow.com/classic-hpc/manual/2023-03/TCFCommands-1.html
TCF,Simulation Pause Interval,Simulation Pause Interval,[ ⟨ Time interval in hours ⟩ ],Classic and HPC,false,https://docs.tuflow.com/classic-hpc/manual/2023-03/TCFCommands-1.html#tcfSimulationPauseInterval,https://docs.tuflow.com/classic-hpc/manual/2023-03/TCFCommands-1.html
TCF,Simulation Pause Start,Simulation Pause Start,[ ⟨ Model time in hours ⟩ ],Classic and HPC,false,https://docs.tuflow.com/classic-hpc/manual/2023-03/TCFCommands-1.html#tcfSimulationPauseStart,https://docs.tuflow.com/classic-hpc/manual/2023-03/TCFCommands-1.html
TCF,Snap Tolerance,Snap Tolerance,[ {0.001} | ⟨ snap_distance ⟩ ],Classic and HPC,false,https://docs.tuflow.com/classic-hpc/manual/2023-03/TCFCommands-1.html#tcfSnapTolerance,https://docs.tuflow.com/classic-hpc/manual/2023-03/TCFCommands-1.html
TCF,Soil Initial Loss,Soil Initial Loss,[ {Ignore Material Impervious} | Use Material Impervious ],Classic and HPC,false,https://docs.tuflow.com/classic-hpc/manual/2023-03/TCFCommands-1.html#tcfSoilInitialLoss,https://docs.tuflow.com/classic-hpc/manual/2023-03/TCFCommands-1.html
TCF,Soil Negative Rainfall Approach,Soil Negative Rainfall Approach,[ {None} | Factor ],HPC Only,false,https://docs.tuflow.com/classic-hpc/manual/2023-03/TCFCommands-1.html#tcfSoilNegativeRainfallApproach,https://docs.tuflow.com/classic-hpc/manual/2023-03/TCFCommands-1.html
TCF,Soil Negative Rainfall Factor,Soil Negative Rainfall Factor,[ ⟨ factor ⟩ | {1} ],HPC Only,false,https://docs.tuflow.com/classic-hpc/manual/2023-03/TCFCommands-1.html#tcfSoilNegativeRainfallFactor,https://docs.tuflow.com/classic-hpc/manual/2023-03/TCFCommands-1.html
TCF,Solution Scheme,Solution Scheme,[ {CLASSIC} | HPC | HPC 1st ],Classic and HPC,false,https://docs.tuflow.com/classic-hpc/manual/2023-03/TCFCommands-1.html#tcfSolutionScheme,https://docs.tuflow.com/classic-hpc/manual/2023-03/TCFCommands-1.html
TCF,Spatial Database,Spatial Database,[ ⟨ GPKG database ⟩ ],Classic and HPC,false,https://docs.tuflow.com/classic-hpc/manual/2023-03/TCFCommands-1.html#tcfSpatialDatabase,https://docs.tuflow.com/classic-hpc/manual/2023-03/TCFCommands-1.html
TCF,Spatial Database Output,Spatial Database Output,[ SEPARATE | {GROUPED} ],Classic and HPC,false,https://docs.tuflow.com/classic-hpc/manual/2023-03/TCFCommands-1.html#tcfSpatialDatabaseOutput,https://docs.tuflow.com/classic-hpc/manual/2023-03/TCFCommands-1.html
TCF,Start 1D Domain,Start 1D Domain,,Classic and HPC,false,https://docs.tuflow.com/classic-hpc/manual/2023-03/TCFCommands-1.html#tcfStart1DDomain,https://docs.tuflow.com/classic-hpc/manual/2023-03/TCFCommands-1.html
TCF,Start 2D Domain,Start 2D Domain,[ {} | ⟨ 2d_domain_name ⟩ ],Classic Only,false,https://docs.tuflow.com/classic-hpc/manual/2023-03/TCFCommands-1.html#tcfStart2DDomain,https://docs.tuflow.com/classic-hpc/manual/2023-03/TCFCommands-1.html
TCF,Start Map Output,Start Map Output,[ ⟨ time_in_hours ⟩ ],Classic and HPC,false,https://docs.tuflow.com/classic-hpc/manual/2023-03/TCFCommands-1.html#tcfStartMapOutput,https://docs.tuflow.com/classic-hpc/manual/2023-03/TCFCommands-1.html
TCF,Start Time,Start Time,[ ⟨ time_in_hours ⟩ ],Classic Only,false,https://docs.tuflow.com/classic-hpc/manual/2023-03/TCFCommands-1.html#tcfStartTime,https://docs.tuflow.com/classic-hpc/manual/2023-03/TCFCommands-1.html
TCF,Start Time Series Output,Start Time Series Output,[ ⟨ time_in_hours ⟩ ],Classic and HPC,false,https://docs.tuflow.com/classic-hpc/manual/2023-03/TCFCommands-1.html#tcfStartTimeSeriesOutput,https://docs.tuflow.com/classic-hpc/manual/2023-03/TCFCommands-1.html
TCF,Supercritical,Supercritical,[ {ON} | OFF | PRE 2002-11-AD ],Classic Only,false,https://docs.tuflow.com/classic-hpc/manual/2023-03/TCFCommands-1.html#tcfSupercritical,https://docs.tuflow.com/classic-hpc/manual/2023-03/TCFCommands-1.html
TCF,SWMM Control File,SWMM Control File,[ ⟨ .tscf_file ⟩ ],Classic and HPC,false,https://docs.tuflow.com/classic-hpc/manual/2023-03/TCFCommands-1.html#tcfSWMMControlFile,https://docs.tuflow.com/classic-hpc/manual/2023-03/TCFCommands-1.html
TCF,SX Flow Distribution Cutoff Depth,SX Flow Distribution Cutoff Depth,[ {AUTO} | ⟨ depth_m ⟩ ],Classic and HPC,true,https://docs.tuflow.com/classic-hpc/manual/2023-03/TCFCommands-1.html#tcfSXFlowDist,https://docs.tuflow.com/classic-hpc/manual/2023-03/TCFCommands-1.html
TCF,SX FMP Unit Type Error,SX FMP Unit Type Error,[ {ON} | Off ],Classic and HPC,false,https://docs.tuflow.com/classic-hpc/manual/2023-03/TCFCommands-1.html#tcfSXFMPUnitTypeError,https://docs.tuflow.com/classic-hpc/manual/2023-03/TCFCommands-1.html
TCF,SX Head Adjustment,SX Head Adjustment,[ ON | {OFF} ],Classic and HPC,false,https://docs.tuflow.com/classic-hpc/manual/2023-03/TCFCommands-1.html#tcfSXHeadAdjustment,https://docs.tuflow.com/classic-hpc/manual/2023-03/TCFCommands-1.html
TCF,SX Head Distribution Cutoff Depth,SX Head Distribution Cutoff Depth,[ {AUTO} | ⟨ depth_m ⟩ ],Classic and HPC,false,https://docs.tuflow.com/classic-hpc/manual/2023-03/TCFCommands-1.html#tcfSXHeadDistributionCutoffDepth,https://docs.tuflow.com/classic-hpc/manual/2023-03/TCFCommands-1.html
TCF,SX Storage Approach,SX Storage Approach,[ {1D NODE AVERAGE} | Cell Only ],Classic and HPC,true,https://docs.tuflow.com/classic-hpc/manual/2023-03/TCFCommands-1.html#tcfSXStorageApproach,https://docs.tuflow.com/classic-hpc/manual/2023-03/TCFCommands-1.html
TCF,SX Storage Factor,SX Storage Factor,"[ {1.0, 20.0} | ⟨ sxs_factor ⟩, ⟨ sxs_limits ⟩ ]",Classic and HPC,false,https://docs.tuflow.com/classic-hpc/manual/2023-03/TCFCommands-1.html#tcfSXStorageFactor,https://docs.tuflow.com/classic-hpc/manual/2023-03/TCFCommands-1.html
TCF,SX ZC Check,SX ZC Check,[ {ON} | OFF | ⟨ dZ_limit_in_m ⟩ ],Classic and HPC,false,https://docs.tuflow.com/classic-hpc/manual/2023-03/TCFCommands-1.html#tcfSXZCCheck,https://docs.tuflow.com/classic-hpc/manual/2023-03/TCFCommands-1.html
TCF,TIF Compression,TIF Compression,[ NONE | LZW | {DEFLATE} ],Classic and HPC,false,https://docs.tuflow.com/classic-hpc/manual/2023-03/TCFCommands-1.html#tcfTIFCompression,https://docs.tuflow.com/classic-hpc/manual/2023-03/TCFCommands-1.html
TCF,TIF Compression Predictor,TIF Compression Predictor,[ NONE | {Horizontal Differencing} ],Classic and HPC,false,https://docs.tuflow.com/classic-hpc/manual/2023-03/TCFCommands-1.html#tcfTIFCompressionPredictor,https://docs.tuflow.com/classic-hpc/manual/2023-03/TCFCommands-1.html
TCF,TIF Projection,TIF Projection,[ /path/to/geotiff ],Classic and HPC,false,https://docs.tuflow.com/classic-hpc/manual/2023-03/TCFCommands-1.html#tcfTIFProjection,https://docs.tuflow.com/classic-hpc/manual/2023-03/TCFCommands-1.html
TCF,Time Output Corner Interpolation,Time Output Corner Interpolation,[ {VALUE | ⟨ user specified value ⟩} | WET | START | ⟨ Offset ⟩ ],Classic and HPC,false,https://docs.tuflow.com/classic-hpc/manual/2023-03/TCFCommands-1.html#tcfTimeOutputCornerInterpolation,https://docs.tuflow.com/classic-hpc/manual/2023-03/TCFCommands-1.html
TCF,Time Output Cutoff Depths,Time Output Cutoff [Depths | VxD | ⟨Hazard⟩ ],"[ [ {OFF} | ⟨ v1, v2, … ⟩ ]",Classic and HPC,false,https://docs.tuflow.com/classic-hpc/manual/2023-03/TCFCommands-1.html#tcfTimeOutputCutoff,https://docs.tuflow.com/classic-hpc/manual/2023-03/TCFCommands-1.html
TCF,Time Output Cutoff VxD,Time Output Cutoff [Depths | VxD | ⟨Hazard⟩ ],"[ [ {OFF} | ⟨ v1, v2, … ⟩ ]",Classic and HPC,false,https://docs.tuflow.com/classic-hpc/manual/2023-03/TCFCommands-1.html#tcfTimeOutputCutoff,https://docs.tuflow.com/classic-hpc/manual/2023-03/TCFCommands-1.html
TCF,Time Output Cutoff ⟨Hazard⟩,Time Output Cutoff [Depths | VxD | ⟨Hazard⟩ ],"[ [ {OFF} | ⟨ v1, v2, … ⟩ ]",Classic and HPC,false,https://docs.tuflow.com/classic-hpc/manual/2023-03/TCFCommands-1.html#tcfTimeOutputCutoff,https://docs.tuflow.com/classic-hpc/manual/2023-03/TCFCommands-1.html
TCF,Time Series Null Value,Time Series Null Value,[ {cell elevation} | ⟨ null value ⟩ ],Classic and HPC,false,https://docs.tuflow.com/classic-hpc/manual/2023-03/TCFCommands-1.html#tcfTimeSeriesNullValue,https://docs.tuflow.com/classic-hpc/manual/2023-03/TCFCommands-1.html
TCF,Time Series Output Format,Time Series Output Format,[ {csv} | NC ],Classic and HPC,false,https://docs.tuflow.com/classic-hpc/manual/2023-03/TCFCommands-1.html#tcfTimeSeriesOutputFormat,https://docs.tuflow.com/classic-hpc/manual/2023-03/TCFCommands-1.html
TCF,Time Series Output Interval,Time Series Output Interval,[ ⟨ time_in_seconds ⟩ ],Classic and HPC,false,https://docs.tuflow.com/classic-hpc/manual/2023-03/TCFCommands-1.html#tcfTimeSeriesOutputInterval,https://docs.tuflow.com/classic-hpc/manual/2023-03/TCFCommands-1.html
TCF,Timestep,Timestep,[ {1.0} | ⟨ timestep_in_seconds ⟩ ],Classic and HPC,false,https://docs.tuflow.com/classic-hpc/manual/2023-03/TCFCommands-1.html#tcfTimestep,https://docs.tuflow.com/classic-hpc/manual/2023-03/TCFCommands-1.html
TCF,Timestep Initial,Timestep Initial,[ ⟨ initial timestep_in_seconds ⟩ ],HPC Only,false,https://docs.tuflow.com/classic-hpc/manual/2023-03/TCFCommands-1.html#tcfTimestepInitial,https://docs.tuflow.com/classic-hpc/manual/2023-03/TCFCommands-1.html
TCF,Timestep Maximum,Timestep Maximum,[ {Auto} | ⟨ <max>,HPC Only,false,https://docs.tuflow.com/classic-hpc/manual/2023-03/TCFCommands-1.html#tcfTimestepMaximum,https://docs.tuflow.com/classic-hpc/manual/2023-03/TCFCommands-1.html
TCF,Timestep Maximum Increase (%),Timestep Maximum Increase (%),[ {0.5} | ⟨ value_as_a_% ⟩ ],Classic Only,true,https://docs.tuflow.com/classic-hpc/manual/2023-03/TCFCommands-1.html#tcfTimestepMaxInc,https://docs.tuflow.com/classic-hpc/manual/2023-03/TCFCommands-1.html
TCF,Timestep Minimum,Timestep Minimum,[ {AUTO } | ⟨ minimun timestep (seconds) ⟩ ],HPC Only,false,https://docs.tuflow.com/classic-hpc/manual/2023-03/TCFCommands-1.html#tcfTimestepMinimum,https://docs.tuflow.com/classic-hpc/manual/2023-03/TCFCommands-1.html
TCF,Timestep Repeats,Timestep Repeats,[ {10 } | ⟨ n_allowed_repeats ⟩ ],HPC Only,false,https://docs.tuflow.com/classic-hpc/manual/2023-03/TCFCommands-1.html#tcfTimestepMinimum,https://docs.tuflow.com/classic-hpc/manual/2023-03/TCFCommands-1.html
TCF,TSF Update Interval,TSF Update Interval,[ {0} | ⟨ interval_in_sec ⟩ ],Classic Only,false,https://docs.tuflow.com/classic-hpc/manual/2023-03/TCFCommands-1.html#tcfTSFUpdateInterval,https://docs.tuflow.com/classic-hpc/manual/2023-03/TCFCommands-1.html
TCF,Tutorial Model,Tutorial Model,[ ON | {OFF} ],Classic and HPC,false,https://docs.tuflow.com/classic-hpc/manual/2023-03/TCFCommands-1.html#tcfTutorialModel,https://docs.tuflow.com/classic-hpc/manual/2023-03/TCFCommands-1.html
TCF,UK Hazard Debris Factor,UK Hazard Debris Factor,[ ⟨ DF ⟩ | {1} ],Classic and HPC,false,https://docs.tuflow.com/classic-hpc/manual/2023-03/TCFCommands-1.html#tcfUKHazardDebrisFactor,https://docs.tuflow.com/classic-hpc/manual/2023-03/TCFCommands-1.html
TCF,UK Hazard Formula,UK Hazard Formula,[ [ D(V+1.5) | {D(V+0.5)+DF} ],Classic and HPC,false,https://docs.tuflow.com/classic-hpc/manual/2023-03/TCFCommands-1.html#tcfUKHazardFormula,https://docs.tuflow.com/classic-hpc/manual/2023-03/TCFCommands-1.html
TCF,UK Hazard Land Use,UK Hazard Land Use,[ PASTURE | WOODLAND | URBAN | {CONSERVATIVE} | NOT SET ],Classic and HPC,false,https://docs.tuflow.com/classic-hpc/manual/2023-03/TCFCommands-1.html#tcfUKHazardLandUse,https://docs.tuflow.com/classic-hpc/manual/2023-03/TCFCommands-1.html
TCF,Units,Units,[ {METRIC} | ENGLISH | IMPERIAL | US Customary ],Classic and HPC,false,https://docs.tuflow.com/classic-hpc/manual/2023-03/TCFCommands-1.html#tcfUnits,https://docs.tuflow.com/classic-hpc/manual/2023-03/TCFCommands-1.html
TCF,Unused HX and SX Connections,Unused HX and SX Connections,[ {ERROR} | WARNING ],Classic and HPC,false,https://docs.tuflow.com/classic-hpc/manual/2023-03/TCFCommands-1.html#tcfUnusedHXandSXConnections,https://docs.tuflow.com/classic-hpc/manual/2023-03/TCFCommands-1.html
TCF,Use Forward Slash,Use Forward Slash,[ ON | {OFF} ],Classic and HPC,false,https://docs.tuflow.com/classic-hpc/manual/2023-03/TCFCommands-1.html#tcfUseForwardSlash,https://docs.tuflow.com/classic-hpc/manual/2023-03/TCFCommands-1.html
TCF,Verbose,Verbose,[ ON | OFF | {LOW} | HIGH ],Classic and HPC,false,https://docs.tuflow.com/classic-hpc/manual/2023-03/TCFCommands-1.html#tcfVerbose,https://docs.tuflow.com/classic-hpc/manual/2023-03/TCFCommands-1.html
TCF,VG Z Adjustment,VG Z Adjustment,[ {MAX ZC} | ZC | ZH ],Classic Only,false,https://docs.tuflow.com/classic-hpc/manual/2023-03/TCFCommands-1.html#tcfVGZAdjustment,https://docs.tuflow.com/classic-hpc/manual/2023-03/TCFCommands-1.html
TCF,Viscosity Approach,Viscosity Approach,[ Method A | {Method B} ],HPC Only,false,https://docs.tuflow.com/classic-hpc/manual/2023-03/TCFCommands-1.html#tcfViscosityApproach,https://docs.tuflow.com/classic-hpc/manual/2023-03/TCFCommands-1.html
TCF,Viscosity Coefficient,Viscosity Coefficient,"[ ⟨ value1, value2, … ⟩ ]",Classic and HPC,false,https://docs.tuflow.com/classic-hpc/manual/2023-03/TCFCommands-1.html#tcfViscosityCoefficient,https://docs.tuflow.com/classic-hpc/manual/2023-03/TCFCommands-1.html
TCF,Viscosity Formulation,Viscosity Formulation,[ CONSTANT | SMAGORINSKY | WU | NONNEWTONIAN ],Classic and HPC,false,https://docs.tuflow.com/classic-hpc/manual/2023-03/TCFCommands-1.html#tcfViscosityFormulation,https://docs.tuflow.com/classic-hpc/manual/2023-03/TCFCommands-1.html
TCF,Water Level Checks,Water Level Checks,[ {ON} | OFF ],Classic Only,false,https://docs.tuflow.com/classic-hpc/manual/2023-03/TCFCommands-1.html#tcfWaterLevelChecks,https://docs.tuflow.com/classic-hpc/manual/2023-03/TCFCommands-1.html
TCF,Wetting and Drying,Wetting and Drying,[ {ON METHOD B} | ON | ON NO SIDE CHECKS | OFF ],Classic Only,true,https://docs.tuflow.com/classic-hpc/manual/2023-03/TCFCommands-1.html#tcfWettingandDrying,https://docs.tuflow.com/classic-hpc/manual/2023-03/TCFCommands-1.html
TCF,WIBU FIRM Code Search Order,WIBU FIRM Code Search Order,[ ⟨ list of firm codes ⟩ ],Classic and HPC,false,https://docs.tuflow.com/classic-hpc/manual/2023-03/TCFCommands-1.html#tcfWIBUFIRMCodeSearchOrder,https://docs.tuflow.com/classic-hpc/manual/2023-03/TCFCommands-1.html
TCF,Wind/Wave Shallow Depths,Wind/Wave Shallow Depths,"[ {0.2, 1.0} | ⟨ y1, y2 ⟩ ]",Classic Only,false,https://docs.tuflow.com/classic-hpc/manual/2023-03/TCFCommands-1.html#tcfWindWaveShallowDepths,https://docs.tuflow.com/classic-hpc/manual/2023-03/TCFCommands-1.html
TCF,Write Check Files ALL,Write Check Files [ {ALL} | NONE | INCLUDE | EXCLUDE ],[ ⟨ prefix_list_or_file_prefix ⟩ ],Classic and HPC,false,https://docs.tuflow.com/classic-hpc/manual/2023-03/TCFCommands-1.html#tcfWriteCheckFiles,https://docs.tuflow.com/classic-hpc/manual/2023-03/TCFCommands-1.html
TCF,Write Check Files,Write Check Files [ {ALL} | NONE | INCLUDE | EXCLUDE ],[ ⟨ prefix_list_or_file_prefix ⟩ ],Classic and HPC,false,https://docs.tuflow.com/classic-hpc/manual/2023-03/TCFCommands-1.html#tcfWriteCheckFiles,https://docs.tuflow.com/classic-hpc/manual/2023-03/TCFCommands-1.html
TCF,Write Check Files NONE,Write Check Files [ {ALL} | NONE | INCLUDE | EXCLUDE ],[ ⟨ prefix_list_or_file_prefix ⟩ ],Classic and HPC,false,https://docs.tuflow.com/classic-hpc/manual/2023-03/TCFCommands-1.html#tcfWriteCheckFiles,https://docs.tuflow.com/classic-hpc/manual/2023-03/TCFCommands-1.html
TCF,Write Check Files INCLUDE,Write Check Files [ {ALL} | NONE | INCLUDE | EXCLUDE ],[ ⟨ prefix_list_or_file_prefix ⟩ ],Classic and HPC,false,https://docs.tuflow.com/classic-hpc/manual/2023-03/TCFCommands-1.html#tcfWriteCheckFiles,https://docs.tuflow.com/classic-hpc/manual/2023-03/TCFCommands-1.html
TCF,Write Check Files EXCLUDE,Write Check Files [ {ALL} | NONE | INCLUDE | EXCLUDE ],[ ⟨ prefix_list_or_file_prefix ⟩ ],Classic and HPC,false,https://docs.tuflow.com/classic-hpc/manual/2023-03/TCFCommands-1.html#tcfWriteCheckFiles,https://docs.tuflow.com/classic-hpc/manual/2023-03/TCFCommands-1.html
TCF,Write Empty GIS Files,Write Empty GIS Files,[ {} | ⟨ folder ⟩ | ⟨ file_format ⟩ ],Classic and HPC,false,https://docs.tuflow.com/classic-hpc/manual/2023-03/TCFCommands-1.html#tcfWriteEmptyGISFiles,https://docs.tuflow.com/classic-hpc/manual/2023-03/TCFCommands-1.html
TCF,Write PO Online,Write PO Online,[ ON | {OFF} ],Classic and HPC,false,https://docs.tuflow.com/classic-hpc/manual/2023-03/TCFCommands-1.html#tcfWritePOOnline,https://docs.tuflow.com/classic-hpc/manual/2023-03/TCFCommands-1.html
TCF,Write Restart File at Time,Write Restart File at Time,[ ⟨ time_in_hours ⟩ ],Classic and HPC,false,https://docs.tuflow.com/classic-hpc/manual/2023-03/TCFCommands-1.html#tcfWriteRestartFileatTime,https://docs.tuflow.com/classic-hpc/manual/2023-03/TCFCommands-1.html
TCF,Write Restart File Interval,Write Restart File Interval,[ {0} | ⟨ interval_in_hours ⟩ ],Classic and HPC,false,https://docs.tuflow.com/classic-hpc/manual/2023-03/TCFCommands-1.html#tcfWriteRestartFileInterval,https://docs.tuflow.com/classic-hpc/manual/2023-03/TCFCommands-1.html
TCF,Write Restart File Version,Write Restart File Version,[ 2 ],Classic and HPC,false,https://docs.tuflow.com/classic-hpc/manual/2023-03/TCFCommands-1.html#tcfWriteRestartFileVersion,https://docs.tuflow.com/classic-hpc/manual/2023-03/TCFCommands-1.html
TCF,Write Restart Filename,Write Restart Filename,[ {INCLUDE TIME} | OVERWRITE ],Classic and HPC,false,https://docs.tuflow.com/classic-hpc/manual/2023-03/TCFCommands-1.html#tcfWriteRestartFilename,https://docs.tuflow.com/classic-hpc/manual/2023-03/TCFCommands-1.html
TCF,Write X1D Check Files,Write X1D Check Files,[ ON | {OFF} ],Classic and HPC,false,https://docs.tuflow.com/classic-hpc/manual/2023-03/TCFCommands-1.html#tcfWriteX1DCheckFiles,https://docs.tuflow.com/classic-hpc/manual/2023-03/TCFCommands-1.html
TCF,XF Files,XF Files,[ {ON} | OFF ],Classic and HPC,false,https://docs.tuflow.com/classic-hpc/manual/2023-03/TCFCommands-1.html#tcfXFFiles,https://docs.tuflow.com/classic-hpc/manual/2023-03/TCFCommands-1.html
TCF,XF Files Boundaries,XF Files Boundaries,[ {ON} | OFF ],Classic and HPC,false,https://docs.tuflow.com/classic-hpc/manual/2023-03/TCFCommands-1.html#tcfXFFilesBoundaries,https://docs.tuflow.com/classic-hpc/manual/2023-03/TCFCommands-1.html
TCF,XF Files Include in Filename,XF Files Include in Filename,[ ⟨ text ⟩ ],Classic and HPC,false,https://docs.tuflow.com/classic-hpc/manual/2023-03/TCFCommands-1.html#tcfXFFilesIncludeinFilename,https://docs.tuflow.com/classic-hpc/manual/2023-03/TCFCommands-1.html
TCF,XMDF Output Compression,XMDF Output Compression,[ {ON} | OFF | ⟨ level ⟩ ],Classic and HPC,false,https://docs.tuflow.com/classic-hpc/manual/2023-03/TCFCommands-1.html#tcfXMDFOutputCompression,https://docs.tuflow.com/classic-hpc/manual/2023-03/TCFCommands-1.html
TCF,Zero Negative Depths,Zero Negative Depths,[ {ON} | OFF ],Classic Only,true,https://docs.tuflow.com/classic-hpc/manual/2023-03/TCFCommands-1.html#tcfZeroNegativeDepths,https://docs.tuflow.com/classic-hpc/manual/2023-03/TCFCommands-1.html
TCF,Zero Rainfall Check,Zero Rainfall Check,[ {ERROR} | WARNING ],Classic and HPC,false,https://docs.tuflow.com/classic-hpc/manual/2023-03/TCFCommands-1.html#tcfZeroRainfallCheck,https://docs.tuflow.com/classic-hpc/manual/2023-03/TCFCommands-1.html
TCF,ZP Hazard Cutoff Depth,ZP Hazard Cutoff Depth,[ {0.01} | ⟨ value ⟩ | ⟨ value_ZPA ⟩ ⟨ value ⟩_ZPC ⟨ value ⟩_ZPI ],Classic Only,false,https://docs.tuflow.com/classic-hpc/manual/2023-03/TCFCommands-1.html#tcfZPHazardCutoffDepth,https://docs.tuflow.com/classic-hpc/manual/2023-03/TCFCommands-1.html
TCF,Zpt Range Check,Zpt Range Check,"[ {-9998, 99998} | ⟨ zmin ⟩,⟨ zmax ⟩ ]",Classic and HPC,true,https://docs.tuflow.com/classic-hpc/manual/2023-03/TCFCommands-1.html#tcfZptRangeCheck,https://docs.tuflow.com/classic-hpc/manual/2023-03/TCFCommands-1.html
TCF,SQLite On Open SQL,SQLite On Open SQL [ {} | Read | Write ],[ ⟨ SQL Pragma Command ⟩ | {} ],Classic and HPC,false,https://docs.tuflow.com/classic-hpc/manual/2023-03/TCFCommands-1.html#tcfSQLiteOnOpenSQL,https://docs.tuflow.com/classic-hpc/manual/2023-03/TCFCommands-1.html
TCF,SQLite On Open SQL Read,SQLite On Open SQL [ {} | Read | Write ],[ ⟨ SQL Pragma Command ⟩ | {} ],Classic and HPC,false,https://docs.tuflow.com/classic-hpc/manual/2023-03/TCFCommands-1.html#tcfSQLiteOnOpenSQL,https://docs.tuflow.com/classic-hpc/manual/2023-03/TCFCommands-1.html
TCF,SQLite On Open SQL Write,SQLite On Open SQL [ {} | Read | Write ],[ ⟨ SQL Pragma Command ⟩ | {} ],Classic and HPC,false,https://docs.tuflow.com/classic-hpc/manual/2023-03/TCFCommands-1.html#tcfSQLiteOnOpenSQL,https://docs.tuflow.com/classic-hpc/manual/2023-03/TCFCommands-1.html
TCF,GPKG Compression Predictor,GPKG Compression Predictor,[ NONE | {Horizontal Differencing} ],Classic and HPC,false,https://docs.tuflow.com/classic-hpc/manual/2023-03/TCFCommands-1.html#tcfGPKGCompressionPredictor,https://docs.tuflow.com/classic-hpc/manual/2023-03/TCFCommands-1.html
TCF,GPKG Compression,GPKG Compression,[ NONE | {LZW} ],Classic and HPC,false,https://docs.tuflow.com/classic-hpc/manual/2023-03/TCFCommands-1.html#tcfGPKGCompression,https://docs.tuflow.com/classic-hpc/manual/2023-03/TCFCommands-1.html
TCF,Read Hazard File,Read Hazard File,[ ⟨file_name⟩.csv ],Classic and HPC,false,https://docs.tuflow.com/classic-hpc/manual/2023-03/TCFCommands-1.html#tcfReadHazardFile,https://docs.tuflow.com/classic-hpc/manual/2023-03/TCFCommands-1.html
TCF,Read GIS ISIS WLL,Read GIS ISIS WLL,[ ⟨ gis_layer ⟩ ],Classic Only,false,https://docs.tuflow.com/classic-hpc/manual/2023-03/TCFCommands-1.html#tcfReadGISISISWLL,https://docs.tuflow.com/classic-hpc/manual/2023-03/TCFCommands-1.html
TCF,Read GIS XP WLL,Read GIS XP WLL,[ ⟨ gis_layer ⟩ ],Classic Only,false,https://docs.tuflow.com/classic-hpc/manual/2023-03/TCFCommands-1.html#tcfReadGISXPWLL,https://docs.tuflow.com/classic-hpc/manual/2023-03/TCFCommands-1.html
TCF,Read GIS 12D WLL,Read GIS 12D WLL,[ ⟨ gis_layer ⟩ ],Classic Only,false,https://docs.tuflow.com/classic-hpc/manual/2023-03/TCFCommands-1.html#tcfReadGIS12DWLL,https://docs.tuflow.com/classic-hpc/manual/2023-03/TCFCommands-1.html
TCF,Read GIS 12D WLL Points,Read GIS 12D WLL Points,[ ⟨ gis_layer ⟩ ],Classic Only,false,https://docs.tuflow.com/classic-hpc/manual/2023-03/TCFCommands-1.html#tcfReadGIS12DWLLPoints,https://docs.tuflow.com/classic-hpc/manual/2023-03/TCFCommands-1.html
TCF,Read GIS ISIS WLL Points,Read GIS ISIS WLL Points,[ ⟨ gis_layer ⟩ ],Classic Only,false,https://docs.tuflow.com/classic-hpc/manual/2023-03/TCFCommands-1.html#tcfReadGISISISWLLPoints,https://docs.tuflow.com/classic-hpc/manual/2023-03/TCFCommands-1.html
TCF,Read GIS XP WLL Points,Read GIS XP WLL Points,[ ⟨ gis_layer ⟩ ],Classic Only,false,https://docs.tuflow.com/classic-hpc/manual/2023-03/TCFCommands-1.html#tcfReadGISXPWLLPoints,https://docs.tuflow.com/classic-hpc/manual/2023-03/TCFCommands-1.html
TCF,Read GIS ISIS Nodes,Read GIS ISIS Nodes,[ ⟨ gis_layer ⟩ ],Classic Only,true,https://docs.tuflow.com/classic-hpc/manual/2023-03/TCFCommands-1.html#tcfReadGISISISNodes,https://docs.tuflow.com/classic-hpc/manual/2023-03/TCFCommands-1.html
TCF,Read GIS XP Nodes,Read GIS XP Nodes,[ ⟨ gis_layer ⟩ ],Classic Only,true,https://docs.tuflow.com/classic-hpc/manual/2023-03/TCFCommands-1.html#tcfReadGISXPNodes,https://docs.tuflow.com/classic-hpc/manual/2023-03/TCFCommands-1.html
TCF,Read GIS 12D Nodes,Read GIS 12D Nodes,[ ⟨ gis_layer ⟩ ],Classic Only,true,https://docs.tuflow.com/classic-hpc/manual/2023-03/TCFCommands-1.html#tcfReadGIS12DNodes,https://docs.tuflow.com/classic-hpc/manual/2023-03/TCFCommands-1.html
TCF,Read GIS ISIS Network,Read GIS ISIS Network,[ ⟨ gis_layer ⟩ ],Classic Only,false,https://docs.tuflow.com/classic-hpc/manual/2023-03/TCFCommands-1.html#tcfReadGISISISNetwork,https://docs.tuflow.com/classic-hpc/manual/2023-03/TCFCommands-1.html
TCF,Read GIS XP Network,Read GIS XP Network,[ ⟨ gis_layer ⟩ ],Classic Only,false,https://docs.tuflow.com/classic-hpc/manual/2023-03/TCFCommands-1.html#tcfReadGISXPNetwork,https://docs.tuflow.com/classic-hpc/manual/2023-03/TCFCommands-1.html
TCF,Read GIS 12D Network,Read GIS 12D Network,[ ⟨ gis_layer ⟩ ],Classic Only,false,https://docs.tuflow.com/classic-hpc/manual/2023-03/TCFCommands-1.html#tcfReadGIS12DNetwork,https://docs.tuflow.com/classic-hpc/manual/2023-03/TCFCommands-1.html
TCF,XF Files Merge TIN Elevations,XF Files Merge TIN Elevations,[ {Reprocess} | Use XF ],Classic and HPC,false,https://docs.tuflow.com/classic-hpc/manual/2023-03/TCFCommands-1.html#tcfXFFilesMergeTINElevations,https://docs.tuflow.com/classic-hpc/manual/2023-03/TCFCommands-1.html
TCF,GPKG Inputs Read Only,GPKG Inputs Read Only,[ ON | {OFF} ],Classic and HPC,false,https://docs.tuflow.com/classic-hpc/manual/2023-03/TCFCommands-1.html#tcfGPKGInputsReadOnly,https://docs.tuflow.com/classic-hpc/manual/2023-03/TCFCommands-1.html
ECF,Arch Bridge Minimum Blockage (%),Arch Bridge Minimum Blockage (%),[ {5} | ⟨ min_pblockage ⟩ ],Classic and HPC,false,https://docs.tuflow.com/classic-hpc/manual/2023-03/ECFCommands-1.html#ecfArchBridgeMinimumBlockage,https://docs.tuflow.com/classic-hpc/manual/2023-03/ECFCommands-1.html
ECF,BC Database,BC Database,[ ⟨ .csv_file ⟩ ],Classic and HPC,false,https://docs.tuflow.com/classic-hpc/manual/2023-03/ECFCommands-1.html#ecfBCDatabase,https://docs.tuflow.com/classic-hpc/manual/2023-03/ECFCommands-1.html
ECF,BC Event Name,BC Event Name,[ ⟨ bc_event_name ⟩ ],Classic and HPC,false,https://docs.tuflow.com/classic-hpc/manual/2023-03/ECFCommands-1.html#ecfBCEventName,https://docs.tuflow.com/classic-hpc/manual/2023-03/ECFCommands-1.html
ECF,BC Event Text,BC Event Text,[ ⟨ bc_event_text ⟩ ],Classic and HPC,false,https://docs.tuflow.com/classic-hpc/manual/2023-03/ECFCommands-1.html#ecfBCEventText,https://docs.tuflow.com/classic-hpc/manual/2023-03/ECFCommands-1.html
ECF,Bridge Flow,Bridge Flow,[ Method A | {Method B} ],Classic and HPC,false,https://docs.tuflow.com/classic-hpc/manual/2023-03/ECFCommands-1.html#ecfBridgeFlow,https://docs.tuflow.com/classic-hpc/manual/2023-03/ECFCommands-1.html
ECF,Bridge Zero Coefficients,Bridge Zero Coefficients,"[ {DEFAULT} | OFF | ⟨ Cd ⟩, ⟨ DLC ⟩, ⟨ ELC ⟩, ⟨ XLC ⟩ ]",Classic and HPC,false,https://docs.tuflow.com/classic-hpc/manual/2023-03/ECFCommands-1.html#ecfBridgeZeroCoefficients,https://docs.tuflow.com/classic-hpc/manual/2023-03/ECFCommands-1.html
ECF,Conveyance Calculation,Conveyance Calculation,[ CHANGE IN RESISTANCE | {ALL PARALLEL} ],Classic and HPC,false,https://docs.tuflow.com/classic-hpc/manual/2023-03/ECFCommands-1.html#ecfConveyanceCalculation,https://docs.tuflow.com/classic-hpc/manual/2023-03/ECFCommands-1.html
ECF,Create Nodes,Create Nodes,[ {ON} | OFF ],Classic and HPC,false,https://docs.tuflow.com/classic-hpc/manual/2023-03/ECFCommands-1.html#ecfCreateNodes,https://docs.tuflow.com/classic-hpc/manual/2023-03/ECFCommands-1.html
ECF,CSV Format,CSV Format,[ HORIZONTAL | {VERTICAL} ],Classic and HPC,false,https://docs.tuflow.com/classic-hpc/manual/2023-03/ECFCommands-1.html#ecfCSVFormat,https://docs.tuflow.com/classic-hpc/manual/2023-03/ECFCommands-1.html
ECF,CSV Maximum Number Columns,CSV Maximum Number Columns,[ ⟨ max_col ⟩ ],Classic and HPC,true,https://docs.tuflow.com/classic-hpc/manual/2023-03/ECFCommands-1.html#ecfCSVMaximumNumberColumns,https://docs.tuflow.com/classic-hpc/manual/2023-03/ECFCommands-1.html
ECF,CSV Time,CSV Time,[ {DAYS} | HOURS | MINUTES | SECONDS ],Classic and HPC,false,https://docs.tuflow.com/classic-hpc/manual/2023-03/ECFCommands-1.html#ecfCSVTime,https://docs.tuflow.com/classic-hpc/manual/2023-03/ECFCommands-1.html
ECF,Culvert Critical H/D,Culvert Critical H/D,[ {OFF} | ⟨ critical_h/d ⟩ | ⟨ v1 ⟩ | ⟨ v2 ⟩ | ⟨ v3 ⟩ ],Classic and HPC,false,https://docs.tuflow.com/classic-hpc/manual/2023-03/ECFCommands-1.html#ecfCulvertCriticalHD,https://docs.tuflow.com/classic-hpc/manual/2023-03/ECFCommands-1.html
ECF,Culvert Flow,Culvert Flow,[ {Method E} | Method ⟨letter⟩ ],Classic and HPC,false,https://docs.tuflow.com/classic-hpc/manual/2023-03/ECFCommands-1.html#ecfCulvertFlow,https://docs.tuflow.com/classic-hpc/manual/2023-03/ECFCommands-1.html
ECF,Culvert Zero Coefficients,Culvert Zero Coefficients,"[ DEFAULT | {OFF} | v1, v2, v3, v4, v5 ]",Classic and HPC,false,https://docs.tuflow.com/classic-hpc/manual/2023-03/ECFCommands-1.html#ecfCulvertZeroCoefficients,https://docs.tuflow.com/classic-hpc/manual/2023-03/ECFCommands-1.html
ECF,Depth Discharge Database,Depth Discharge Database,[ ⟨ depth_discharge_dbase.csv ⟩ ],Classic and HPC,false,https://docs.tuflow.com/classic-hpc/manual/2023-03/ECFCommands-1.html#ecfDepthDischargeDatabase,https://docs.tuflow.com/classic-hpc/manual/2023-03/ECFCommands-1.html
ECF,Depth Limit Factor,Depth Limit Factor,[ {10} | ⟨ value ⟩ ],Classic and HPC,false,https://docs.tuflow.com/classic-hpc/manual/2023-03/ECFCommands-1.html#ecfDepthLimitFactor,https://docs.tuflow.com/classic-hpc/manual/2023-03/ECFCommands-1.html
ECF,Flow Area,Flow Area,[ {EFFECTIVE} | TOTAL ],Classic and HPC,false,https://docs.tuflow.com/classic-hpc/manual/2023-03/ECFCommands-1.html#ecfFlowArea,https://docs.tuflow.com/classic-hpc/manual/2023-03/ECFCommands-1.html
ECF,Flow Calculation,Flow Calculation,[ Method A | {Method B} ],Classic and HPC,false,https://docs.tuflow.com/classic-hpc/manual/2023-03/ECFCommands-1.html#ecfFlowCalculation,https://docs.tuflow.com/classic-hpc/manual/2023-03/ECFCommands-1.html
ECF,Froude Check,Froude Check,[ {1} | ⟨ froude_no ⟩ ],Classic and HPC,false,https://docs.tuflow.com/classic-hpc/manual/2023-03/ECFCommands-1.html#ecfFroudeCheck,https://docs.tuflow.com/classic-hpc/manual/2023-03/ECFCommands-1.html
ECF,Froude Depth Adjustment,Froude Depth Adjustment,[ {ON} | OFF ],Classic and HPC,false,https://docs.tuflow.com/classic-hpc/manual/2023-03/ECFCommands-1.html#ecfFroudeDepthAdjustment,https://docs.tuflow.com/classic-hpc/manual/2023-03/ECFCommands-1.html
ECF,Head Rate Creep Factor,Head Rate Creep Factor,[ ⟨ value ⟩ | {1.2} ],Classic and HPC,false,https://docs.tuflow.com/classic-hpc/manual/2023-03/ECFCommands-1.html#ecfHeadRateCreepFactor,https://docs.tuflow.com/classic-hpc/manual/2023-03/ECFCommands-1.html
ECF,Head Rate Limit,Head Rate Limit,[ ON | {OFF} | ⟨ hrl ⟩ ],Classic and HPC,false,https://docs.tuflow.com/classic-hpc/manual/2023-03/ECFCommands-1.html#ecfHeadRateLimit,https://docs.tuflow.com/classic-hpc/manual/2023-03/ECFCommands-1.html
ECF,Head Rate Limit Minimum,Head Rate Limit Minimum,[ ⟨ hrlmin ⟩ | {0.001} ],Classic and HPC,false,https://docs.tuflow.com/classic-hpc/manual/2023-03/ECFCommands-1.html#ecfHeadRateLimitMinimum,https://docs.tuflow.com/classic-hpc/manual/2023-03/ECFCommands-1.html
ECF,Interpolate Cross-Sections,Interpolate Cross-Sections,[ {ON} | OFF ],Classic and HPC,false,https://docs.tuflow.com/classic-hpc/manual/2023-03/ECFCommands-1.html#ecfInterpolateCrossSections,https://docs.tuflow.com/classic-hpc/manual/2023-03/ECFCommands-1.html
ECF,Interpolate Culvert Inverts,Interpolate Culvert Inverts,[ {ON} | OFF ],Classic and HPC,false,https://docs.tuflow.com/classic-hpc/manual/2023-03/ECFCommands-1.html#ecfInterpolateCulvertInverts,https://docs.tuflow.com/classic-hpc/manual/2023-03/ECFCommands-1.html
ECF,M Channel Approach,M Channel Approach,[ Method A | {Method B} ],Classic and HPC,false,https://docs.tuflow.com/classic-hpc/manual/2023-03/ECFCommands-1.html#ecfMChannelApproach,https://docs.tuflow.com/classic-hpc/manual/2023-03/ECFCommands-1.html
ECF,M11 Network,M11 Network,[ ⟨ .nwk11_file ⟩ ],Classic and HPC,true,https://docs.tuflow.com/classic-hpc/manual/2023-03/ECFCommands-1.html#ecfM11Network,https://docs.tuflow.com/classic-hpc/manual/2023-03/ECFCommands-1.html
ECF,Manhole Approach,Manhole Approach,[ METHOD A | METHOD B | {METHOD C} ],Classic and HPC,false,https://docs.tuflow.com/classic-hpc/manual/2023-03/ECFCommands-1.html#ecfManholeApproach,https://docs.tuflow.com/classic-hpc/manual/2023-03/ECFCommands-1.html
ECF,Manhole Default C Exit Coefficient,Manhole Default C Exit Coefficient,[ ⟨ K<sub>CE ⟩ | {0.25} ],Classic and HPC,false,https://docs.tuflow.com/classic-hpc/manual/2023-03/ECFCommands-1.html#ecfManholeDefaultCExitCoefficient,https://docs.tuflow.com/classic-hpc/manual/2023-03/ECFCommands-1.html
ECF,Manhole Default Loss Approach,Manhole Default Loss Approach,[ NONE | {ENGELUND} | FIXED ],Classic and HPC,false,https://docs.tuflow.com/classic-hpc/manual/2023-03/ECFCommands-1.html#ecfManholeDefaultLossApproach,https://docs.tuflow.com/classic-hpc/manual/2023-03/ECFCommands-1.html
ECF,Manhole Default R Exit Coefficient,Manhole Default R Exit Coefficient,[ ⟨ K<sub>RE ⟩ | {0.5} ],Classic and HPC,false,https://docs.tuflow.com/classic-hpc/manual/2023-03/ECFCommands-1.html#ecfManholeDefaultRExitCoefficient,https://docs.tuflow.com/classic-hpc/manual/2023-03/ECFCommands-1.html
ECF,Manhole Default Side Clearance,Manhole Default Side Clearance,[ ⟨ value_m ⟩ | {0.3} ],Classic and HPC,false,https://docs.tuflow.com/classic-hpc/manual/2023-03/ECFCommands-1.html#ecfManholeDefaultSideClearance,https://docs.tuflow.com/classic-hpc/manual/2023-03/ECFCommands-1.html
ECF,Manhole Default Type,Manhole Default Type,[ C | J | R | CR | {CJR} ],Classic and HPC,false,https://docs.tuflow.com/classic-hpc/manual/2023-03/ECFCommands-1.html#ecfManholeDefaultType,https://docs.tuflow.com/classic-hpc/manual/2023-03/ECFCommands-1.html
ECF,Manhole K Maximum Bend/Drop,Manhole K Maximum Bend/Drop,[ ⟨ max_K_bd | {4.0} ],Classic and HPC,false,https://docs.tuflow.com/classic-hpc/manual/2023-03/ECFCommands-1.html#ecfManholeKMaximumBendDrop,https://docs.tuflow.com/classic-hpc/manual/2023-03/ECFCommands-1.html
ECF,Manhole Minimum Dimension,Manhole Minimum Dimension,[ ⟨ min_width_m | {1.05} ],Classic and HPC,false,https://docs.tuflow.com/classic-hpc/manual/2023-03/ECFCommands-1.html#ecfManholeMinimumDimension,https://docs.tuflow.com/classic-hpc/manual/2023-03/ECFCommands-1.html
ECF,Manholes at All Culvert Junctions,Manholes at All Culvert Junctions,[ {ON} | OFF ],Classic and HPC,false,https://docs.tuflow.com/classic-hpc/manual/2023-03/ECFCommands-1.html#ecfManholesatAllCulvertJunctions,https://docs.tuflow.com/classic-hpc/manual/2023-03/ECFCommands-1.html
ECF,Maximum Operational Controls,Maximum Operational Controls,[ {1000} | <number> ],Classic and HPC,false,https://docs.tuflow.com/classic-hpc/manual/2023-03/ECFCommands-1.html#ecfMaximumOperationalControls,https://docs.tuflow.com/classic-hpc/manual/2023-03/ECFCommands-1.html
ECF,Minimum Channel Conveyance Length,Minimum Channel Conveyance Length,[ {0} | ⟨ length_m ⟩ ],Classic and HPC,false,https://docs.tuflow.com/classic-hpc/manual/2023-03/ECFCommands-1.html#ecfMinimumChannelConveyanceLength,https://docs.tuflow.com/classic-hpc/manual/2023-03/ECFCommands-1.html
ECF,Minimum Channel Storage Length,Minimum Channel Storage Length,[ {0} | ⟨ length_m ⟩ ],Classic and HPC,false,https://docs.tuflow.com/classic-hpc/manual/2023-03/ECFCommands-1.html#ecfMinimumChannelStorageLength,https://docs.tuflow.com/classic-hpc/manual/2023-03/ECFCommands-1.html
ECF,Minimum NA,Minimum NA,[ {1} | ⟨ value ⟩ ],Classic and HPC,false,https://docs.tuflow.com/classic-hpc/manual/2023-03/ECFCommands-1.html#ecfMinimumNA,https://docs.tuflow.com/classic-hpc/manual/2023-03/ECFCommands-1.html
ECF,Minimum NA Pit,Minimum NA Pit,[ {1} | ⟨ value ⟩ ],Classic and HPC,false,https://docs.tuflow.com/classic-hpc/manual/2023-03/ECFCommands-1.html#ecfMinimumNAPit,https://docs.tuflow.com/classic-hpc/manual/2023-03/ECFCommands-1.html
ECF,Momentum Equation,Momentum Equation,[ PRE 2003-08-AD ],Classic and HPC,false,https://docs.tuflow.com/classic-hpc/manual/2023-03/ECFCommands-1.html#ecfMomentumEquation,https://docs.tuflow.com/classic-hpc/manual/2023-03/ECFCommands-1.html
ECF,Order Output,Order Output,[ {ON} | OFF ],Classic and HPC,false,https://docs.tuflow.com/classic-hpc/manual/2023-03/ECFCommands-1.html#ecfOrderOutput,https://docs.tuflow.com/classic-hpc/manual/2023-03/ECFCommands-1.html
ECF,Output Data Types,Output Data Types,[ {H Q S V} | ⟨ data_types ⟩ ],Classic and HPC,false,https://docs.tuflow.com/classic-hpc/manual/2023-03/ECFCommands-1.html#ecfOutputDataTypes,https://docs.tuflow.com/classic-hpc/manual/2023-03/ECFCommands-1.html
ECF,Output Folder,Output Folder,[ ⟨ folder ⟩ ],Classic and HPC,false,https://docs.tuflow.com/classic-hpc/manual/2023-03/ECFCommands-1.html#ecfOutputFolder,https://docs.tuflow.com/classic-hpc/manual/2023-03/ECFCommands-1.html
ECF,Output Interval,Output Interval,[ ⟨ time ⟩ ],Classic and HPC,false,https://docs.tuflow.com/classic-hpc/manual/2023-03/ECFCommands-1.html#ecfOutputInterval,https://docs.tuflow.com/classic-hpc/manual/2023-03/ECFCommands-1.html
ECF,Output Times Same as 2D,Output Times Same as 2D,[ {ON} | OFF ],Classic and HPC,false,https://docs.tuflow.com/classic-hpc/manual/2023-03/ECFCommands-1.html#ecfOutputTimesSameas2D,https://docs.tuflow.com/classic-hpc/manual/2023-03/ECFCommands-1.html
ECF,Pit Channel Offset,Pit Channel Offset,[ ⟨ length_m ⟩ ],Classic and HPC,false,https://docs.tuflow.com/classic-hpc/manual/2023-03/ECFCommands-1.html#ecfPitChannelOffset,https://docs.tuflow.com/classic-hpc/manual/2023-03/ECFCommands-1.html
ECF,Pit Default 2D Connection,Pit Default 2D Connection,[ {} | ⟨ Conn_1D_2D ⟩ ],Classic and HPC,false,https://docs.tuflow.com/classic-hpc/manual/2023-03/ECFCommands-1.html#ecfPitDefault2DConnection,https://docs.tuflow.com/classic-hpc/manual/2023-03/ECFCommands-1.html
ECF,Pit Default Extrapolate Q Curve,Pit Default Extrapolate Q Curve,[ {ON} | OFF ],Classic and HPC,false,https://docs.tuflow.com/classic-hpc/manual/2023-03/ECFCommands-1.html#ecfPitDefaultExtrapolateQCurve,https://docs.tuflow.com/classic-hpc/manual/2023-03/ECFCommands-1.html
ECF,Pit Default Road Crossfall,Pit Default Road Crossfall,[ ⟨ slope ⟩ ],Classic and HPC,false,https://docs.tuflow.com/classic-hpc/manual/2023-03/ECFCommands-1.html#ecfPitDefaultRoadCrossfall,https://docs.tuflow.com/classic-hpc/manual/2023-03/ECFCommands-1.html
ECF,Pit Inlet Database,Pit Inlet Database,[ ⟨ pit_inlet_dbase.csv ⟩ ],Classic and HPC,false,https://docs.tuflow.com/classic-hpc/manual/2023-03/ECFCommands-1.html#ecfPitInletDatabase,https://docs.tuflow.com/classic-hpc/manual/2023-03/ECFCommands-1.html
ECF,Pit Search Distance,Pit Search Distance,[ {0.0} | ⟨ psd_m ⟩ ],Classic and HPC,false,https://docs.tuflow.com/classic-hpc/manual/2023-03/ECFCommands-1.html#ecfPitSearchDistance,https://docs.tuflow.com/classic-hpc/manual/2023-03/ECFCommands-1.html
ECF,Read File,Read File,[ ⟨ file ⟩ ],Classic and HPC,false,https://docs.tuflow.com/classic-hpc/manual/2023-03/ECFCommands-1.html#ecfReadFile,https://docs.tuflow.com/classic-hpc/manual/2023-03/ECFCommands-1.html
ECF,Read GIS BC,Read GIS BC,[ ⟨ gis_layer ⟩ ],Classic and HPC,false,https://docs.tuflow.com/classic-hpc/manual/2023-03/ECFCommands-1.html#ecfReadGISBC,https://docs.tuflow.com/classic-hpc/manual/2023-03/ECFCommands-1.html
ECF,Read GIS IWL,Read GIS IWL,[ ⟨ gis_layer ⟩ ],Classic and HPC,false,https://docs.tuflow.com/classic-hpc/manual/2023-03/ECFCommands-1.html#ecfReadGISIWL,https://docs.tuflow.com/classic-hpc/manual/2023-03/ECFCommands-1.html
ECF,Read GIS Manhole,Read GIS Manhole,[ ⟨ gis_layer ⟩ ],Classic and HPC,false,https://docs.tuflow.com/classic-hpc/manual/2023-03/ECFCommands-1.html#ecfReadGISManhole,https://docs.tuflow.com/classic-hpc/manual/2023-03/ECFCommands-1.html
ECF,Read GIS Network,Read GIS Network,[ ⟨ gis_layer ⟩ ],Classic and HPC,false,https://docs.tuflow.com/classic-hpc/manual/2023-03/ECFCommands-1.html#ecfReadGISNetwork,https://docs.tuflow.com/classic-hpc/manual/2023-03/ECFCommands-1.html
ECF,Read GIS Node,Read GIS Node,,Classic and HPC,false,https://docs.tuflow.com/classic-hpc/manual/2023-03/ECFCommands-1.html#ecfReadGISNode,https://docs.tuflow.com/classic-hpc/manual/2023-03/ECFCommands-1.html
ECF,Read GIS Pits,Read GIS Pits,[ ⟨ gis_layer ⟩ ],Classic and HPC,false,https://docs.tuflow.com/classic-hpc/manual/2023-03/ECFCommands-1.html#ecfReadGISPit,https://docs.tuflow.com/classic-hpc/manual/2023-03/ECFCommands-1.html
ECF,Read GIS Table Links,Read GIS Table Links,[ ⟨ gis_layer ⟩ ],Classic and HPC,false,https://docs.tuflow.com/classic-hpc/manual/2023-03/ECFCommands-1.html#ecfReadGISTableLinks,https://docs.tuflow.com/classic-hpc/manual/2023-03/ECFCommands-1.html
ECF,Read GIS WLL,Read GIS WLL,[ ⟨ gis_layer ⟩ ],Classic and HPC,false,https://docs.tuflow.com/classic-hpc/manual/2023-03/ECFCommands-1.html#ecfReadGISWLL,https://docs.tuflow.com/classic-hpc/manual/2023-03/ECFCommands-1.html
ECF,Read GIS WLL Points,Read GIS WLL Points,[ ⟨ gis_layer ⟩ ],Classic and HPC,false,https://docs.tuflow.com/classic-hpc/manual/2023-03/ECFCommands-1.html#ecfReadGISWLLPoints,https://docs.tuflow.com/classic-hpc/manual/2023-03/ECFCommands-1.html
ECF,Read Operating Controls File,Read Operating Controls File,[ ⟨ .toc_filename ⟩ ],Classic and HPC,false,https://docs.tuflow.com/classic-hpc/manual/2023-03/ECFCommands-1.html#ecfReadOperatingControlsFile,https://docs.tuflow.com/classic-hpc/manual/2023-03/ECFCommands-1.html
ECF,S Channel Approach,S Channel Approach,[ PRE 2004-06-AA | METHOD A | {METHOD B} ],Classic and HPC,false,https://docs.tuflow.com/classic-hpc/manual/2023-03/ECFCommands-1.html#ecfSChannelApproach,https://docs.tuflow.com/classic-hpc/manual/2023-03/ECFCommands-1.html
ECF,Set IWL,Set IWL,[ ⟨ IWL ⟩ ],Classic and HPC,false,https://docs.tuflow.com/classic-hpc/manual/2023-03/ECFCommands-1.html#ecfSetIWL,https://docs.tuflow.com/classic-hpc/manual/2023-03/ECFCommands-1.html
ECF,Set Variable ⟨name⟩,Set Variable ⟨name⟩,[ ⟨value⟩ ],Classic and HPC,false,https://docs.tuflow.com/classic-hpc/manual/2023-03/ECFCommands-1.html#ecfSetVariable,https://docs.tuflow.com/classic-hpc/manual/2023-03/ECFCommands-1.html
ECF,Spatial Database,Spatial Database,[ OFF | TCF ],Classic and HPC,false,https://docs.tuflow.com/classic-hpc/manual/2023-03/ECFCommands-1.html#ecfSpatialDatabase,https://docs.tuflow.com/classic-hpc/manual/2023-03/ECFCommands-1.html
ECF,Start Output,Start Output,[ ⟨ time_in_hours ⟩ ],Classic and HPC,false,https://docs.tuflow.com/classic-hpc/manual/2023-03/ECFCommands-1.html#ecfStartOutput,https://docs.tuflow.com/classic-hpc/manual/2023-03/ECFCommands-1.html
ECF,Storage Above Structure Obvert,Storage Above Structure Obvert,[ CHANNEL WIDTH | ⟨ value ⟩ | {5} ],Classic and HPC,false,https://docs.tuflow.com/classic-hpc/manual/2023-03/ECFCommands-1.html#ecfStorageAboveStructureObvert,https://docs.tuflow.com/classic-hpc/manual/2023-03/ECFCommands-1.html
ECF,Structure Flow Levels,Structure Flow Levels,[ {ENERGY} | WATER | ENERGY UPSTREAM ],Classic and HPC,false,https://docs.tuflow.com/classic-hpc/manual/2023-03/ECFCommands-1.html#ecfStructureFlowLevels,https://docs.tuflow.com/classic-hpc/manual/2023-03/ECFCommands-1.html
ECF,Structure Losses,Structure Losses,[ {ADJUST {EXCEPT BG TABLE}} | FIX ],Classic and HPC,false,https://docs.tuflow.com/classic-hpc/manual/2023-03/ECFCommands-1.html#ecfStructureLosses,https://docs.tuflow.com/classic-hpc/manual/2023-03/ECFCommands-1.html
ECF,Structure Losses Approach,Structure Losses Approach,[ METHOD A | {METHOD B} ],Classic and HPC,false,https://docs.tuflow.com/classic-hpc/manual/2023-03/ECFCommands-1.html#ecfStructureLossesApproach,https://docs.tuflow.com/classic-hpc/manual/2023-03/ECFCommands-1.html
ECF,Structure Losses SX,Structure Losses SX,[ ADJUST | ADJUST SKEW | {FIX} ],Classic and HPC,false,https://docs.tuflow.com/classic-hpc/manual/2023-03/ECFCommands-1.html#ecfStructureLossesSX,https://docs.tuflow.com/classic-hpc/manual/2023-03/ECFCommands-1.html
ECF,Structure Routines,Structure Routines,[ ORIGINAL | {2013} ],Classic and HPC,false,https://docs.tuflow.com/classic-hpc/manual/2023-03/ECFCommands-1.html#ecfStructureRoutines,https://docs.tuflow.com/classic-hpc/manual/2023-03/ECFCommands-1.html
ECF,Taper Closed NA Table,Taper Closed NA Table,[ {ON} | OFF ],Classic and HPC,false,https://docs.tuflow.com/classic-hpc/manual/2023-03/ECFCommands-1.html#ecfTaperClosedNATable,https://docs.tuflow.com/classic-hpc/manual/2023-03/ECFCommands-1.html
ECF,Timestep,Timestep,[ ⟨ timestep_in_seconds ⟩ ],Classic and HPC,false,https://docs.tuflow.com/classic-hpc/manual/2023-03/ECFCommands-1.html#ecfTimestep,https://docs.tuflow.com/classic-hpc/manual/2023-03/ECFCommands-1.html
ECF,Trim XZ Profiles,Trim XZ Profiles,[ ON | {OFF} ],Classic and HPC,false,https://docs.tuflow.com/classic-hpc/manual/2023-03/ECFCommands-1.html#ecfTrimXZProfiles,https://docs.tuflow.com/classic-hpc/manual/2023-03/ECFCommands-1.html
ECF,Vel Rate Creep Factor,Vel Rate Creep Factor,[ ⟨ value ⟩ | {1.2} ],Classic and HPC,false,https://docs.tuflow.com/classic-hpc/manual/2023-03/ECFCommands-1.html#ecfCreepFactor,https://docs.tuflow.com/classic-hpc/manual/2023-03/ECFCommands-1.html
ECF,Vel Rate Limit,Vel Rate Limit,[ ⟨ vrl ⟩ | {0.2} ],Classic and HPC,false,https://docs.tuflow.com/classic-hpc/manual/2023-03/ECFCommands-1.html#ecfVelRateLimit,https://docs.tuflow.com/classic-hpc/manual/2023-03/ECFCommands-1.html
ECF,Vel Rate Limit Minimum,Vel Rate Limit Minimum,[ ⟨ vrlmin ⟩ | {0.0001} ],Classic and HPC,false,https://docs.tuflow.com/classic-hpc/manual/2023-03/ECFCommands-1.html#ecfVelRateLimitMinimum,https://docs.tuflow.com/classic-hpc/manual/2023-03/ECFCommands-1.html
ECF,Weir Approach,Weir Approach,[ {Method A} | Method B ],Classic and HPC,false,https://docs.tuflow.com/classic-hpc/manual/2023-03/ECFCommands-1.html#ecfWeirApproach,https://docs.tuflow.com/classic-hpc/manual/2023-03/ECFCommands-1.html
ECF,Weir Flow,Weir Flow,[ Method A | Method B | {Method C} ],Classic and HPC,false,https://docs.tuflow.com/classic-hpc/manual/2023-03/ECFCommands-1.html#ecfWeirFlow,https://docs.tuflow.com/classic-hpc/manual/2023-03/ECFCommands-1.html
ECF,WLL Approach,WLL Approach,[ Method A | {Method B} ],Classic and HPC,false,https://docs.tuflow.com/classic-hpc/manual/2023-03/ECFCommands-1.html#ecfWLLApproach,https://docs.tuflow.com/classic-hpc/manual/2023-03/ECFCommands-1.html
ECF,WLL Automatic,WLL Automatic,[ CULVERTS | {OFF} ],Classic and HPC,false,https://docs.tuflow.com/classic-hpc/manual/2023-03/ECFCommands-1.html#ecfWLLAutomatic,https://docs.tuflow.com/classic-hpc/manual/2023-03/ECFCommands-1.html
ECF,WLL No Weirs,WLL No Weirs,[ ON | {OFF} ],Classic and HPC,false,https://docs.tuflow.com/classic-hpc/manual/2023-03/ECFCommands-1.html#ecfWLLNoWeirs,https://docs.tuflow.com/classic-hpc/manual/2023-03/ECFCommands-1.html
ECF,WLL Vertical Offset,WLL Vertical Offset,[ ⟨ dZ ⟩ | {10} ],Classic and HPC,false,https://docs.tuflow.com/classic-hpc/manual/2023-03/ECFCommands-1.html#ecfWLLVerticalOffset,https://docs.tuflow.com/classic-hpc/manual/2023-03/ECFCommands-1.html
ECF,WLLp Interpolate Bed,WLLp Interpolate Bed,[ {ON} | OFF ],Classic and HPC,false,https://docs.tuflow.com/classic-hpc/manual/2023-03/ECFCommands-1.html#ecfWLLpInterpolateBed,https://docs.tuflow.com/classic-hpc/manual/2023-03/ECFCommands-1.html
ECF,Write Check Files Exclude,Write Check Files [Exclude | Include | None | ALL],[ ⟨ prefix_list_or_file_prefix ⟩ ],Classic and HPC,false,https://docs.tuflow.com/classic-hpc/manual/2023-03/ECFCommands-1.html#ecfWriteCheckFiles,https://docs.tuflow.com/classic-hpc/manual/2023-03/ECFCommands-1.html
ECF,Write Check Files Include,Write Check Files [Exclude | Include | None | ALL],[ ⟨ prefix_list_or_file_prefix ⟩ ],Classic and HPC,false,https://docs.tuflow.com/classic-hpc/manual/2023-03/ECFCommands-1.html#ecfWriteCheckFiles,https://docs.tuflow.com/classic-hpc/manual/2023-03/ECFCommands-1.html
ECF,Write Check Files None,Write Check Files [Exclude | Include | None | ALL],[ ⟨ prefix_list_or_file_prefix ⟩ ],Classic and HPC,false,https://docs.tuflow.com/classic-hpc/manual/2023-03/ECFCommands-1.html#ecfWriteCheckFiles,https://docs.tuflow.com/classic-hpc/manual/2023-03/ECFCommands-1.html
ECF,Write Check Files ALL,Write Check Files [Exclude | Include | None | ALL],[ ⟨ prefix_list_or_file_prefix ⟩ ],Classic and HPC,false,https://docs.tuflow.com/classic-hpc/manual/2023-03/ECFCommands-1.html#ecfWriteCheckFiles,https://docs.tuflow.com/classic-hpc/manual/2023-03/ECFCommands-1.html
ECF,XS Database,XS Database,[ ⟨ file ⟩ ],Classic and HPC,false,https://docs.tuflow.com/classic-hpc/manual/2023-03/ECFCommands-1.html#ecfXSDatabase,https://docs.tuflow.com/classic-hpc/manual/2023-03/ECFCommands-1.html
TGC,12DA Read Approach,12DA Read Approach,[ Method A | {Method B} ],Classic and HPC,false,https://docs.tuflow.com/classic-hpc/manual/2023-03/TGCCommands-1.html#tgc12DAReadApproach,https://docs.tuflow.com/classic-hpc/manual/2023-03/TGCCommands-1.html
TGC,Allow Dangling Z Lines,Allow Dangling Z Lines,[ ON | {OFF} ],Classic and HPC,true,https://docs.tuflow.com/classic-hpc/manual/2023-03/TGCCommands-1.html#tgcAllowDanglingZLines,https://docs.tuflow.com/classic-hpc/manual/2023-03/TGCCommands-1.html
TGC,Cell Size,Cell Size,[ ⟨ value ⟩ ],Classic and HPC,false,https://docs.tuflow.com/classic-hpc/manual/2023-03/TGCCommands-1.html#tgcCellSize,https://docs.tuflow.com/classic-hpc/manual/2023-03/TGCCommands-1.html
TGC,Create TIN Zpts XF ON,Create TIN Zpts [ {} | WRITE TIN ] [ XF ON | XF OFF ],[ ⟨ gis_layer ⟩ ],Classic and HPC,false,https://docs.tuflow.com/classic-hpc/manual/2023-03/TGCCommands-1.html#tgcCreateTINZpts,https://docs.tuflow.com/classic-hpc/manual/2023-03/TGCCommands-1.html
TGC,Create TIN Zpts XF OFF,Create TIN Zpts [ {} | WRITE TIN ] [ XF ON | XF OFF ],[ ⟨ gis_layer ⟩ ],Classic and HPC,false,https://docs.tuflow.com/classic-hpc/manual/2023-03/TGCCommands-1.html#tgcCreateTINZpts,https://docs.tuflow.com/classic-hpc/manual/2023-03/TGCCommands-1.html
TGC,Create TIN Zpts WRITE TIN XF ON,Create TIN Zpts [ {} | WRITE TIN ] [ XF ON | XF OFF ],[ ⟨ gis_layer ⟩ ],Classic and HPC,false,https://docs.tuflow.com/classic-hpc/manual/2023-03/TGCCommands-1.html#tgcCreateTINZpts,https://docs.tuflow.com/classic-hpc/manual/2023-03/TGCCommands-1.html
TGC,Create TIN Zpts WRITE TIN XF OFF,Create TIN Zpts [ {} | WRITE TIN ] [ XF ON | XF OFF ],[ ⟨ gis_layer ⟩ ],Classic and HPC,false,https://docs.tuflow.com/classic-hpc/manual/2023-03/TGCCommands-1.html#tgcCreateTINZpts,https://docs.tuflow.com/classic-hpc/manual/2023-03/TGCCommands-1.html
TGC,Default Land Z,Default Land Z,[ ⟨ elevation ⟩ ],Classic and HPC,false,https://docs.tuflow.com/classic-hpc/manual/2023-03/TGCCommands-1.html#tgcDefaultLandZ,https://docs.tuflow.com/classic-hpc/manual/2023-03/TGCCommands-1.html
TGC,Grid Approach,Grid Approach,[ Method A | {Method B} ],Classic and HPC,false,https://docs.tuflow.com/classic-hpc/manual/2023-03/TGCCommands-1.html#tgcGridApproach,https://docs.tuflow.com/classic-hpc/manual/2023-03/TGCCommands-1.html
TGC,"Grid Size (N,M)","Grid Size (N,M)","[ ⟨ rows ⟩, ⟨ columns ⟩ ]",Classic and HPC,false,https://docs.tuflow.com/classic-hpc/manual/2023-03/TGCCommands-1.html#tgcGridSizeNM,https://docs.tuflow.com/classic-hpc/manual/2023-03/TGCCommands-1.html
TGC,"Grid Size (X,Y)","Grid Size (X,Y)","[ ⟨ X_length ⟩, ⟨ Y_length ⟩ ]",Classic and HPC,false,https://docs.tuflow.com/classic-hpc/manual/2023-03/TGCCommands-1.html#tgcGridSizeXY,https://docs.tuflow.com/classic-hpc/manual/2023-03/TGCCommands-1.html
TGC,If Scenario,If Scenario,[ ⟨ s1 ⟩ | ⟨ s2 ⟩ | ⟨ s3 ⟩ ],Classic and HPC,false,https://docs.tuflow.com/classic-hpc/manual/2023-03/TGCCommands-1.html#tgcIfScenario,https://docs.tuflow.com/classic-hpc/manual/2023-03/TGCCommands-1.html
TGC,Interpolate ZC,Interpolate ZC [ {} | ALL ] [ {} | LOWER ],,Classic and HPC,false,https://docs.tuflow.com/classic-hpc/manual/2023-03/TGCCommands-1.html#tgcInterpolateZC,https://docs.tuflow.com/classic-hpc/manual/2023-03/TGCCommands-1.html
TGC,Interpolate ZC LOWER,Interpolate ZC [ {} | ALL ] [ {} | LOWER ],,Classic and HPC,false,https://docs.tuflow.com/classic-hpc/manual/2023-03/TGCCommands-1.html#tgcInterpolateZC,https://docs.tuflow.com/classic-hpc/manual/2023-03/TGCCommands-1.html
TGC,Interpolate ZC ALL,Interpolate ZC [ {} | ALL ] [ {} | LOWER ],,Classic and HPC,false,https://docs.tuflow.com/classic-hpc/manual/2023-03/TGCCommands-1.html#tgcInterpolateZC,https://docs.tuflow.com/classic-hpc/manual/2023-03/TGCCommands-1.html
TGC,Interpolate ZC ALL LOWER,Interpolate ZC [ {} | ALL ] [ {} | LOWER ],,Classic and HPC,false,https://docs.tuflow.com/classic-hpc/manual/2023-03/TGCCommands-1.html#tgcInterpolateZC,https://docs.tuflow.com/classic-hpc/manual/2023-03/TGCCommands-1.html
TGC,Interpolate ZHC,Interpolate ZHC [ {} | ALL ],,Classic and HPC,false,https://docs.tuflow.com/classic-hpc/manual/2023-03/TGCCommands-1.html#tgcInterpolateZHC,https://docs.tuflow.com/classic-hpc/manual/2023-03/TGCCommands-1.html
TGC,Interpolate ZHC ALL,Interpolate ZHC [ {} | ALL ],,Classic and HPC,false,https://docs.tuflow.com/classic-hpc/manual/2023-03/TGCCommands-1.html#tgcInterpolateZHC,https://docs.tuflow.com/classic-hpc/manual/2023-03/TGCCommands-1.html
TGC,Interpolate ZUV,Interpolate ZUV [ {} | ALL ] [ {} | MAX ],,Classic and HPC,false,https://docs.tuflow.com/classic-hpc/manual/2023-03/TGCCommands-1.html#tgcInterpolateZUV,https://docs.tuflow.com/classic-hpc/manual/2023-03/TGCCommands-1.html
TGC,Interpolate ZUV MAX,Interpolate ZUV [ {} | ALL ] [ {} | MAX ],,Classic and HPC,false,https://docs.tuflow.com/classic-hpc/manual/2023-03/TGCCommands-1.html#tgcInterpolateZUV,https://docs.tuflow.com/classic-hpc/manual/2023-03/TGCCommands-1.html
TGC,Interpolate ZUV ALL,Interpolate ZUV [ {} | ALL ] [ {} | MAX ],,Classic and HPC,false,https://docs.tuflow.com/classic-hpc/manual/2023-03/TGCCommands-1.html#tgcInterpolateZUV,https://docs.tuflow.com/classic-hpc/manual/2023-03/TGCCommands-1.html
TGC,Interpolate ZUV ALL MAX,Interpolate ZUV [ {} | ALL ] [ {} | MAX ],,Classic and HPC,false,https://docs.tuflow.com/classic-hpc/manual/2023-03/TGCCommands-1.html#tgcInterpolateZUV,https://docs.tuflow.com/classic-hpc/manual/2023-03/TGCCommands-1.html
TGC,Interpolate ZUVC,Interpolate ZUVC [ {} | ALL ],,Classic and HPC,false,https://docs.tuflow.com/classic-hpc/manual/2023-03/TGCCommands-1.html#tgcInterpolateZUVC,https://docs.tuflow.com/classic-hpc/manual/2023-03/TGCCommands-1.html
TGC,Interpolate ZUVC ALL,Interpolate ZUVC [ {} | ALL ],,Classic and HPC,false,https://docs.tuflow.com/classic-hpc/manual/2023-03/TGCCommands-1.html#tgcInterpolateZUVC,https://docs.tuflow.com/classic-hpc/manual/2023-03/TGCCommands-1.html
TGC,Interpolate ZUVH,Interpolate ZUVH [ {} | ALL ] [ {} | MAX ],,Classic and HPC,false,https://docs.tuflow.com/classic-hpc/manual/2023-03/TGCCommands-1.html#tgcInterpolateZUVH,https://docs.tuflow.com/classic-hpc/manual/2023-03/TGCCommands-1.html
TGC,Interpolate ZUVH MAX,Interpolate ZUVH [ {} | ALL ] [ {} | MAX ],,Classic and HPC,false,https://docs.tuflow.com/classic-hpc/manual/2023-03/TGCCommands-1.html#tgcInterpolateZUVH,https://docs.tuflow.com/classic-hpc/manual/2023-03/TGCCommands-1.html
TGC,Interpolate ZUVH ALL,Interpolate ZUVH [ {} | ALL ] [ {} | MAX ],,Classic and HPC,false,https://docs.tuflow.com/classic-hpc/manual/2023-03/TGCCommands-1.html#tgcInterpolateZUVH,https://docs.tuflow.com/classic-hpc/manual/2023-03/TGCCommands-1.html
TGC,Interpolate ZUVH ALL MAX,Interpolate ZUVH [ {} | ALL ] [ {} | MAX ],,Classic and HPC,false,https://docs.tuflow.com/classic-hpc/manual/2023-03/TGCCommands-1.html#tgcInterpolateZUVH,https://docs.tuflow.com/classic-hpc/manual/2023-03/TGCCommands-1.html
TGC,Orientation,Orientation,"[ ⟨ XX ⟩, ⟨ YX ⟩ ]",Classic and HPC,false,https://docs.tuflow.com/classic-hpc/manual/2023-03/TGCCommands-1.html#tgcOrientation,https://docs.tuflow.com/classic-hpc/manual/2023-03/TGCCommands-1.html
TGC,Orientation Angle,Orientation Angle,[ ⟨ angle ⟩ ],Classic and HPC,false,https://docs.tuflow.com/classic-hpc/manual/2023-03/TGCCommands-1.html#tgcOrientationAngle,https://docs.tuflow.com/classic-hpc/manual/2023-03/TGCCommands-1.html
TGC,Origin,Origin,"[ ⟨ OX ⟩, ⟨ OY ⟩ ]",Classic and HPC,false,https://docs.tuflow.com/classic-hpc/manual/2023-03/TGCCommands-1.html#tgcOrigin,https://docs.tuflow.com/classic-hpc/manual/2023-03/TGCCommands-1.html
TGC,Pause When Polyline Does Not Find Zpt,Pause When Polyline Does Not Find Zpt,[ ON | {OFF} ],Classic and HPC,true,https://docs.tuflow.com/classic-hpc/manual/2023-03/TGCCommands-1.html#tgcPauseWhenPolylineDoesNotFindZpt,https://docs.tuflow.com/classic-hpc/manual/2023-03/TGCCommands-1.html
TGC,Read File,Read File,[ ⟨ file ⟩ ],Classic and HPC,false,https://docs.tuflow.com/classic-hpc/manual/2023-03/TGCCommands-1.html#tgcReadFile,https://docs.tuflow.com/classic-hpc/manual/2023-03/TGCCommands-1.html
TGC,Read GIS ⟨option⟩,Read GIS ⟨option⟩,[ ⟨ gis_layer ⟩ ],Classic and HPC,false,https://docs.tuflow.com/classic-hpc/manual/2023-03/TGCCommands-1.html#tgcReadGIS,https://docs.tuflow.com/classic-hpc/manual/2023-03/TGCCommands-1.html
TGC,Read GIS BG Shape,Read GIS BG Shape,[ ⟨ gis_layer ⟩ ],Classic and HPC,false,https://docs.tuflow.com/classic-hpc/manual/2023-03/TGCCommands-1.html#tgcReadGISBGShape,https://docs.tuflow.com/classic-hpc/manual/2023-03/TGCCommands-1.html
TGC,Read GIS CnM,Read GIS CnM,[ ⟨ gis_layer ⟩ ],Classic Only,false,https://docs.tuflow.com/classic-hpc/manual/2023-03/TGCCommands-1.html#tgcReadGISCnM,https://docs.tuflow.com/classic-hpc/manual/2023-03/TGCCommands-1.html
TGC,Read GIS Code,Read GIS Code [ {} | BC | Invert | BC Invert ],[ ⟨ gis_layer ⟩ ],Classic and HPC,false,https://docs.tuflow.com/classic-hpc/manual/2023-03/TGCCommands-1.html#tgcReadGISCode,https://docs.tuflow.com/classic-hpc/manual/2023-03/TGCCommands-1.html
TGC,Read GIS Code BC,Read GIS Code [ {} | BC | Invert | BC Invert ],[ ⟨ gis_layer ⟩ ],Classic and HPC,false,https://docs.tuflow.com/classic-hpc/manual/2023-03/TGCCommands-1.html#tgcReadGISCode,https://docs.tuflow.com/classic-hpc/manual/2023-03/TGCCommands-1.html
TGC,Read GIS Code Invert,Read GIS Code [ {} | BC | Invert | BC Invert ],[ ⟨ gis_layer ⟩ ],Classic and HPC,false,https://docs.tuflow.com/classic-hpc/manual/2023-03/TGCCommands-1.html#tgcReadGISCode,https://docs.tuflow.com/classic-hpc/manual/2023-03/TGCCommands-1.html
TGC,Read GIS Code BC Invert,Read GIS Code [ {} | BC | Invert | BC Invert ],[ ⟨ gis_layer ⟩ ],Classic and HPC,false,https://docs.tuflow.com/classic-hpc/manual/2023-03/TGCCommands-1.html#tgcReadGISCode,https://docs.tuflow.com/classic-hpc/manual/2023-03/TGCCommands-1.html
TGC,Read GIS CWF,Read GIS CWF,[ ⟨ gis_layer ⟩ ],Classic and HPC,false,https://docs.tuflow.com/classic-hpc/manual/2023-03/TGCCommands-1.html#tgcReadGISCWF,https://docs.tuflow.com/classic-hpc/manual/2023-03/TGCCommands-1.html
TGC,Read GIS FC Shape,Read GIS FC Shape [ {} | Write TIN ],[ ⟨ gis_layer ⟩ ],Classic,false,https://docs.tuflow.com/classic-hpc/manual/2023-03/TGCCommands-1.html#tgcReadGISFCShape,https://docs.tuflow.com/classic-hpc/manual/2023-03/TGCCommands-1.html
TGC,Read GIS FC Shape Write TIN,Read GIS FC Shape [ {} | Write TIN ],[ ⟨ gis_layer ⟩ ],Classic,false,https://docs.tuflow.com/classic-hpc/manual/2023-03/TGCCommands-1.html#tgcReadGISFCShape,https://docs.tuflow.com/classic-hpc/manual/2023-03/TGCCommands-1.html
TGC,Read GIS FLC,Read GIS FLC,[ ⟨ gis_layer ⟩ ],Classic and HPC,false,https://docs.tuflow.com/classic-hpc/manual/2023-03/TGCCommands-1.html#tgcReadGISFLC,https://docs.tuflow.com/classic-hpc/manual/2023-03/TGCCommands-1.html
TGC,Read GIS FLC/L,Read GIS FLC/L,[ ⟨ gis_layer ⟩ ],Classic and HPC,false,https://docs.tuflow.com/classic-hpc/manual/2023-03/TGCCommands-1.html#tgcReadGISFLC/L,https://docs.tuflow.com/classic-hpc/manual/2023-03/TGCCommands-1.html
TGC,Read GIS FRIC,Read GIS FRIC,[ ⟨ gis_layer ⟩ ],Classic Only,false,https://docs.tuflow.com/classic-hpc/manual/2023-03/TGCCommands-1.html#tgcReadGISFRIC,https://docs.tuflow.com/classic-hpc/manual/2023-03/TGCCommands-1.html
TGC,Read GIS GWD,Read GIS GWD,[ ⟨ gis_layer ⟩ ],Classic and HPC,true,https://docs.tuflow.com/classic-hpc/manual/2023-03/TGCCommands-1.html#tgcReadGISGWD,https://docs.tuflow.com/classic-hpc/manual/2023-03/TGCCommands-1.html
TGC,Read GIS GWL,Read GIS GWL,[ ⟨ gis_layer ⟩ ],Classic and HPC,true,https://docs.tuflow.com/classic-hpc/manual/2023-03/TGCCommands-1.html#tgcReadGISGWL,https://docs.tuflow.com/classic-hpc/manual/2023-03/TGCCommands-1.html
TGC,"Read GIS IGW Conc Layer N1,N2,..N Tracer M1,M2,..M","Read GIS IGW Conc Layer N1,N2,..N Tracer M1,M2,..M",[ ⟨ gis_layer ⟩ ],HPC Only,false,https://docs.tuflow.com/classic-hpc/manual/2023-03/TGCCommands-1.html#tgcReadGISIGWConc,https://docs.tuflow.com/classic-hpc/manual/2023-03/TGCCommands-1.html
TGC,Read GIS IGW Depth,Read GIS IGW Depth [{} | ⟨ Layer N ⟩ ],[ ⟨ gis_layer ⟩ ],Classic and HPC,false,https://docs.tuflow.com/classic-hpc/manual/2023-03/TGCCommands-1.html#tgcReadGISIGWDepth,https://docs.tuflow.com/classic-hpc/manual/2023-03/TGCCommands-1.html
TGC,Read GIS IGW Depth ⟨ Layer N ⟩,Read GIS IGW Depth [{} | ⟨ Layer N ⟩ ],[ ⟨ gis_layer ⟩ ],Classic and HPC,false,https://docs.tuflow.com/classic-hpc/manual/2023-03/TGCCommands-1.html#tgcReadGISIGWDepth,https://docs.tuflow.com/classic-hpc/manual/2023-03/TGCCommands-1.html
TGC,Read GIS IGW Level,Read GIS IGW Level [{} | ⟨ Layer N ⟩ ],[ ⟨ gis_layer ⟩ ],Classic and HPC,false,https://docs.tuflow.com/classic-hpc/manual/2023-03/TGCCommands-1.html#tgcReadGISIGWLevel,https://docs.tuflow.com/classic-hpc/manual/2023-03/TGCCommands-1.html
TGC,Read GIS IGW Level ⟨ Layer N ⟩,Read GIS IGW Level [{} | ⟨ Layer N ⟩ ],[ ⟨ gis_layer ⟩ ],Classic and HPC,false,https://docs.tuflow.com/classic-hpc/manual/2023-03/TGCCommands-1.html#tgcReadGISIGWLevel,https://docs.tuflow.com/classic-hpc/manual/2023-03/TGCCommands-1.html
TGC,Read GIS IWL,Read GIS IWL,[ ⟨ gis_layer ⟩ ],Classic and HPC,false,https://docs.tuflow.com/classic-hpc/manual/2023-03/TGCCommands-1.html#tgcReadGISIWL,https://docs.tuflow.com/classic-hpc/manual/2023-03/TGCCommands-1.html
TGC,Read GIS Layered FC Shape,Read GIS Layered FC Shape [ {} | Write TIN ],[ ⟨ gis_layer ⟩ ],Classic and HPC,false,https://docs.tuflow.com/classic-hpc/manual/2023-03/TGCCommands-1.html#tgcReadGISLayeredFCShape,https://docs.tuflow.com/classic-hpc/manual/2023-03/TGCCommands-1.html
TGC,Read GIS Layered FC Shape Write TIN,Read GIS Layered FC Shape [ {} | Write TIN ],[ ⟨ gis_layer ⟩ ],Classic and HPC,false,https://docs.tuflow.com/classic-hpc/manual/2023-03/TGCCommands-1.html#tgcReadGISLayeredFCShape,https://docs.tuflow.com/classic-hpc/manual/2023-03/TGCCommands-1.html
TGC,Read GIS Location,Read GIS Location,[ ⟨ gis_layer ⟩ ],Classic and HPC,false,https://docs.tuflow.com/classic-hpc/manual/2023-03/TGCCommands-1.html#tgcReadGISLocation,https://docs.tuflow.com/classic-hpc/manual/2023-03/TGCCommands-1.html
TGC,Read GIS Mat,Read GIS Mat,[ ⟨ gis_layer ⟩ ],Classic and HPC,false,https://docs.tuflow.com/classic-hpc/manual/2023-03/TGCCommands-1.html#tgcReadGISMat,https://docs.tuflow.com/classic-hpc/manual/2023-03/TGCCommands-1.html
TGC,Read GIS Objects RECORD GAUGE DATA,Read GIS Objects [ RECORD GAUGE DATA [ {} | USE ZC | ZPTS ] ],[ ⟨ gis_layer ⟩ ],Classic,false,https://docs.tuflow.com/classic-hpc/manual/2023-03/TGCCommands-1.html#tgcReadGISObjects,https://docs.tuflow.com/classic-hpc/manual/2023-03/TGCCommands-1.html
TGC,Read GIS Objects USE ZC ],Read GIS Objects [ RECORD GAUGE DATA [ {} | USE ZC | ZPTS ] ],[ ⟨ gis_layer ⟩ ],Classic,false,https://docs.tuflow.com/classic-hpc/manual/2023-03/TGCCommands-1.html#tgcReadGISObjects,https://docs.tuflow.com/classic-hpc/manual/2023-03/TGCCommands-1.html
TGC,Read GIS Objects ZPTS ],Read GIS Objects [ RECORD GAUGE DATA [ {} | USE ZC | ZPTS ] ],[ ⟨ gis_layer ⟩ ],Classic,false,https://docs.tuflow.com/classic-hpc/manual/2023-03/TGCCommands-1.html#tgcReadGISObjects,https://docs.tuflow.com/classic-hpc/manual/2023-03/TGCCommands-1.html
TGC,Read GIS Soil,Read GIS Soil [{} | ⟨ Layer N ⟩ ],[ ⟨ gis_layer ⟩ ],Classic and HPC,false,https://docs.tuflow.com/classic-hpc/manual/2023-03/TGCCommands-1.html#tgcReadGISSoil,https://docs.tuflow.com/classic-hpc/manual/2023-03/TGCCommands-1.html
TGC,Read GIS Soil ⟨ Layer N ⟩,Read GIS Soil [{} | ⟨ Layer N ⟩ ],[ ⟨ gis_layer ⟩ ],Classic and HPC,false,https://docs.tuflow.com/classic-hpc/manual/2023-03/TGCCommands-1.html#tgcReadGISSoil,https://docs.tuflow.com/classic-hpc/manual/2023-03/TGCCommands-1.html
TGC,Read GIS Soil Base Elevation,Read GIS Soil Base Elevation [{} | ⟨ Layer N ⟩ ],[ ⟨ gis_layer ⟩ ],Classic and HPC,false,https://docs.tuflow.com/classic-hpc/manual/2023-03/TGCCommands-1.html#tgcReadGISSoilBaseElevation,https://docs.tuflow.com/classic-hpc/manual/2023-03/TGCCommands-1.html
TGC,Read GIS Soil Base Elevation ⟨ Layer N ⟩,Read GIS Soil Base Elevation [{} | ⟨ Layer N ⟩ ],[ ⟨ gis_layer ⟩ ],Classic and HPC,false,https://docs.tuflow.com/classic-hpc/manual/2023-03/TGCCommands-1.html#tgcReadGISSoilBaseElevation,https://docs.tuflow.com/classic-hpc/manual/2023-03/TGCCommands-1.html
TGC,Read GIS Soil Thickness,Read GIS Soil Thickness [{} | ⟨ Layer N ⟩ ],[ ⟨ gis_layer ⟩ ],Classic and HPC,false,https://docs.tuflow.com/classic-hpc/manual/2023-03/TGCCommands-1.html#tgcReadGISSoilThickness,https://docs.tuflow.com/classic-hpc/manual/2023-03/TGCCommands-1.html
TGC,Read GIS Soil Thickness ⟨ Layer N ⟩,Read GIS Soil Thickness [{} | ⟨ Layer N ⟩ ],[ ⟨ gis_layer ⟩ ],Classic and HPC,false,https://docs.tuflow.com/classic-hpc/manual/2023-03/TGCCommands-1.html#tgcReadGISSoilThickness,https://docs.tuflow.com/classic-hpc/manual/2023-03/TGCCommands-1.html
TGC,Read GIS SRF,Read GIS SRF,[ ⟨ gis_layer ⟩ ],Classic and HPC,false,https://docs.tuflow.com/classic-hpc/manual/2023-03/TGCCommands-1.html#tgcReadGISSRF,https://docs.tuflow.com/classic-hpc/manual/2023-03/TGCCommands-1.html
TGC,Read GIS Variable Z Shape XF ON,Read GIS Variable Z Shape [ XF ON | XF OFF | Write TIN ],[ ⟨ gis_layer ⟩ ],Classic and HPC,false,https://docs.tuflow.com/classic-hpc/manual/2023-03/TGCCommands-1.html#tgcReadGISVariableZShape,https://docs.tuflow.com/classic-hpc/manual/2023-03/TGCCommands-1.html
TGC,Read GIS Variable Z Shape XF OFF,Read GIS Variable Z Shape [ XF ON | XF OFF | Write TIN ],[ ⟨ gis_layer ⟩ ],Classic and HPC,false,https://docs.tuflow.com/classic-hpc/manual/2023-03/TGCCommands-1.html#tgcReadGISVariableZShape,https://docs.tuflow.com/classic-hpc/manual/2023-03/TGCCommands-1.html
TGC,Read GIS Variable Z Shape Write TIN,Read GIS Variable Z Shape [ XF ON | XF OFF | Write TIN ],[ ⟨ gis_layer ⟩ ],Classic and HPC,false,https://docs.tuflow.com/classic-hpc/manual/2023-03/TGCCommands-1.html#tgcReadGISVariableZShape,https://docs.tuflow.com/classic-hpc/manual/2023-03/TGCCommands-1.html
TGC,Read GIS WrF,Read GIS WrF,[ ⟨ gis_layer ⟩ ],Classic and HPC,false,https://docs.tuflow.com/classic-hpc/manual/2023-03/TGCCommands-1.html#tgcReadGISWrF,https://docs.tuflow.com/classic-hpc/manual/2023-03/TGCCommands-1.html
TGC,Read GIS Z HX Line,Read GIS Z HX Line [ {} | RIDGE or MAX or RAISE ],[ ⟨ gis_layer ⟩ ],Classic and HPC,false,https://docs.tuflow.com/classic-hpc/manual/2023-03/TGCCommands-1.html#tgcReadGISZHXLine,https://docs.tuflow.com/classic-hpc/manual/2023-03/TGCCommands-1.html
TGC,Read GIS Z HX Line RIDGE or MAX or RAISE,Read GIS Z HX Line [ {} | RIDGE or MAX or RAISE ],[ ⟨ gis_layer ⟩ ],Classic and HPC,false,https://docs.tuflow.com/classic-hpc/manual/2023-03/TGCCommands-1.html#tgcReadGISZHXLine,https://docs.tuflow.com/classic-hpc/manual/2023-03/TGCCommands-1.html
TGC,Read GIS Z Line,Read GIS Z Line,[ ⟨ gis_layer ⟩ ],Classic and HPC,true,https://docs.tuflow.com/classic-hpc/manual/2023-03/TGCCommands-1.html#tgcReadGISZLine,https://docs.tuflow.com/classic-hpc/manual/2023-03/TGCCommands-1.html
TGC,Read GIS Z Shape XF ON,Read GIS Z Shape [ {} | RIDGE or MAX or RAISE | GULLY or MIN or LOWER ] [ XF ON | XF OFF | Write TIN],[ ⟨ gis_layer ⟩ ],Classic and HPC,false,https://docs.tuflow.com/classic-hpc/manual/2023-03/TGCCommands-1.html#tgcReadGISZShape,https://docs.tuflow.com/classic-hpc/manual/2023-03/TGCCommands-1.html
TGC,Read GIS Z Shape XF OFF,Read GIS Z Shape [ {} | RIDGE or MAX or RAISE | GULLY or MIN or LOWER ] [ XF ON | XF OFF | Write TIN],[ ⟨ gis_layer ⟩ ],Classic and HPC,false,https://docs.tuflow.com/classic-hpc/manual/2023-03/TGCCommands-1.html#tgcReadGISZShape,https://docs.tuflow.com/classic-hpc/manual/2023-03/TGCCommands-1.html
TGC,Read GIS Z Shape Write TIN,Read GIS Z Shape [ {} | RIDGE or MAX or RAISE | GULLY or MIN or LOWER ] [ XF ON | XF OFF | Write TIN],[ ⟨ gis_layer ⟩ ],Classic and HPC,false,https://docs.tuflow.com/classic-hpc/manual/2023-03/TGCCommands-1.html#tgcReadGISZShape,https://docs.tuflow.com/classic-hpc/manual/2023-03/TGCCommands-1.html
TGC,Read GIS Z Shape RIDGE or MAX or RAISE XF ON,Read GIS Z Shape [ {} | RIDGE or MAX or RAISE | GULLY or MIN or LOWER ] [ XF ON | XF OFF | Write TIN],[ ⟨ gis_layer ⟩ ],Classic and HPC,false,https://docs.tuflow.com/classic-hpc/manual/2023-03/TGCCommands-1.html#tgcReadGISZShape,https://docs.tuflow.com/classic-hpc/manual/2023-03/TGCCommands-1.html
TGC,Read GIS Z Shape RIDGE or MAX or RAISE XF OFF,Read GIS Z Shape [ {} | RIDGE or MAX or RAISE | GULLY or MIN or LOWER ] [ XF ON | XF OFF | Write TIN],[ ⟨ gis_layer ⟩ ],Classic and HPC,false,https://docs.tuflow.com/classic-hpc/manual/2023-03/TGCCommands-1.html#tgcReadGISZShape,https://docs.tuflow.com/classic-hpc/manual/2023-03/TGCCommands-1.html
TGC,Read GIS Z Shape RIDGE or MAX or RAISE Write TIN,Read GIS Z Shape [ {} | RIDGE or MAX or RAISE | GULLY or MIN or LOWER ] [ XF ON | XF OFF | Write TIN],[ ⟨ gis_layer ⟩ ],Classic and HPC,false,https://docs.tuflow.com/classic-hpc/manual/2023-03/TGCCommands-1.html#tgcReadGISZShape,https://docs.tuflow.com/classic-hpc/manual/2023-03/TGCCommands-1.html
TGC,Read GIS Z Shape GULLY or MIN or LOWER XF ON,Read GIS Z Shape [ {} | RIDGE or MAX or RAISE | GULLY or MIN or LOWER ] [ XF ON | XF OFF | Write TIN],[ ⟨ gis_layer ⟩ ],Classic and HPC,false,https://docs.tuflow.com/classic-hpc/manual/2023-03/TGCCommands-1.html#tgcReadGISZShape,https://docs.tuflow.com/classic-hpc/manual/2023-03/TGCCommands-1.html
TGC,Read GIS Z Shape GULLY or MIN or LOWER XF OFF,Read GIS Z Shape [ {} | RIDGE or MAX or RAISE | GULLY or MIN or LOWER ] [ XF ON | XF OFF | Write TIN],[ ⟨ gis_layer ⟩ ],Classic and HPC,false,https://docs.tuflow.com/classic-hpc/manual/2023-03/TGCCommands-1.html#tgcReadGISZShape,https://docs.tuflow.com/classic-hpc/manual/2023-03/TGCCommands-1.html
TGC,Read GIS Z Shape GULLY or MIN or LOWER Write TIN,Read GIS Z Shape [ {} | RIDGE or MAX or RAISE | GULLY or MIN or LOWER ] [ XF ON | XF OFF | Write TIN],[ ⟨ gis_layer ⟩ ],Classic and HPC,false,https://docs.tuflow.com/classic-hpc/manual/2023-03/TGCCommands-1.html#tgcReadGISZShape,https://docs.tuflow.com/classic-hpc/manual/2023-03/TGCCommands-1.html
TGC,Read GIS Z Shape Route,Read GIS Z Shape Route [ {} | RIDGE or MAX or RAISE | GULLY or MIN or LOWER | Write TIN ],[ ⟨ gis_layer ⟩ ],Classic,false,https://docs.tuflow.com/classic-hpc/manual/2023-03/TGCCommands-1.html#tgcReadGISZShapeRoute,https://docs.tuflow.com/classic-hpc/manual/2023-03/TGCCommands-1.html
TGC,Read GIS Z Shape Route RIDGE or MAX or RAISE,Read GIS Z Shape Route [ {} | RIDGE or MAX or RAISE | GULLY or MIN or LOWER | Write TIN ],[ ⟨ gis_layer ⟩ ],Classic,false,https://docs.tuflow.com/classic-hpc/manual/2023-03/TGCCommands-1.html#tgcReadGISZShapeRoute,https://docs.tuflow.com/classic-hpc/manual/2023-03/TGCCommands-1.html
TGC,Read GIS Z Shape Route GULLY or MIN or LOWER,Read GIS Z Shape Route [ {} | RIDGE or MAX or RAISE | GULLY or MIN or LOWER | Write TIN ],[ ⟨ gis_layer ⟩ ],Classic,false,https://docs.tuflow.com/classic-hpc/manual/2023-03/TGCCommands-1.html#tgcReadGISZShapeRoute,https://docs.tuflow.com/classic-hpc/manual/2023-03/TGCCommands-1.html
TGC,Read GIS Z Shape Route Write TIN,Read GIS Z Shape Route [ {} | RIDGE or MAX or RAISE | GULLY or MIN or LOWER | Write TIN ],[ ⟨ gis_layer ⟩ ],Classic,false,https://docs.tuflow.com/classic-hpc/manual/2023-03/TGCCommands-1.html#tgcReadGISZShapeRoute,https://docs.tuflow.com/classic-hpc/manual/2023-03/TGCCommands-1.html
TGC,Read GIS Zpts Modify Conveyance,Read GIS Zpts Modify Conveyance,[ ⟨ gis_layer ⟩ | ⟨k_factor ⟩ | ⟨ water_level_grid ⟩ ],Classic and HPC,false,https://docs.tuflow.com/classic-hpc/manual/2023-03/TGCCommands-1.html#tgcReadGISZptModifyConveyance,https://docs.tuflow.com/classic-hpc/manual/2023-03/TGCCommands-1.html
TGC,Read GIS Zpts,Read GIS Zpts [ {} | ADD | MAX | MIN ],[ ⟨ gis_layer ⟩ ],Classic and HPC,false,https://docs.tuflow.com/classic-hpc/manual/2023-03/TGCCommands-1.html#tgcReadGISZpt,https://docs.tuflow.com/classic-hpc/manual/2023-03/TGCCommands-1.html
TGC,Read GIS Zpts ADD,Read GIS Zpts [ {} | ADD | MAX | MIN ],[ ⟨ gis_layer ⟩ ],Classic and HPC,false,https://docs.tuflow.com/classic-hpc/manual/2023-03/TGCCommands-1.html#tgcReadGISZpt,https://docs.tuflow.com/classic-hpc/manual/2023-03/TGCCommands-1.html
TGC,Read GIS Zpts MAX,Read GIS Zpts [ {} | ADD | MAX | MIN ],[ ⟨ gis_layer ⟩ ],Classic and HPC,false,https://docs.tuflow.com/classic-hpc/manual/2023-03/TGCCommands-1.html#tgcReadGISZpt,https://docs.tuflow.com/classic-hpc/manual/2023-03/TGCCommands-1.html
TGC,Read GIS Zpts MIN,Read GIS Zpts [ {} | ADD | MAX | MIN ],[ ⟨ gis_layer ⟩ ],Classic and HPC,false,https://docs.tuflow.com/classic-hpc/manual/2023-03/TGCCommands-1.html#tgcReadGISZpt,https://docs.tuflow.com/classic-hpc/manual/2023-03/TGCCommands-1.html
TGC,Read Grid ⟨option⟩,Read Grid ⟨option⟩,[ ⟨ grid_file ⟩ ],Classic and HPC,false,https://docs.tuflow.com/classic-hpc/manual/2023-03/TGCCommands-1.html#tgcReadGrid,https://docs.tuflow.com/classic-hpc/manual/2023-03/TGCCommands-1.html
TGC,Read Grid CWF,Read Grid CWF,[ ⟨ grid_file ⟩ ],Classic and HPC,false,https://docs.tuflow.com/classic-hpc/manual/2023-03/TGCCommands-1.html#tgcReadGridCWF,https://docs.tuflow.com/classic-hpc/manual/2023-03/TGCCommands-1.html
TGC,Read Grid CnM,Read Grid CnM,[ ⟨ grid_file ⟩ ],Classic Only,false,https://docs.tuflow.com/classic-hpc/manual/2023-03/TGCCommands-1.html#tgcReadGridCnM,https://docs.tuflow.com/classic-hpc/manual/2023-03/TGCCommands-1.html
TGC,Read Grid Code,Read Grid Code,[ ⟨ grid_file ⟩ ],Classic and HPC,false,https://docs.tuflow.com/classic-hpc/manual/2023-03/TGCCommands-1.html#tgcReadGridCode,https://docs.tuflow.com/classic-hpc/manual/2023-03/TGCCommands-1.html
TGC,Read Grid FLC,Read Grid FLC,[ ⟨ grid_file ⟩ ],Classic and HPC,false,https://docs.tuflow.com/classic-hpc/manual/2023-03/TGCCommands-1.html#tgcReadGridFLC,https://docs.tuflow.com/classic-hpc/manual/2023-03/TGCCommands-1.html
TGC,Read Grid FLC/L,Read Grid FLC/L,[ ⟨ grid_file ⟩ ],Classic and HPC,false,https://docs.tuflow.com/classic-hpc/manual/2023-03/TGCCommands-1.html#tgcReadGridFLC/L,https://docs.tuflow.com/classic-hpc/manual/2023-03/TGCCommands-1.html
TGC,Read Grid GWD,Read Grid GWD,[ ⟨ grid_file ⟩ ],Classic and HPC,true,https://docs.tuflow.com/classic-hpc/manual/2023-03/TGCCommands-1.html#tgcReadGridGWD,https://docs.tuflow.com/classic-hpc/manual/2023-03/TGCCommands-1.html
TGC,Read Grid GWL,Read Grid GWL,[ ⟨ grid_file ⟩ ],Classic and HPC,true,https://docs.tuflow.com/classic-hpc/manual/2023-03/TGCCommands-1.html#tgcReadGridGWL,https://docs.tuflow.com/classic-hpc/manual/2023-03/TGCCommands-1.html
TGC,"Read Grid IGW Conc Layer N1,N2,..N Tracer M1,M2,..M","Read Grid IGW Conc Layer N1,N2,..N Tracer M1,M2,..M",[ ⟨ grid_file ⟩ ],HPC Only,false,https://docs.tuflow.com/classic-hpc/manual/2023-03/TGCCommands-1.html#tgcReadGridIGWConc,https://docs.tuflow.com/classic-hpc/manual/2023-03/TGCCommands-1.html
TGC,Read Grid IGW Depth,Read Grid IGW Depth [{} | ⟨ Layer N ⟩ ],[ ⟨ grid_file ⟩ ],Classic and HPC,false,https://docs.tuflow.com/classic-hpc/manual/2023-03/TGCCommands-1.html#tgcReadGridIGWDepth,https://docs.tuflow.com/classic-hpc/manual/2023-03/TGCCommands-1.html
TGC,Read Grid IGW Depth ⟨ Layer N ⟩,Read Grid IGW Depth [{} | ⟨ Layer N ⟩ ],[ ⟨ grid_file ⟩ ],Classic and HPC,false,https://docs.tuflow.com/classic-hpc/manual/2023-03/TGCCommands-1.html#tgcReadGridIGWDepth,https://docs.tuflow.com/classic-hpc/manual/2023-03/TGCCommands-1.html
TGC,Read Grid IGW Level,Read Grid IGW Level [{} | ⟨ Layer N ⟩ ],[ ⟨ grid_file ⟩ ],Classic and HPC,false,https://docs.tuflow.com/classic-hpc/manual/2023-03/TGCCommands-1.html#tgcReadGridIGWLevel,https://docs.tuflow.com/classic-hpc/manual/2023-03/TGCCommands-1.html
TGC,Read Grid IGW Level ⟨ Layer N ⟩,Read Grid IGW Level [{} | ⟨ Layer N ⟩ ],[ ⟨ grid_file ⟩ ],Classic and HPC,false,https://docs.tuflow.com/classic-hpc/manual/2023-03/TGCCommands-1.html#tgcReadGridIGWLevel,https://docs.tuflow.com/classic-hpc/manual/2023-03/TGCCommands-1.html
TGC,Read Grid IWL,Read Grid IWL,[ ⟨ grid_file ⟩ ],Classic and HPC,false,https://docs.tuflow.com/classic-hpc/manual/2023-03/TGCCommands-1.html#tgcReadGridIWL,https://docs.tuflow.com/classic-hpc/manual/2023-03/TGCCommands-1.html
TGC,Read Grid Location,Read Grid Location,[ ⟨ grid_file ⟩ ],Classic and HPC,false,https://docs.tuflow.com/classic-hpc/manual/2023-03/TGCCommands-1.html#tgcReadGridLocation,https://docs.tuflow.com/classic-hpc/manual/2023-03/TGCCommands-1.html
TGC,Read Grid Mat,Read Grid Mat,[ ⟨ grid_file ⟩ ],Classic and HPC,false,https://docs.tuflow.com/classic-hpc/manual/2023-03/TGCCommands-1.html#tgcReadGridMat,https://docs.tuflow.com/classic-hpc/manual/2023-03/TGCCommands-1.html
TGC,Read Grid Soil,Read Grid Soil [{} | ⟨ Layer N ⟩ ],[ ⟨ grid_file ⟩ ],Classic and HPC,false,https://docs.tuflow.com/classic-hpc/manual/2023-03/TGCCommands-1.html#tgcReadGridSoil,https://docs.tuflow.com/classic-hpc/manual/2023-03/TGCCommands-1.html
TGC,Read Grid Soil ⟨ Layer N ⟩,Read Grid Soil [{} | ⟨ Layer N ⟩ ],[ ⟨ grid_file ⟩ ],Classic and HPC,false,https://docs.tuflow.com/classic-hpc/manual/2023-03/TGCCommands-1.html#tgcReadGridSoil,https://docs.tuflow.com/classic-hpc/manual/2023-03/TGCCommands-1.html
TGC,Read Grid Soil Base Elevation,Read Grid Soil Base Elevation [{} | ⟨ Layer N ⟩ ],[ ⟨ grid_file ⟩ ],Classic and HPC,false,https://docs.tuflow.com/classic-hpc/manual/2023-03/TGCCommands-1.html#tgcReadGridSoilBaseElevation,https://docs.tuflow.com/classic-hpc/manual/2023-03/TGCCommands-1.html
TGC,Read Grid Soil Base Elevation ⟨ Layer N ⟩,Read Grid Soil Base Elevation [{} | ⟨ Layer N ⟩ ],[ ⟨ grid_file ⟩ ],Classic and HPC,false,https://docs.tuflow.com/classic-hpc/manual/2023-03/TGCCommands-1.html#tgcReadGridSoilBaseElevation,https://docs.tuflow.com/classic-hpc/manual/2023-03/TGCCommands-1.html
TGC,Read Grid Soil Thickness,Read Grid Soil Thickness [{} | ⟨ Layer N ⟩ ],[ ⟨ grid_file ⟩ ],Classic and HPC,false,https://docs.tuflow.com/classic-hpc/manual/2023-03/TGCCommands-1.html#tgcReadGridSoilThickness,https://docs.tuflow.com/classic-hpc/manual/2023-03/TGCCommands-1.html
TGC,Read Grid Soil Thickness ⟨ Layer N ⟩,Read Grid Soil Thickness [{} | ⟨ Layer N ⟩ ],[ ⟨ grid_file ⟩ ],Classic and HPC,false,https://docs.tuflow.com/classic-hpc/manual/2023-03/TGCCommands-1.html#tgcReadGridSoilThickness,https://docs.tuflow.com/classic-hpc/manual/2023-03/TGCCommands-1.html
TGC,Read Grid SRF,Read Grid SRF,[ ⟨ grid_file ⟩ ],Classic and HPC,false,https://docs.tuflow.com/classic-hpc/manual/2023-03/TGCCommands-1.html#tgcReadGridSRF,https://docs.tuflow.com/classic-hpc/manual/2023-03/TGCCommands-1.html
TGC,Read Grid WrF,Read Grid WrF,[ ⟨ grid_file ⟩ ],Classic and HPC,false,https://docs.tuflow.com/classic-hpc/manual/2023-03/TGCCommands-1.html#tgcReadGridWrF,https://docs.tuflow.com/classic-hpc/manual/2023-03/TGCCommands-1.html
TGC,Read Grid Zpts XF ON,Read Grid Zpts [ {} | ADD | MAX | MIN ] [ {XF ON} | XF OFF ],[ ⟨ grid_file ⟩ | ⟨ gis_layer ⟩ ],Classic and HPC,false,https://docs.tuflow.com/classic-hpc/manual/2023-03/TGCCommands-1.html#tgcReadGridZpts,https://docs.tuflow.com/classic-hpc/manual/2023-03/TGCCommands-1.html
TGC,Read Grid Zpts,Read Grid Zpts [ {} | ADD | MAX | MIN ] [ {XF ON} | XF OFF ],[ ⟨ grid_file ⟩ | ⟨ gis_layer ⟩ ],Classic and HPC,false,https://docs.tuflow.com/classic-hpc/manual/2023-03/TGCCommands-1.html#tgcReadGridZpts,https://docs.tuflow.com/classic-hpc/manual/2023-03/TGCCommands-1.html
TGC,Read Grid Zpts XF OFF,Read Grid Zpts [ {} | ADD | MAX | MIN ] [ {XF ON} | XF OFF ],[ ⟨ grid_file ⟩ | ⟨ gis_layer ⟩ ],Classic and HPC,false,https://docs.tuflow.com/classic-hpc/manual/2023-03/TGCCommands-1.html#tgcReadGridZpts,https://docs.tuflow.com/classic-hpc/manual/2023-03/TGCCommands-1.html
TGC,Read Grid Zpts ADD XF ON,Read Grid Zpts [ {} | ADD | MAX | MIN ] [ {XF ON} | XF OFF ],[ ⟨ grid_file ⟩ | ⟨ gis_layer ⟩ ],Classic and HPC,false,https://docs.tuflow.com/classic-hpc/manual/2023-03/TGCCommands-1.html#tgcReadGridZpts,https://docs.tuflow.com/classic-hpc/manual/2023-03/TGCCommands-1.html
TGC,Read Grid Zpts ADD,Read Grid Zpts [ {} | ADD | MAX | MIN ] [ {XF ON} | XF OFF ],[ ⟨ grid_file ⟩ | ⟨ gis_layer ⟩ ],Classic and HPC,false,https://docs.tuflow.com/classic-hpc/manual/2023-03/TGCCommands-1.html#tgcReadGridZpts,https://docs.tuflow.com/classic-hpc/manual/2023-03/TGCCommands-1.html
TGC,Read Grid Zpts ADD XF OFF,Read Grid Zpts [ {} | ADD | MAX | MIN ] [ {XF ON} | XF OFF ],[ ⟨ grid_file ⟩ | ⟨ gis_layer ⟩ ],Classic and HPC,false,https://docs.tuflow.com/classic-hpc/manual/2023-03/TGCCommands-1.html#tgcReadGridZpts,https://docs.tuflow.com/classic-hpc/manual/2023-03/TGCCommands-1.html
TGC,Read Grid Zpts MAX XF ON,Read Grid Zpts [ {} | ADD | MAX | MIN ] [ {XF ON} | XF OFF ],[ ⟨ grid_file ⟩ | ⟨ gis_layer ⟩ ],Classic and HPC,false,https://docs.tuflow.com/classic-hpc/manual/2023-03/TGCCommands-1.html#tgcReadGridZpts,https://docs.tuflow.com/classic-hpc/manual/2023-03/TGCCommands-1.html
TGC,Read Grid Zpts MAX,Read Grid Zpts [ {} | ADD | MAX | MIN ] [ {XF ON} | XF OFF ],[ ⟨ grid_file ⟩ | ⟨ gis_layer ⟩ ],Classic and HPC,false,https://docs.tuflow.com/classic-hpc/manual/2023-03/TGCCommands-1.html#tgcReadGridZpts,https://docs.tuflow.com/classic-hpc/manual/2023-03/TGCCommands-1.html
TGC,Read Grid Zpts MAX XF OFF,Read Grid Zpts [ {} | ADD | MAX | MIN ] [ {XF ON} | XF OFF ],[ ⟨ grid_file ⟩ | ⟨ gis_layer ⟩ ],Classic and HPC,false,https://docs.tuflow.com/classic-hpc/manual/2023-03/TGCCommands-1.html#tgcReadGridZpts,https://docs.tuflow.com/classic-hpc/manual/2023-03/TGCCommands-1.html
TGC,Read Grid Zpts MIN XF ON,Read Grid Zpts [ {} | ADD | MAX | MIN ] [ {XF ON} | XF OFF ],[ ⟨ grid_file ⟩ | ⟨ gis_layer ⟩ ],Classic and HPC,false,https://docs.tuflow.com/classic-hpc/manual/2023-03/TGCCommands-1.html#tgcReadGridZpts,https://docs.tuflow.com/classic-hpc/manual/2023-03/TGCCommands-1.html
TGC,Read Grid Zpts MIN,Read Grid Zpts [ {} | ADD | MAX | MIN ] [ {XF ON} | XF OFF ],[ ⟨ grid_file ⟩ | ⟨ gis_layer ⟩ ],Classic and HPC,false,https://docs.tuflow.com/classic-hpc/manual/2023-03/TGCCommands-1.html#tgcReadGridZpts,https://docs.tuflow.com/classic-hpc/manual/2023-03/TGCCommands-1.html
TGC,Read Grid Zpts MIN XF OFF,Read Grid Zpts [ {} | ADD | MAX | MIN ] [ {XF ON} | XF OFF ],[ ⟨ grid_file ⟩ | ⟨ gis_layer ⟩ ],Classic and HPC,false,https://docs.tuflow.com/classic-hpc/manual/2023-03/TGCCommands-1.html#tgcReadGridZpts,https://docs.tuflow.com/classic-hpc/manual/2023-03/TGCCommands-1.html
TGC,Read RowCol ⟨option⟩,Read RowCol ⟨option⟩,[ ⟨ mid_file ⟩ ],Classic and HPC,true,https://docs.tuflow.com/classic-hpc/manual/2023-03/TGCCommands-1.html#tgcReadRowCol,https://docs.tuflow.com/classic-hpc/manual/2023-03/TGCCommands-1.html
TGC,Read RowCol WrF,Read RowCol WrF,[ ⟨ mid_file ⟩ ],Classic and HPC,true,https://docs.tuflow.com/classic-hpc/manual/2023-03/TGCCommands-1.html#tgcReadRowColWrF,https://docs.tuflow.com/classic-hpc/manual/2023-03/TGCCommands-1.html
TGC,Read RowCol Zpts XF ON,Read RowCol Zpts [ {} | ADD | MAX | MIN ] [ XF ON | XF OFF ],[ ⟨ zpt_file ⟩ ],Classic and HPC,true,https://docs.tuflow.com/classic-hpc/manual/2023-03/TGCCommands-1.html#tgcReadRowColGrid,https://docs.tuflow.com/classic-hpc/manual/2023-03/TGCCommands-1.html
TGC,Read RowCol Zpts XF OFF,Read RowCol Zpts [ {} | ADD | MAX | MIN ] [ XF ON | XF OFF ],[ ⟨ zpt_file ⟩ ],Classic and HPC,true,https://docs.tuflow.com/classic-hpc/manual/2023-03/TGCCommands-1.html#tgcReadRowColGrid,https://docs.tuflow.com/classic-hpc/manual/2023-03/TGCCommands-1.html
TGC,Read RowCol Zpts ADD XF ON,Read RowCol Zpts [ {} | ADD | MAX | MIN ] [ XF ON | XF OFF ],[ ⟨ zpt_file ⟩ ],Classic and HPC,true,https://docs.tuflow.com/classic-hpc/manual/2023-03/TGCCommands-1.html#tgcReadRowColGrid,https://docs.tuflow.com/classic-hpc/manual/2023-03/TGCCommands-1.html
TGC,Read RowCol Zpts ADD XF OFF,Read RowCol Zpts [ {} | ADD | MAX | MIN ] [ XF ON | XF OFF ],[ ⟨ zpt_file ⟩ ],Classic and HPC,true,https://docs.tuflow.com/classic-hpc/manual/2023-03/TGCCommands-1.html#tgcReadRowColGrid,https://docs.tuflow.com/classic-hpc/manual/2023-03/TGCCommands-1.html
TGC,Read RowCol Zpts MAX XF ON,Read RowCol Zpts [ {} | ADD | MAX | MIN ] [ XF ON | XF OFF ],[ ⟨ zpt_file ⟩ ],Classic and HPC,true,https://docs.tuflow.com/classic-hpc/manual/2023-03/TGCCommands-1.html#tgcReadRowColGrid,https://docs.tuflow.com/classic-hpc/manual/2023-03/TGCCommands-1.html
TGC,Read RowCol Zpts MAX XF OFF,Read RowCol Zpts [ {} | ADD | MAX | MIN ] [ XF ON | XF OFF ],[ ⟨ zpt_file ⟩ ],Classic and HPC,true,https://docs.tuflow.com/classic-hpc/manual/2023-03/TGCCommands-1.html#tgcReadRowColGrid,https://docs.tuflow.com/classic-hpc/manual/2023-03/TGCCommands-1.html
TGC,Read RowCol Zpts MIN XF ON,Read RowCol Zpts [ {} | ADD | MAX | MIN ] [ XF ON | XF OFF ],[ ⟨ zpt_file ⟩ ],Classic and HPC,true,https://docs.tuflow.com/classic-hpc/manual/2023-03/TGCCommands-1.html#tgcReadRowColGrid,https://docs.tuflow.com/classic-hpc/manual/2023-03/TGCCommands-1.html
TGC,Read RowCol Zpts MIN XF OFF,Read RowCol Zpts [ {} | ADD | MAX | MIN ] [ XF ON | XF OFF ],[ ⟨ zpt_file ⟩ ],Classic and HPC,true,https://docs.tuflow.com/classic-hpc/manual/2023-03/TGCCommands-1.html#tgcReadRowColGrid,https://docs.tuflow.com/classic-hpc/manual/2023-03/TGCCommands-1.html
TGC,Read TIN Zpts XF ON,Read TIN Zpts [ {} | ADD | MAX | MIN ] [ {XF ON} | XF OFF,[ ⟨ tin_file ⟩ | ⟨ gis_layer ⟩ ],Classic and HPC,false,https://docs.tuflow.com/classic-hpc/manual/2023-03/TGCCommands-1.html#tgcReadTINZpts,https://docs.tuflow.com/classic-hpc/manual/2023-03/TGCCommands-1.html
TGC,Read TIN Zpts,Read TIN Zpts [ {} | ADD | MAX | MIN ] [ {XF ON} | XF OFF,[ ⟨ tin_file ⟩ | ⟨ gis_layer ⟩ ],Classic and HPC,false,https://docs.tuflow.com/classic-hpc/manual/2023-03/TGCCommands-1.html#tgcReadTINZpts,https://docs.tuflow.com/classic-hpc/manual/2023-03/TGCCommands-1.html
TGC,Read TIN Zpts XF OFF,Read TIN Zpts [ {} | ADD | MAX | MIN ] [ {XF ON} | XF OFF,[ ⟨ tin_file ⟩ | ⟨ gis_layer ⟩ ],Classic and HPC,false,https://docs.tuflow.com/classic-hpc/manual/2023-03/TGCCommands-1.html#tgcReadTINZpts,https://docs.tuflow.com/classic-hpc/manual/2023-03/TGCCommands-1.html
TGC,Read TIN Zpts ADD XF ON,Read TIN Zpts [ {} | ADD | MAX | MIN ] [ {XF ON} | XF OFF,[ ⟨ tin_file ⟩ | ⟨ gis_layer ⟩ ],Classic and HPC,false,https://docs.tuflow.com/classic-hpc/manual/2023-03/TGCCommands-1.html#tgcReadTINZpts,https://docs.tuflow.com/classic-hpc/manual/2023-03/TGCCommands-1.html
TGC,Read TIN Zpts ADD,Read TIN Zpts [ {} | ADD | MAX | MIN ] [ {XF ON} | XF OFF,[ ⟨ tin_file ⟩ | ⟨ gis_layer ⟩ ],Classic and HPC,false,https://docs.tuflow.com/classic-hpc/manual/2023-03/TGCCommands-1.html#tgcReadTINZpts,https://docs.tuflow.com/classic-hpc/manual/2023-03/TGCCommands-1.html
TGC,Read TIN Zpts ADD XF OFF,Read TIN Zpts [ {} | ADD | MAX | MIN ] [ {XF ON} | XF OFF,[ ⟨ tin_file ⟩ | ⟨ gis_layer ⟩ ],Classic and HPC,false,https://docs.tuflow.com/classic-hpc/manual/2023-03/TGCCommands-1.html#tgcReadTINZpts,https://docs.tuflow.com/classic-hpc/manual/2023-03/TGCCommands-1.html
TGC,Read TIN Zpts MAX XF ON,Read TIN Zpts [ {} | ADD | MAX | MIN ] [ {XF ON} | XF OFF,[ ⟨ tin_file ⟩ | ⟨ gis_layer ⟩ ],Classic and HPC,false,https://docs.tuflow.com/classic-hpc/manual/2023-03/TGCCommands-1.html#tgcReadTINZpts,https://docs.tuflow.com/classic-hpc/manual/2023-03/TGCCommands-1.html
TGC,Read TIN Zpts MAX,Read TIN Zpts [ {} | ADD | MAX | MIN ] [ {XF ON} | XF OFF,[ ⟨ tin_file ⟩ | ⟨ gis_layer ⟩ ],Classic and HPC,false,https://docs.tuflow.com/classic-hpc/manual/2023-03/TGCCommands-1.html#tgcReadTINZpts,https://docs.tuflow.com/classic-hpc/manual/2023-03/TGCCommands-1.html
TGC,Read TIN Zpts MAX XF OFF,Read TIN Zpts [ {} | ADD | MAX | MIN ] [ {XF ON} | XF OFF,[ ⟨ tin_file ⟩ | ⟨ gis_layer ⟩ ],Classic and HPC,false,https://docs.tuflow.com/classic-hpc/manual/2023-03/TGCCommands-1.html#tgcReadTINZpts,https://docs.tuflow.com/classic-hpc/manual/2023-03/TGCCommands-1.html
TGC,Read TIN Zpts MIN XF ON,Read TIN Zpts [ {} | ADD | MAX | MIN ] [ {XF ON} | XF OFF,[ ⟨ tin_file ⟩ | ⟨ gis_layer ⟩ ],Classic and HPC,false,https://docs.tuflow.com/classic-hpc/manual/2023-03/TGCCommands-1.html#tgcReadTINZpts,https://docs.tuflow.com/classic-hpc/manual/2023-03/TGCCommands-1.html
TGC,Read TIN Zpts MIN,Read TIN Zpts [ {} | ADD | MAX | MIN ] [ {XF ON} | XF OFF,[ ⟨ tin_file ⟩ | ⟨ gis_layer ⟩ ],Classic and HPC,false,https://docs.tuflow.com/classic-hpc/manual/2023-03/TGCCommands-1.html#tgcReadTINZpts,https://docs.tuflow.com/classic-hpc/manual/2023-03/TGCCommands-1.html
TGC,Read TIN Zpts MIN XF OFF,Read TIN Zpts [ {} | ADD | MAX | MIN ] [ {XF ON} | XF OFF,[ ⟨ tin_file ⟩ | ⟨ gis_layer ⟩ ],Classic and HPC,false,https://docs.tuflow.com/classic-hpc/manual/2023-03/TGCCommands-1.html#tgcReadTINZpts,https://docs.tuflow.com/classic-hpc/manual/2023-03/TGCCommands-1.html
TGC,Set ⟨option⟩,Set ⟨option⟩,[ ⟨ value ⟩ ],Classic and HPC,false,https://docs.tuflow.com/classic-hpc/manual/2023-03/TGCCommands-1.html#tgcSet,https://docs.tuflow.com/classic-hpc/manual/2023-03/TGCCommands-1.html
TGC,Set CnM,Set CnM,[ ⟨ value ⟩ ],Classic Only,false,https://docs.tuflow.com/classic-hpc/manual/2023-03/TGCCommands-1.html#tgcSetCnM,https://docs.tuflow.com/classic-hpc/manual/2023-03/TGCCommands-1.html
TGC,Set Code,Set Code [ {} | ZERO ABOVE ZC ],[ ⟨ ZC ⟩ ],Classic and HPC,false,https://docs.tuflow.com/classic-hpc/manual/2023-03/TGCCommands-1.html#tgcSetCode,https://docs.tuflow.com/classic-hpc/manual/2023-03/TGCCommands-1.html
TGC,Set Code ZERO ABOVE ZC,Set Code [ {} | ZERO ABOVE ZC ],[ ⟨ ZC ⟩ ],Classic and HPC,false,https://docs.tuflow.com/classic-hpc/manual/2023-03/TGCCommands-1.html#tgcSetCode,https://docs.tuflow.com/classic-hpc/manual/2023-03/TGCCommands-1.html
TGC,Set Code and Clean Zpt,Set Code and Clean Zpt,[ ⟨ Z_inactive ⟩ ],Classic and HPC,false,https://docs.tuflow.com/classic-hpc/manual/2023-03/TGCCommands-1.html#tgcSetCodeandCleanZpt,https://docs.tuflow.com/classic-hpc/manual/2023-03/TGCCommands-1.html
TGC,Set CWF,Set CWF,[ ⟨ value ⟩ ],Classic and HPC,false,https://docs.tuflow.com/classic-hpc/manual/2023-03/TGCCommands-1.html#tgcSetCWF,https://docs.tuflow.com/classic-hpc/manual/2023-03/TGCCommands-1.html
TGC,Set FLC,Set FLC,[ ⟨ value ⟩ ],Classic and HPC,false,https://docs.tuflow.com/classic-hpc/manual/2023-03/TGCCommands-1.html#tgcSetFLC,https://docs.tuflow.com/classic-hpc/manual/2023-03/TGCCommands-1.html
TGC,Set FLC/L,Set FLC/L,[ ⟨ value ⟩ ],Classic and HPC,false,https://docs.tuflow.com/classic-hpc/manual/2023-03/TGCCommands-1.html#tgcSetFLC/L,https://docs.tuflow.com/classic-hpc/manual/2023-03/TGCCommands-1.html
TGC,Set FRIC,Set FRIC,[ ⟨ value ⟩ ],Classic Only,false,https://docs.tuflow.com/classic-hpc/manual/2023-03/TGCCommands-1.html#tgcSetFRIC,https://docs.tuflow.com/classic-hpc/manual/2023-03/TGCCommands-1.html
TGC,Set GWD,Set GWD,[ ⟨ value ⟩ ],Classic and HPC,true,https://docs.tuflow.com/classic-hpc/manual/2023-03/TGCCommands-1.html#tgcSetGWD,https://docs.tuflow.com/classic-hpc/manual/2023-03/TGCCommands-1.html
TGC,Set GWL,Set GWL,[ ⟨ value ⟩ ],Classic and HPC,true,https://docs.tuflow.com/classic-hpc/manual/2023-03/TGCCommands-1.html#tgcSetGWL,https://docs.tuflow.com/classic-hpc/manual/2023-03/TGCCommands-1.html
TGC,"Set IGW Conc Layer N1,N2,..N Tracer M1,M2,..M","Set IGW Conc Layer N1,N2,..N Tracer M1,M2,..M",[ ⟨ value ⟩ | ⟨ file_path ⟩ ],HPC Only,false,https://docs.tuflow.com/classic-hpc/manual/2023-03/TGCCommands-1.html#tgcSetIGWConc,https://docs.tuflow.com/classic-hpc/manual/2023-03/TGCCommands-1.html
TGC,Set IGW Depth,Set IGW Depth [{} | ⟨ Layer N ⟩ ],[ ⟨ value ⟩ | ⟨ file_path ⟩ ],HPC Only,false,https://docs.tuflow.com/classic-hpc/manual/2023-03/TGCCommands-1.html#tgcSetIGWDepth,https://docs.tuflow.com/classic-hpc/manual/2023-03/TGCCommands-1.html
TGC,Set IGW Depth ⟨ Layer N ⟩,Set IGW Depth [{} | ⟨ Layer N ⟩ ],[ ⟨ value ⟩ | ⟨ file_path ⟩ ],HPC Only,false,https://docs.tuflow.com/classic-hpc/manual/2023-03/TGCCommands-1.html#tgcSetIGWDepth,https://docs.tuflow.com/classic-hpc/manual/2023-03/TGCCommands-1.html
TGC,Set IGW Level,Set IGW Level [{} | ⟨ Layer N ⟩ ],[ ⟨ value ⟩ | ⟨ file_path ⟩ ],HPC Only,false,https://docs.tuflow.com/classic-hpc/manual/2023-03/TGCCommands-1.html#tgcSetIGWLevel,https://docs.tuflow.com/classic-hpc/manual/2023-03/TGCCommands-1.html
TGC,Set IGW Level ⟨ Layer N ⟩,Set IGW Level [{} | ⟨ Layer N ⟩ ],[ ⟨ value ⟩ | ⟨ file_path ⟩ ],HPC Only,false,https://docs.tuflow.com/classic-hpc/manual/2023-03/TGCCommands-1.html#tgcSetIGWLevel,https://docs.tuflow.com/classic-hpc/manual/2023-03/TGCCommands-1.html
TGC,Set IWL,Set IWL,[ ⟨ value ⟩ ],Classic and HPC,false,https://docs.tuflow.com/classic-hpc/manual/2023-03/TGCCommands-1.html#tgcSetIWL,https://docs.tuflow.com/classic-hpc/manual/2023-03/TGCCommands-1.html
TGC,Set Mat,Set Mat,[ ⟨ value ⟩ ],Classic and HPC,false,https://docs.tuflow.com/classic-hpc/manual/2023-03/TGCCommands-1.html#tgcSetMat,https://docs.tuflow.com/classic-hpc/manual/2023-03/TGCCommands-1.html
TGC,Set Route Cut Off Type,Set Route Cut Off Type,[ {Depth} | Velocity or V | Hazard or VxD or Z0 | Energy ],Classic,false,https://docs.tuflow.com/classic-hpc/manual/2023-03/TGCCommands-1.html#tgcSetRouteCutOffType,https://docs.tuflow.com/classic-hpc/manual/2023-03/TGCCommands-1.html
TGC,Set Route Cut Off Values,Set Route Cut Off Values,"[ ⟨ y1, y2, … ⟩ ]",Classic,false,https://docs.tuflow.com/classic-hpc/manual/2023-03/TGCCommands-1.html#tgcSetRouteCutOffValues,https://docs.tuflow.com/classic-hpc/manual/2023-03/TGCCommands-1.html
TGC,Set Soil,Set Soil [{} | ⟨ Layer N ⟩ ],[ ⟨ value ⟩ ],Classic and HPC,false,https://docs.tuflow.com/classic-hpc/manual/2023-03/TGCCommands-1.html#tgcSetSoil,https://docs.tuflow.com/classic-hpc/manual/2023-03/TGCCommands-1.html
TGC,Set Soil ⟨ Layer N ⟩,Set Soil [{} | ⟨ Layer N ⟩ ],[ ⟨ value ⟩ ],Classic and HPC,false,https://docs.tuflow.com/classic-hpc/manual/2023-03/TGCCommands-1.html#tgcSetSoil,https://docs.tuflow.com/classic-hpc/manual/2023-03/TGCCommands-1.html
TGC,Set Soil Base Elevation,Set Soil Base Elevation [{} | ⟨ Layer N ⟩ ],[ ⟨ value ⟩ | ⟨ file_path ⟩ ],Classic and HPC,false,https://docs.tuflow.com/classic-hpc/manual/2023-03/TGCCommands-1.html#tgcSetSoilBaseElevation,https://docs.tuflow.com/classic-hpc/manual/2023-03/TGCCommands-1.html
TGC,Set Soil Base Elevation ⟨ Layer N ⟩,Set Soil Base Elevation [{} | ⟨ Layer N ⟩ ],[ ⟨ value ⟩ | ⟨ file_path ⟩ ],Classic and HPC,false,https://docs.tuflow.com/classic-hpc/manual/2023-03/TGCCommands-1.html#tgcSetSoilBaseElevation,https://docs.tuflow.com/classic-hpc/manual/2023-03/TGCCommands-1.html
TGC,Set Soil Thickness,Set Soil Thickness [{} | ⟨ Layer N ⟩ ],[ ⟨ value ⟩ | ⟨ file_path ⟩ ],Classic and HPC,false,https://docs.tuflow.com/classic-hpc/manual/2023-03/TGCCommands-1.html#tgcSetSoilThickness,https://docs.tuflow.com/classic-hpc/manual/2023-03/TGCCommands-1.html
TGC,Set Soil Thickness ⟨ Layer N ⟩,Set Soil Thickness [{} | ⟨ Layer N ⟩ ],[ ⟨ value ⟩ | ⟨ file_path ⟩ ],Classic and HPC,false,https://docs.tuflow.com/classic-hpc/manual/2023-03/TGCCommands-1.html#tgcSetSoilThickness,https://docs.tuflow.com/classic-hpc/manual/2023-03/TGCCommands-1.html
TGC,Set SRF,Set SRF,[ ⟨ value ⟩ ],Classic and HPC,false,https://docs.tuflow.com/classic-hpc/manual/2023-03/TGCCommands-1.html#tgcSetSRF,https://docs.tuflow.com/classic-hpc/manual/2023-03/TGCCommands-1.html
TGC,Set Variable ⟨name⟩,Set Variable ⟨name⟩,[ ⟨value⟩ ],Classic and HPC,false,https://docs.tuflow.com/classic-hpc/manual/2023-03/TGCCommands-1.html#tgcSetVariable,https://docs.tuflow.com/classic-hpc/manual/2023-03/TGCCommands-1.html
TGC,Set WrF,Set WrF,[ ⟨ WrF value ⟩ ],Classic and HPC,false,https://docs.tuflow.com/classic-hpc/manual/2023-03/TGCCommands-1.html#tgcSetWrF,https://docs.tuflow.com/classic-hpc/manual/2023-03/TGCCommands-1.html
TGC,Set Zpt,Set Zpt,[ ⟨ elevation_in_metres ⟩ ],Classic and HPC,false,https://docs.tuflow.com/classic-hpc/manual/2023-03/TGCCommands-1.html#tgcSetZpt,https://docs.tuflow.com/classic-hpc/manual/2023-03/TGCCommands-1.html
TGC,SGS Grid Sample Distance,SGS [ Grid | TIN ] Sample Distance,[ ⟨ distance in metres / feet ⟩ ],HPC Only,true,https://docs.tuflow.com/classic-hpc/manual/2023-03/TGCCommands-1.html#tgcSGSSampleDistance,https://docs.tuflow.com/classic-hpc/manual/2023-03/TGCCommands-1.html
TGC,SGS TIN Sample Distance,SGS [ Grid | TIN ] Sample Distance,[ ⟨ distance in metres / feet ⟩ ],HPC Only,true,https://docs.tuflow.com/classic-hpc/manual/2023-03/TGCCommands-1.html#tgcSGSSampleDistance,https://docs.tuflow.com/classic-hpc/manual/2023-03/TGCCommands-1.html
TGC,SGS Grid Max Null Frac,SGS Grid Max Null Frac,[ Maximum Null Fraction | ⟨ 0.5 ⟩ ],HPC Only,true,https://docs.tuflow.com/classic-hpc/manual/2023-03/TGCCommands-1.html#tgcSGSGridMaxNullFrac,https://docs.tuflow.com/classic-hpc/manual/2023-03/TGCCommands-1.html
TGC,SGS Partial Grid Update Null Frac,SGS Partial Grid Update Null Frac,"[ Lower Limit, Upper limit | ⟨ 0.1, 0.9 ⟩ ]",HPC Only,true,https://docs.tuflow.com/classic-hpc/manual/2023-03/TGCCommands-1.html#tgcSGSPartialGridUpdateNullFrac,https://docs.tuflow.com/classic-hpc/manual/2023-03/TGCCommands-1.html
TGC,Spatial Database,Spatial Database,[ OFF | TCF ],Classic and HPC,false,https://docs.tuflow.com/classic-hpc/manual/2023-03/TGCCommands-1.html#tgcSpatialDatabase,https://docs.tuflow.com/classic-hpc/manual/2023-03/TGCCommands-1.html
TGC,Stop,Stop,,Classic and HPC,true,https://docs.tuflow.com/classic-hpc/manual/2023-03/TGCCommands-1.html#tgcStop,https://docs.tuflow.com/classic-hpc/manual/2023-03/TGCCommands-1.html
TGC,Thin Line as Thick,Thin Line as Thick,[ ON | {OFF} ],Classic and HPC,true,https://docs.tuflow.com/classic-hpc/manual/2023-03/TGCCommands-1.html#tgcTINAngles,https://docs.tuflow.com/classic-hpc/manual/2023-03/TGCCommands-1.html
TGC,TIN Angles,TIN Angles,"[ ⟨ point_angle ⟩, ⟨ edge_angle ⟩ | {55, 30} ]",Classic and HPC,false,https://docs.tuflow.com/classic-hpc/manual/2023-03/TGCCommands-1.html#tgcTINAngles,https://docs.tuflow.com/classic-hpc/manual/2023-03/TGCCommands-1.html
TGC,TIN Coincident Point Distance,TIN Coincident Point Distance,[ ⟨ dist_in_m ⟩ | {0.001} ],Classic and HPC,false,https://docs.tuflow.com/classic-hpc/manual/2023-03/TGCCommands-1.html#tgcTINCoincidentPointDistance,https://docs.tuflow.com/classic-hpc/manual/2023-03/TGCCommands-1.html
TGC,Write GIS Domain,Write GIS Domain,[ ⟨ gis_layer ⟩ ],Classic and HPC,false,https://docs.tuflow.com/classic-hpc/manual/2023-03/TGCCommands-1.html#tgcWriteGISDomain,https://docs.tuflow.com/classic-hpc/manual/2023-03/TGCCommands-1.html
TGC,Write GIS Grid,Write GIS Grid,[ ⟨ gis_layer ⟩ ],Classic and HPC,false,https://docs.tuflow.com/classic-hpc/manual/2023-03/TGCCommands-1.html#tgcWriteGISGrid,https://docs.tuflow.com/classic-hpc/manual/2023-03/TGCCommands-1.html
TGC,Write GIS Zpts,Write GIS Zpts,[ ⟨ gis_layer ⟩ ],Classic and HPC,false,https://docs.tuflow.com/classic-hpc/manual/2023-03/TGCCommands-1.html#tgcWriteGISZpt,https://docs.tuflow.com/classic-hpc/manual/2023-03/TGCCommands-1.html
TGC,ZC,ZC,"[ MIN(ZU,ZV) ]",Classic and HPC,false,https://docs.tuflow.com/classic-hpc/manual/2023-03/TGCCommands-1.html#tgcZC,https://docs.tuflow.com/classic-hpc/manual/2023-03/TGCCommands-1.html
TGC,Zero Z Point,Zero Z Point,[ {ERROR} | WARNING ],Classic and HPC,false,https://docs.tuflow.com/classic-hpc/manual/2023-03/TGCCommands-1.html#tgcZeroZPoint,https://docs.tuflow.com/classic-hpc/manual/2023-03/TGCCommands-1.html
TGC,Read GIS Receptors RECORD GAUGE DATA,Read GIS Receptors [ RECORD GAUGE DATA [ {} | USE ZC | ZPTS ] ],[ ⟨ gis_layer ⟩ ],Classic,false,https://docs.tuflow.com/classic-hpc/manual/2023-03/TGCCommands-1.html#tgcReadGISReceptors,https://docs.tuflow.com/classic-hpc/manual/2023-03/TGCCommands-1.html
TGC,Read GIS Receptors USE ZC ],Read GIS Receptors [ RECORD GAUGE DATA [ {} | USE ZC | ZPTS ] ],[ ⟨ gis_layer ⟩ ],Classic,false,https://docs.tuflow.com/classic-hpc/manual/2023-03/TGCCommands-1.html#tgcReadGISReceptors,https://docs.tuflow.com/classic-hpc/manual/2023-03/TGCCommands-1.html
TGC,Read GIS Receptors ZPTS ],Read GIS Receptors [ RECORD GAUGE DATA [ {} | USE ZC | ZPTS ] ],[ ⟨ gis_layer ⟩ ],Classic,false,https://docs.tuflow.com/classic-hpc/manual/2023-03/TGCCommands-1.html#tgcReadGISReceptors,https://docs.tuflow.com/classic-hpc/manual/2023-03/TGCCommands-1.html
TBC,BC Database,BC Database,[ ⟨ .csv_file ⟩ ],Classic and HPC,false,https://docs.tuflow.com/classic-hpc/manual/2023-03/TBCCommands-1.html#tbcBCDatabase,https://docs.tuflow.com/classic-hpc/manual/2023-03/TBCCommands-1.html
TBC,BC Event Name,BC Event Name,[ ⟨ bc_event_name ⟩ ],Classic and HPC,false,https://docs.tuflow.com/classic-hpc/manual/2023-03/TBCCommands-1.html#tbcBCEventName,https://docs.tuflow.com/classic-hpc/manual/2023-03/TBCCommands-1.html
TBC,BC Event Text,BC Event Text,[ ⟨ bc_event_text ⟩ ],Classic and HPC,false,https://docs.tuflow.com/classic-hpc/manual/2023-03/TBCCommands-1.html#tbcBCEventText,https://docs.tuflow.com/classic-hpc/manual/2023-03/TBCCommands-1.html
TBC,Blank BC Type,Blank BC Type,[ ⟨ bc_type ⟩ | {NONE} ],Classic and HPC,false,https://docs.tuflow.com/classic-hpc/manual/2023-03/TBCCommands-1.html#tbcBlankBCType,https://docs.tuflow.com/classic-hpc/manual/2023-03/TBCCommands-1.html
TBC,Blank HQ Slope,Blank HQ Slope,[ ⟨ slope ⟩ ],Classic and HPC,false,https://docs.tuflow.com/classic-hpc/manual/2023-03/TBCCommands-1.html#tbcBlankHQSlope,https://docs.tuflow.com/classic-hpc/manual/2023-03/TBCCommands-1.html
TBC,Global Rainfall Area Factor,Global Rainfall Area Factor,[ {1.0} | ⟨ area_factor ⟩ ],Classic and HPC,false,https://docs.tuflow.com/classic-hpc/manual/2023-03/TBCCommands-1.html#tbcBlankBCType,https://docs.tuflow.com/classic-hpc/manual/2023-03/TBCCommands-1.html
TBC,Global Rainfall BC,Global Rainfall BC,[ ⟨ BC_name ⟩ ],Classic and HPC,false,https://docs.tuflow.com/classic-hpc/manual/2023-03/TBCCommands-1.html#tbcGlobalRainfallBC,https://docs.tuflow.com/classic-hpc/manual/2023-03/TBCCommands-1.html
TBC,Global Rainfall Continuing Loss,Global Rainfall Continuing Loss,[ {0} | ⟨ CL ⟩ ],Classic and HPC,false,https://docs.tuflow.com/classic-hpc/manual/2023-03/TBCCommands-1.html#tbcGlobalRainfallContinuingLoss,https://docs.tuflow.com/classic-hpc/manual/2023-03/TBCCommands-1.html
TBC,Global Rainfall Initial Loss,Global Rainfall Initial Loss,[ {0} | ⟨ IL ⟩ ],Classic and HPC,false,https://docs.tuflow.com/classic-hpc/manual/2023-03/TBCCommands-1.html#tbcGlobalRainfallInitialLoss,https://docs.tuflow.com/classic-hpc/manual/2023-03/TBCCommands-1.html
TBC,If Scenario,If Scenario,,Classic and HPC,false,https://docs.tuflow.com/classic-hpc/manual/2023-03/TBCCommands-1.html#tbcIfScenario,https://docs.tuflow.com/classic-hpc/manual/2023-03/TBCCommands-1.html
TBC,Read GIS BC,Read GIS BC,[ ⟨ gis_layer ⟩ ],Classic and HPC,false,https://docs.tuflow.com/classic-hpc/manual/2023-03/TBCCommands-1.html#tbcReadGISBC,https://docs.tuflow.com/classic-hpc/manual/2023-03/TBCCommands-1.html
TBC,Read GIS RF,Read GIS RF,[ ⟨ gis_layer ⟩ ],Classic and HPC,false,https://docs.tuflow.com/classic-hpc/manual/2023-03/TBCCommands-1.html#tbcReadGISRF,https://docs.tuflow.com/classic-hpc/manual/2023-03/TBCCommands-1.html
TBC,Read GIS SA,Read GIS SA [ {} | ⟨option⟩ ],[ ⟨ gis_layer ⟩ ],Classic and HPC,false,https://docs.tuflow.com/classic-hpc/manual/2023-03/TBCCommands-1.html#tbcReadGISSA,https://docs.tuflow.com/classic-hpc/manual/2023-03/TBCCommands-1.html
TBC,Read GIS SA ⟨option⟩,Read GIS SA [ {} | ⟨option⟩ ],[ ⟨ gis_layer ⟩ ],Classic and HPC,false,https://docs.tuflow.com/classic-hpc/manual/2023-03/TBCCommands-1.html#tbcReadGISSA,https://docs.tuflow.com/classic-hpc/manual/2023-03/TBCCommands-1.html
TBC,Read GIS Streams,Read GIS Streams,[ ⟨ gis_layer ⟩ ],Classic and HPC,false,https://docs.tuflow.com/classic-hpc/manual/2023-03/TBCCommands-1.html#tbcReadGISStreams,https://docs.tuflow.com/classic-hpc/manual/2023-03/TBCCommands-1.html
TBC,Read RowCol RF,Read RowCol RF,[ ⟨ mid_file ⟩ ],Classic and HPC,true,https://docs.tuflow.com/classic-hpc/manual/2023-03/TBCCommands-1.html#tbcReadRowColRF,https://docs.tuflow.com/classic-hpc/manual/2023-03/TBCCommands-1.html
TBC,Set Variable,Set Variable,,Classic and HPC,false,https://docs.tuflow.com/classic-hpc/manual/2023-03/TBCCommands-1.html#tbcSetVariable,https://docs.tuflow.com/classic-hpc/manual/2023-03/TBCCommands-1.html
TBC,Unused HX and SX Connections,Unused HX and SX Connections,[ {ERROR} | WARNING ],Classic and HPC,false,https://docs.tuflow.com/classic-hpc/manual/2023-03/TBCCommands-1.html#tbcUnusedHXandSXConnections,https://docs.tuflow.com/classic-hpc/manual/2023-03/TBCCommands-1.html
TBC,Spatial Database,Spatial Database,[ OFF | TCF ],Classic and HPC,false,https://docs.tuflow.com/classic-hpc/manual/2023-03/TBCCommands-1.html#tbcSpatialDatabase,https://docs.tuflow.com/classic-hpc/manual/2023-03/TBCCommands-1.html
TOC,Breach Opening,Breach Opening,[ {CLOSE} | OPEN | NO CHANGE ],Classic and HPC,false,https://docs.tuflow.com/classic-hpc/manual/2023-03/TOCCommands-1.html#tocBreachOpening,https://docs.tuflow.com/classic-hpc/manual/2023-03/TOCCommands-1.html
TOC,Cd,Cd,[ {0.75 or 0.6} | ⟨ Cd ⟩ ],Classic and HPC,false,https://docs.tuflow.com/classic-hpc/manual/2023-03/TOCCommands-1.html#tocCd,https://docs.tuflow.com/classic-hpc/manual/2023-03/TOCCommands-1.html
TOC,Cd Gate,Cd Gate,[ {0.6 or 0.75} | ⟨ Cd ⟩ ],Classic and HPC,false,https://docs.tuflow.com/classic-hpc/manual/2023-03/TOCCommands-1.html#tocCdGate,https://docs.tuflow.com/classic-hpc/manual/2023-03/TOCCommands-1.html
TOC,Cd Gate Submerged,Cd Gate Submerged,[ {0.8} | ⟨ Cd ⟩ ],Classic and HPC,false,https://docs.tuflow.com/classic-hpc/manual/2023-03/TOCCommands-1.html#tocCdGateSubmerged,https://docs.tuflow.com/classic-hpc/manual/2023-03/TOCCommands-1.html
TOC,Cd Failed,Cd Failed,[ ⟨ Cd ⟩ ],Classic and HPC,false,https://docs.tuflow.com/classic-hpc/manual/2023-03/TOCCommands-1.html#tocCdIntactFailed,https://docs.tuflow.com/classic-hpc/manual/2023-03/TOCCommands-1.html
TOC,Cd Intact,Cd Intact,[ ⟨ Cd ⟩ ],Classic and HPC,false,https://docs.tuflow.com/classic-hpc/manual/2023-03/TOCCommands-1.html#tocCdIntactFailed,https://docs.tuflow.com/classic-hpc/manual/2023-03/TOCCommands-1.html
TOC,Cd Spillway,Cd Spillway,[ {0.75} ],Classic and HPC,false,https://docs.tuflow.com/classic-hpc/manual/2023-03/TOCCommands-1.html#tocCdSpillway,https://docs.tuflow.com/classic-hpc/manual/2023-03/TOCCommands-1.html
TOC,Cf,Cf,[ {1.0} | ⟨ Cf ⟩ ],Classic and HPC,false,https://docs.tuflow.com/classic-hpc/manual/2023-03/TOCCommands-1.html#tocCf,https://docs.tuflow.com/classic-hpc/manual/2023-03/TOCCommands-1.html
TOC,Cf Failed,Cf Failed,[ {1.0} | ⟨ Cf ⟩ ],Classic and HPC,false,https://docs.tuflow.com/classic-hpc/manual/2023-03/TOCCommands-1.html#tocCfIntactFailed,https://docs.tuflow.com/classic-hpc/manual/2023-03/TOCCommands-1.html
TOC,Cf Intact,Cf Intact,[ {1.0} | ⟨ Cf ⟩ ],Classic and HPC,false,https://docs.tuflow.com/classic-hpc/manual/2023-03/TOCCommands-1.html#tocCfIntactFailed,https://docs.tuflow.com/classic-hpc/manual/2023-03/TOCCommands-1.html
TOC,Define ⟨structure_type⟩ Control,Define [⟨structure_type⟩] Control,[ ⟨ control_id ⟩ ],Classic and HPC,false,https://docs.tuflow.com/classic-hpc/manual/2023-03/TOCCommands-1.html#tocDefineControl,https://docs.tuflow.com/classic-hpc/manual/2023-03/TOCCommands-1.html
TOC,Depth Collapse,Depth Collapse,[ ⟨ depth_collapse ⟩ ],Classic and HPC,false,https://docs.tuflow.com/classic-hpc/manual/2023-03/TOCCommands-1.html#tocDepthCollapse,https://docs.tuflow.com/classic-hpc/manual/2023-03/TOCCommands-1.html
TOC,Depth Fully Breached,Depth Fully Breached,[ ⟨ depth_fully_breached ⟩ ],Classic and HPC,false,https://docs.tuflow.com/classic-hpc/manual/2023-03/TOCCommands-1.html#tocDepthFullyBreached,https://docs.tuflow.com/classic-hpc/manual/2023-03/TOCCommands-1.html
TOC,End Define,End Define,,Classic and HPC,false,https://docs.tuflow.com/classic-hpc/manual/2023-03/TOCCommands-1.html#tocEndfDefine,https://docs.tuflow.com/classic-hpc/manual/2023-03/TOCCommands-1.html
TOC,Ex Failed,Ex Failed,[ ⟨ Ex ⟩ ],Classic and HPC,false,https://docs.tuflow.com/classic-hpc/manual/2023-03/TOCCommands-1.html#tocExIntactFailed,https://docs.tuflow.com/classic-hpc/manual/2023-03/TOCCommands-1.html
TOC,Ex Intact,Ex Intact,[ ⟨ Ex ⟩ ],Classic and HPC,false,https://docs.tuflow.com/classic-hpc/manual/2023-03/TOCCommands-1.html#tocExIntactFailed,https://docs.tuflow.com/classic-hpc/manual/2023-03/TOCCommands-1.html
TOC,Gate Height Fully Open,Gate Height Fully Open,[ ⟨ height ⟩ ],Classic and HPC,false,https://docs.tuflow.com/classic-hpc/manual/2023-03/TOCCommands-1.html#tocGateHeightFullyOpen,https://docs.tuflow.com/classic-hpc/manual/2023-03/TOCCommands-1.html
TOC,Gate Opening,Gate Opening [ {} | (%) ],[ [ ++| –| {}] | ⟨ opening ⟩ | {CLOSE} | OPEN | NO CHANGE ],Classic and HPC,false,https://docs.tuflow.com/classic-hpc/manual/2023-03/TOCCommands-1.html#tocGateOpening,https://docs.tuflow.com/classic-hpc/manual/2023-03/TOCCommands-1.html
TOC,Gate Opening (%),Gate Opening [ {} | (%) ],[ [ ++| –| {}] | ⟨ opening ⟩ | {CLOSE} | OPEN | NO CHANGE ],Classic and HPC,false,https://docs.tuflow.com/classic-hpc/manual/2023-03/TOCCommands-1.html#tocGateOpening,https://docs.tuflow.com/classic-hpc/manual/2023-03/TOCCommands-1.html
TOC,Gate Seat Vertical Offset,Gate Seat Vertical Offset,[ ⟨ offset ⟩ ],Classic and HPC,false,https://docs.tuflow.com/classic-hpc/manual/2023-03/TOCCommands-1.html#tocGateSeatVerticalOffset,https://docs.tuflow.com/classic-hpc/manual/2023-03/TOCCommands-1.html
TOC,Gate Speed,Gate Speed [ {} | (min) ],[ ⟨ speed ⟩ ],Classic and HPC,false,https://docs.tuflow.com/classic-hpc/manual/2023-03/TOCCommands-1.html#tocGateSpeed,https://docs.tuflow.com/classic-hpc/manual/2023-03/TOCCommands-1.html
TOC,Gate Speed (min),Gate Speed [ {} | (min) ],[ ⟨ speed ⟩ ],Classic and HPC,false,https://docs.tuflow.com/classic-hpc/manual/2023-03/TOCCommands-1.html#tocGateSpeed,https://docs.tuflow.com/classic-hpc/manual/2023-03/TOCCommands-1.html
TOC,Gate Type,Gate Type,[ VERTICAL UNDERFLOW | VERTICAL OVERFLOW | HORIZONTAL SINGLE | HORIZONTAL DOUBLE ],Classic and HPC,false,https://docs.tuflow.com/classic-hpc/manual/2023-03/TOCCommands-1.html#tocGateType,https://docs.tuflow.com/classic-hpc/manual/2023-03/TOCCommands-1.html
TOC,Gate Width Fully Open,Gate Width Fully Open,[ ⟨ width ⟩ ],Classic and HPC,false,https://docs.tuflow.com/classic-hpc/manual/2023-03/TOCCommands-1.html#tocGateWidthFullyOpen,https://docs.tuflow.com/classic-hpc/manual/2023-03/TOCCommands-1.html
TOC,Method,Method,[ ⟨ method ⟩ ],Classic and HPC,false,https://docs.tuflow.com/classic-hpc/manual/2023-03/TOCCommands-1.html#tocMethod,https://docs.tuflow.com/classic-hpc/manual/2023-03/TOCCommands-1.html
TOC,Operation,Operation,[ NO CHANGE ],Classic and HPC,false,https://docs.tuflow.com/classic-hpc/manual/2023-03/TOCCommands-1.html#tocOperation,https://docs.tuflow.com/classic-hpc/manual/2023-03/TOCCommands-1.html
TOC,Orifice Height Fully Open,Orifice Height Fully Open,[ ⟨ height ⟩ ],Classic and HPC,false,https://docs.tuflow.com/classic-hpc/manual/2023-03/TOCCommands-1.html#tocOrificeHeightFullyOpen,https://docs.tuflow.com/classic-hpc/manual/2023-03/TOCCommands-1.html
TOC,Orifice Opening,Orifice Opening,[ {CLOSE} | OPEN | NO CHANGE ],Classic and HPC,false,https://docs.tuflow.com/classic-hpc/manual/2023-03/TOCCommands-1.html#tocOrificeOpening,https://docs.tuflow.com/classic-hpc/manual/2023-03/TOCCommands-1.html
TOC,Orifice Width Fully Open,Orifice Width Fully Open,[ ⟨ width ⟩ ],Classic and HPC,false,https://docs.tuflow.com/classic-hpc/manual/2023-03/TOCCommands-1.html#tocOrificeWidthFullyOpen,https://docs.tuflow.com/classic-hpc/manual/2023-03/TOCCommands-1.html
TOC,Period Collapse,Period Collapse [ {} | (min) | (s) ],[ {0.0} | ⟨ period ⟩ ],Classic and HPC,false,https://docs.tuflow.com/classic-hpc/manual/2023-03/TOCCommands-1.html#tocPeriodCollapse,https://docs.tuflow.com/classic-hpc/manual/2023-03/TOCCommands-1.html
TOC,Period Collapse (min),Period Collapse [ {} | (min) | (s) ],[ {0.0} | ⟨ period ⟩ ],Classic and HPC,false,https://docs.tuflow.com/classic-hpc/manual/2023-03/TOCCommands-1.html#tocPeriodCollapse,https://docs.tuflow.com/classic-hpc/manual/2023-03/TOCCommands-1.html
TOC,Period Collapse (s),Period Collapse [ {} | (min) | (s) ],[ {0.0} | ⟨ period ⟩ ],Classic and HPC,false,https://docs.tuflow.com/classic-hpc/manual/2023-03/TOCCommands-1.html#tocPeriodCollapse,https://docs.tuflow.com/classic-hpc/manual/2023-03/TOCCommands-1.html
TOC,Period Failure,Period Failure [ {} | (min) | (s),[ {0.0167} | ⟨ period ⟩ ],Classic and HPC,false,https://docs.tuflow.com/classic-hpc/manual/2023-03/TOCCommands-1.html#tocPeriodFailure,https://docs.tuflow.com/classic-hpc/manual/2023-03/TOCCommands-1.html
TOC,Period Failure (min),Period Failure [ {} | (min) | (s),[ {0.0167} | ⟨ period ⟩ ],Classic and HPC,false,https://docs.tuflow.com/classic-hpc/manual/2023-03/TOCCommands-1.html#tocPeriodFailure,https://docs.tuflow.com/classic-hpc/manual/2023-03/TOCCommands-1.html
TOC,Period Failure (s),Period Failure [ {} | (min) | (s),[ {0.0167} | ⟨ period ⟩ ],Classic and HPC,false,https://docs.tuflow.com/classic-hpc/manual/2023-03/TOCCommands-1.html#tocPeriodFailure,https://docs.tuflow.com/classic-hpc/manual/2023-03/TOCCommands-1.html
TOC,Period Opening/Closing,Period Opening/Closing [ {} | (min) | (s) ],[ {0.167} | ⟨ period ⟩ ],Classic and HPC,false,https://docs.tuflow.com/classic-hpc/manual/2023-03/TOCCommands-1.html#tocPeriodOpeningClosing,https://docs.tuflow.com/classic-hpc/manual/2023-03/TOCCommands-1.html
TOC,Period Opening/Closing (min),Period Opening/Closing [ {} | (min) | (s) ],[ {0.167} | ⟨ period ⟩ ],Classic and HPC,false,https://docs.tuflow.com/classic-hpc/manual/2023-03/TOCCommands-1.html#tocPeriodOpeningClosing,https://docs.tuflow.com/classic-hpc/manual/2023-03/TOCCommands-1.html
TOC,Period Opening/Closing (s),Period Opening/Closing [ {} | (min) | (s) ],[ {0.167} | ⟨ period ⟩ ],Classic and HPC,false,https://docs.tuflow.com/classic-hpc/manual/2023-03/TOCCommands-1.html#tocPeriodOpeningClosing,https://docs.tuflow.com/classic-hpc/manual/2023-03/TOCCommands-1.html
TOC,Period Startup/Shutdown,Period Startup/Shutdown [ {} | (min) | (s) ],[ {0.167} | ⟨ period ⟩ ],Classic and HPC,false,https://docs.tuflow.com/classic-hpc/manual/2023-03/TOCCommands-1.html#tocPeriodStartupShutdown,https://docs.tuflow.com/classic-hpc/manual/2023-03/TOCCommands-1.html
TOC,Period Startup/Shutdown (min),Period Startup/Shutdown [ {} | (min) | (s) ],[ {0.167} | ⟨ period ⟩ ],Classic and HPC,false,https://docs.tuflow.com/classic-hpc/manual/2023-03/TOCCommands-1.html#tocPeriodStartupShutdown,https://docs.tuflow.com/classic-hpc/manual/2023-03/TOCCommands-1.html
TOC,Period Startup/Shutdown (s),Period Startup/Shutdown [ {} | (min) | (s) ],[ {0.167} | ⟨ period ⟩ ],Classic and HPC,false,https://docs.tuflow.com/classic-hpc/manual/2023-03/TOCCommands-1.html#tocPeriodStartupShutdown,https://docs.tuflow.com/classic-hpc/manual/2023-03/TOCCommands-1.html
TOC,Pump Capacity,Pump Capacity,[ ⟨ flow ⟩ | ⟨ discharge_curve ⟩ ],Classic and HPC,false,https://docs.tuflow.com/classic-hpc/manual/2023-03/TOCCommands-1.html#tocPumpCapacity,https://docs.tuflow.com/classic-hpc/manual/2023-03/TOCCommands-1.html
TOC,Pump Number,Pump Number,[ ⟨ no_pumps ⟩ ],Classic and HPC,false,https://docs.tuflow.com/classic-hpc/manual/2023-03/TOCCommands-1.html#tocPumpNumber,https://docs.tuflow.com/classic-hpc/manual/2023-03/TOCCommands-1.html
TOC,Pump Operation,Pump Operation,[ ON | OFF | NO CHANGE ],Classic and HPC,false,https://docs.tuflow.com/classic-hpc/manual/2023-03/TOCCommands-1.html#tocPumpOperation,https://docs.tuflow.com/classic-hpc/manual/2023-03/TOCCommands-1.html
TOC,Sa Failed,Sa Failed,[ ⟨ Sa ⟩ ],Classic and HPC,false,https://docs.tuflow.com/classic-hpc/manual/2023-03/TOCCommands-1.html#tocSaIntactFailed,https://docs.tuflow.com/classic-hpc/manual/2023-03/TOCCommands-1.html
TOC,Sa Intact,Sa Intact,[ ⟨ Sa ⟩ ],Classic and HPC,false,https://docs.tuflow.com/classic-hpc/manual/2023-03/TOCCommands-1.html#tocSaIntactFailed,https://docs.tuflow.com/classic-hpc/manual/2023-03/TOCCommands-1.html
TOC,Sb Failed,Sb Failed,[ ⟨ Sb ⟩ ],Classic and HPC,false,https://docs.tuflow.com/classic-hpc/manual/2023-03/TOCCommands-1.html#tocSbIntactFailed,https://docs.tuflow.com/classic-hpc/manual/2023-03/TOCCommands-1.html
TOC,Sb Intact,Sb Intact,[ ⟨ Sb ⟩ ],Classic and HPC,false,https://docs.tuflow.com/classic-hpc/manual/2023-03/TOCCommands-1.html#tocSbIntactFailed,https://docs.tuflow.com/classic-hpc/manual/2023-03/TOCCommands-1.html
TOC,Side Slope (degree),Side Slope (degree),[ 90 | ⟨ slope_in_degree ⟩ ],Classic and HPC,false,https://docs.tuflow.com/classic-hpc/manual/2023-03/TOCCommands-1.html#tocSideSlopeDegree,https://docs.tuflow.com/classic-hpc/manual/2023-03/TOCCommands-1.html
TOC,Top Width Collapse,Top Width Collapse,[ ⟨ top_width ⟩ ],Classic and HPC,false,https://docs.tuflow.com/classic-hpc/manual/2023-03/TOCCommands-1.html#tocTopWidthCollapse,https://docs.tuflow.com/classic-hpc/manual/2023-03/TOCCommands-1.html
TOC,Top Width Fully Breached,Top Width Fully Breached,[ ⟨ top_width ⟩ ],Classic and HPC,false,https://docs.tuflow.com/classic-hpc/manual/2023-03/TOCCommands-1.html#tocTopWidthFullyBreached,https://docs.tuflow.com/classic-hpc/manual/2023-03/TOCCommands-1.html
TOC,Weir Height,Weir Height [ {} | % ],[ [++| –|**| //] | ⟨ weir_height ⟩ ],Classic and HPC,false,https://docs.tuflow.com/classic-hpc/manual/2023-03/TOCCommands-1.html#tocWeirHeight,https://docs.tuflow.com/classic-hpc/manual/2023-03/TOCCommands-1.html
TOC,Weir Height %,Weir Height [ {} | % ],[ [++| –|**| //] | ⟨ weir_height ⟩ ],Classic and HPC,false,https://docs.tuflow.com/classic-hpc/manual/2023-03/TOCCommands-1.html#tocWeirHeight,https://docs.tuflow.com/classic-hpc/manual/2023-03/TOCCommands-1.html
TOC,Weir Height Speed,Weir Height Speed [ {} | (min),[ ⟨ speed ⟩ ],Classic and HPC,false,https://docs.tuflow.com/classic-hpc/manual/2023-03/TOCCommands-1.html#tocWeirHeightSpeed,https://docs.tuflow.com/classic-hpc/manual/2023-03/TOCCommands-1.html
TOC,Weir Height Speed (min),Weir Height Speed [ {} | (min),[ ⟨ speed ⟩ ],Classic and HPC,false,https://docs.tuflow.com/classic-hpc/manual/2023-03/TOCCommands-1.html#tocWeirHeightSpeed,https://docs.tuflow.com/classic-hpc/manual/2023-03/TOCCommands-1.html
TOC,Weir Type Failed,Weir Type Failed,[ ⟨ weir_type ⟩ ],Classic and HPC,false,https://docs.tuflow.com/classic-hpc/manual/2023-03/TOCCommands-1.html#tocWeirTypeIntactFailed,https://docs.tuflow.com/classic-hpc/manual/2023-03/TOCCommands-1.html
TOC,Weir Type Intact,Weir Type Intact,[ ⟨ weir_type ⟩ ],Classic and HPC,false,https://docs.tuflow.com/classic-hpc/manual/2023-03/TOCCommands-1.html#tocWeirTypeIntactFailed,https://docs.tuflow.com/classic-hpc/manual/2023-03/TOCCommands-1.html
TOC,Weir Width,Weir Width [ {} | % ],[ ⟨ weir_width ⟩ ],Classic and HPC,false,https://docs.tuflow.com/classic-hpc/manual/2023-03/TOCCommands-1.html#tocWeirWidth,https://docs.tuflow.com/classic-hpc/manual/2023-03/TOCCommands-1.html
TOC,Weir Width %,Weir Width [ {} | % ],[ ⟨ weir_width ⟩ ],Classic and HPC,false,https://docs.tuflow.com/classic-hpc/manual/2023-03/TOCCommands-1.html#tocWeirWidth,https://docs.tuflow.com/classic-hpc/manual/2023-03/TOCCommands-1.html
TOC,Weir Width Speed,Weir Width Speed [ {} | (min) ],[ ⟨ speed ⟩ ],Classic and HPC,false,https://docs.tuflow.com/classic-hpc/manual/2023-03/TOCCommands-1.html#tocWeirWidthSpeed,https://docs.tuflow.com/classic-hpc/manual/2023-03/TOCCommands-1.html
TOC,Weir Width Speed (min),Weir Width Speed [ {} | (min) ],[ ⟨ speed ⟩ ],Classic and HPC,false,https://docs.tuflow.com/classic-hpc/manual/2023-03/TOCCommands-1.html#tocWeirWidthSpeed,https://docs.tuflow.com/classic-hpc/manual/2023-03/TOCCommands-1.html
TOC,Orifice Shape,Orifice Shape,[ {Rectangular} | Circular ],Classic and HPC,false,https://docs.tuflow.com/classic-hpc/manual/2023-03/TOCCommands-1.html#tocOrificeShape,https://docs.tuflow.com/classic-hpc/manual/2023-03/TOCCommands-1.html
TOC,Number of Piers,Number of Piers,[ {0} ],Classic and HPC,false,https://docs.tuflow.com/classic-hpc/manual/2023-03/TOCCommands-1.html#tocNumberofPiers,https://docs.tuflow.com/classic-hpc/manual/2023-03/TOCCommands-1.html
TOC,Kp,Kp,[ {0} | ⟨ value ⟩ ],Classic and HPC,false,https://docs.tuflow.com/classic-hpc/manual/2023-03/TOCCommands-1.html#tocKp,https://docs.tuflow.com/classic-hpc/manual/2023-03/TOCCommands-1.html
TOC,Ka,Ka,[ {0} | ⟨ value ⟩ ],Classic and HPC,false,https://docs.tuflow.com/classic-hpc/manual/2023-03/TOCCommands-1.html#tocKa,https://docs.tuflow.com/classic-hpc/manual/2023-03/TOCCommands-1.html
TOC,Kp Intact,Kp Intact,[ {0} | ⟨ value ⟩ ],Classic and HPC,false,https://docs.tuflow.com/classic-hpc/manual/2023-03/TOCCommands-1.html#tocKpIntact,https://docs.tuflow.com/classic-hpc/manual/2023-03/TOCCommands-1.html
TOC,Ka Intact,Ka Intact,[ {0} | ⟨ value ⟩ ],Classic and HPC,false,https://docs.tuflow.com/classic-hpc/manual/2023-03/TOCCommands-1.html#tocKaIntact,https://docs.tuflow.com/classic-hpc/manual/2023-03/TOCCommands-1.html
TOC,Discharge Curve Type,Discharge Curve Type,[ {Upstream Depth} | Head Difference | Pump ],Classic and HPC,false,https://docs.tuflow.com/classic-hpc/manual/2023-03/TOCCommands-1.html#tocDischargeCurveType,https://docs.tuflow.com/classic-hpc/manual/2023-03/TOCCommands-1.html
TOC,Depth Breached,Depth Breached,[ ⟨ initial breach depth ⟩ ],Classic and HPC,false,https://docs.tuflow.com/classic-hpc/manual/2023-03/TOCCommands-1.html#tocDepthBreached,https://docs.tuflow.com/classic-hpc/manual/2023-03/TOCCommands-1.html
TOC,Top Width Breached,Top Width Breached,[ ⟨ initial breach depth ⟩ ],Classic and HPC,false,https://docs.tuflow.com/classic-hpc/manual/2023-03/TOCCommands-1.html#tocTopWidthBreached,https://docs.tuflow.com/classic-hpc/manual/2023-03/TOCCommands-1.html
TRFC,IDW Exponent,IDW Exponent,[ ⟨ p ⟩ | {2} ],Classic and HPC,false,https://docs.tuflow.com/classic-hpc/manual/2023-03/TRFCCommands-1.html#trfcfIDWExponent,https://docs.tuflow.com/classic-hpc/manual/2023-03/TRFCCommands-1.html
TRFC,IDW Maximum Distance,IDW Maximum Distance,[ ⟨ max_dist ⟩ ],Classic and HPC,false,https://docs.tuflow.com/classic-hpc/manual/2023-03/TRFCCommands-1.html#trfcfIDWMaximumDistance,https://docs.tuflow.com/classic-hpc/manual/2023-03/TRFCCommands-1.html
TRFC,IDW Maximum Points,IDW Maximum Points,[ ⟨ max_points ⟩ ],Classic and HPC,false,https://docs.tuflow.com/classic-hpc/manual/2023-03/TRFCCommands-1.html#trfcfIDWMaximumPoints,https://docs.tuflow.com/classic-hpc/manual/2023-03/TRFCCommands-1.html
TRFC,Maximum Hyetograph Points,Maximum Hyetograph Points,"[ ⟨ max_pts ⟩ | {1,000} ]",Classic and HPC,false,https://docs.tuflow.com/classic-hpc/manual/2023-03/TRFCCommands-1.html#trfcfMaximumHyetographPoints,https://docs.tuflow.com/classic-hpc/manual/2023-03/TRFCCommands-1.html
TRFC,Maximum RF Locations,Maximum RF Locations,"[ ⟨ max_rf_gauges ⟩ | {1,000} ]",Classic and HPC,false,https://docs.tuflow.com/classic-hpc/manual/2023-03/TRFCCommands-1.html#trfcfMaximumRFLocations,https://docs.tuflow.com/classic-hpc/manual/2023-03/TRFCCommands-1.html
TRFC,Read GIS RF Point,Read GIS RF Point,[ ⟨ gis_layer ⟩ ],Classic and HPC,false,https://docs.tuflow.com/classic-hpc/manual/2023-03/TRFCCommands-1.html#trfcfReadGISRFPoint,https://docs.tuflow.com/classic-hpc/manual/2023-03/TRFCCommands-1.html
TRFC,Read GIS RF Polygons,Read GIS RF Polygons,[ ⟨ gis_layer ⟩ ],Classic and HPC,false,https://docs.tuflow.com/classic-hpc/manual/2023-03/TRFCCommands-1.html#trfcfReadGISRFPolygon,https://docs.tuflow.com/classic-hpc/manual/2023-03/TRFCCommands-1.html
TRFC,Read GIS RF Triangles,Read GIS RF Triangles,[ ⟨ gis_layer ⟩ ],Classic and HPC,false,https://docs.tuflow.com/classic-hpc/manual/2023-03/TRFCCommands-1.html#trfcfReadGISRFTriangle,https://docs.tuflow.com/classic-hpc/manual/2023-03/TRFCCommands-1.html
TRFC,RF Grid Cell Size,RF Grid Cell Size,[ ⟨ value ⟩ ],Classic and HPC,false,https://docs.tuflow.com/classic-hpc/manual/2023-03/TRFCCommands-1.html#trfcfRFGridCellSize,https://docs.tuflow.com/classic-hpc/manual/2023-03/TRFCCommands-1.html
TRFC,RF Grid Format,RF Grid Format,[ ASC | FLT | NC | TIF ],Classic and HPC,false,https://docs.tuflow.com/classic-hpc/manual/2023-03/TRFCCommands-1.html#trfcfRFGridFormat,https://docs.tuflow.com/classic-hpc/manual/2023-03/TRFCCommands-1.html
TRFC,RF Grid Origin,RF Grid Origin,"[ ⟨ OX ⟩, ⟨ OY ⟩ ]",Classic and HPC,false,https://docs.tuflow.com/classic-hpc/manual/2023-03/TRFCCommands-1.html#trfcfRFGridOrigin,https://docs.tuflow.com/classic-hpc/manual/2023-03/TRFCCommands-1.html
TRFC,"RF Grid Size (N,M)","RF Grid Size (N,M)","[ ⟨ rows ⟩, ⟨ columns ⟩ ]",Classic and HPC,false,https://docs.tuflow.com/classic-hpc/manual/2023-03/TRFCCommands-1.html#trfcfRFGridSize,https://docs.tuflow.com/classic-hpc/manual/2023-03/TRFCCommands-1.html
TRFC,"RF Grid Size (X,Y)","RF Grid Size (X,Y)","[ ⟨ X_length ⟩, ⟨ Y_length ⟩ ]",Classic and HPC,false,https://docs.tuflow.com/classic-hpc/manual/2023-03/TRFCCommands-1.html#trfcfRFGridSize,https://docs.tuflow.com/classic-hpc/manual/2023-03/TRFCCommands-1.html
TRFC,RF Interpolation Method,RF Interpolation Method,[ IDW | POLYGON | TIN ],Classic and HPC,false,https://docs.tuflow.com/classic-hpc/manual/2023-03/TRFCCommands-1.html#trfcfRFInterpolationMethod,https://docs.tuflow.com/classic-hpc/manual/2023-03/TRFCCommands-1.html
TESF,Global Wind BC,Global Wind BC,[ ⟨ boundary name ⟩ ],Classic and HPC,false,https://docs.tuflow.com/classic-hpc/manual/2023-03/TESFCommands-1.html#tesfGlobalWindBC,https://docs.tuflow.com/classic-hpc/manual/2023-03/TESFCommands-1.html
TESF,Grid Interpolation Method,Grid Interpolation Method,[ IWD | Poly | {no default} ],Classic and HPC,false,https://docs.tuflow.com/classic-hpc/manual/2023-03/TESFCommands-1.html#tesfGridInterpolationMethod,https://docs.tuflow.com/classic-hpc/manual/2023-03/TESFCommands-1.html
TESF,IDW Exponent,IDW Exponent,[ {2.0} | ⟨ value ⟩ ],Classic and HPC,false,https://docs.tuflow.com/classic-hpc/manual/2023-03/TESFCommands-1.html#tesfIDWExponent,https://docs.tuflow.com/classic-hpc/manual/2023-03/TESFCommands-1.html
TESF,IDW Maximum Distance,IDW Maximum Distance,[ ⟨ value ⟩ ],Classic and HPC,false,https://docs.tuflow.com/classic-hpc/manual/2023-03/TESFCommands-1.html#tesfIDWMaximumDistance,https://docs.tuflow.com/classic-hpc/manual/2023-03/TESFCommands-1.html
TESF,IDW Maximum Point,IDW Maximum Point,[ {all} | ⟨ maximum points ⟩ ],Classic and HPC,false,https://docs.tuflow.com/classic-hpc/manual/2023-03/TESFCommands-1.html#tesfIDWMaximumPoint,https://docs.tuflow.com/classic-hpc/manual/2023-03/TESFCommands-1.html
TESF,Output Grid Cell Size,Output Grid Cell Size,[ ⟨ value ⟩ | {10 x the smallest 2D cell size} ],Classic and HPC,false,https://docs.tuflow.com/classic-hpc/manual/2023-03/TESFCommands-1.html#tesfOutputGridCellSize,https://docs.tuflow.com/classic-hpc/manual/2023-03/TESFCommands-1.html
TESF,Output Grid Format,Output Grid Format,[ ASC | FLT | {NC} ],Classic and HPC,false,https://docs.tuflow.com/classic-hpc/manual/2023-03/TESFCommands-1.html#tesfOutputGridFormat,https://docs.tuflow.com/classic-hpc/manual/2023-03/TESFCommands-1.html
TESF,Output Grid Origin,Output Grid Origin,"[ x, y ]",Classic and HPC,false,https://docs.tuflow.com/classic-hpc/manual/2023-03/TESFCommands-1.html#tesfOutputGridOrigin,https://docs.tuflow.com/classic-hpc/manual/2023-03/TESFCommands-1.html
TESF,Read GIS Wind Point,Read GIS Wind Point,[ ⟨ gis file ⟩ ],Classic and HPC,false,https://docs.tuflow.com/classic-hpc/manual/2023-03/TESFCommands-1.html#tesfReadGISWindPoint,https://docs.tuflow.com/classic-hpc/manual/2023-03/TESFCommands-1.html
TESF,Read GIS Wind Poly,Read GIS Wind Poly,[ ⟨ gis file ⟩ ],Classic and HPC,false,https://docs.tuflow.com/classic-hpc/manual/2023-03/TESFCommands-1.html#tesfReadGISWindPoly,https://docs.tuflow.com/classic-hpc/manual/2023-03/TESFCommands-1.html
TESF,Read Gridded Tau,Read Gridded Tau,[ ⟨ path to .nc or grid index .csv ⟩ ],Classic and HPC,false,https://docs.tuflow.com/classic-hpc/manual/2023-03/TESFCommands-1.html#tesfReadGriddedTau,https://docs.tuflow.com/classic-hpc/manual/2023-03/TESFCommands-1.html
QCF,Base Cell Size,Base Cell Size,[ ⟨ cell size⟩ | {TGC} ],HPC Only,false,https://docs.tuflow.com/classic-hpc/manual/2023-03/QCFCommands-1.html#qcfBaseCellSize,https://docs.tuflow.com/classic-hpc/manual/2023-03/QCFCommands-1.html
QCF,Orientation Angle,Orientation Angle,[ ⟨ angle ⟩ | Optimise | {TGC} ],HPC Only,false,https://docs.tuflow.com/classic-hpc/manual/2023-03/QCFCommands-1.html#qcfOrientationAngle,https://docs.tuflow.com/classic-hpc/manual/2023-03/QCFCommands-1.html
QCF,Model Origin and Extent,Model Origin and Extent,[ {Auto} | TGC ],HPC Only,false,https://docs.tuflow.com/classic-hpc/manual/2023-03/QCFCommands-1.html#qcfModelOriginandExtent,https://docs.tuflow.com/classic-hpc/manual/2023-03/QCFCommands-1.html
QCF,Read GIS Nesting,Read GIS Nesting,[ ⟨ gis file in 2d_qnl format ⟩ ],HPC Only,false,https://docs.tuflow.com/classic-hpc/manual/2023-03/QCFCommands-1.html#qcfReadGISNesting,https://docs.tuflow.com/classic-hpc/manual/2023-03/QCFCommands-1.html
QCF,Quadtree Mesh Processing Method,Quadtree Mesh Processing Method,[ {FAST} | Memory Efficient ],HPC Only,false,https://docs.tuflow.com/classic-hpc/manual/2023-03/QCFCommands-1.html#qcfQuadtreeMeshProcessingMethod,https://docs.tuflow.com/classic-hpc/manual/2023-03/QCFCommands-1.html
QCF,Spatial Database,Spatial Database,[ OFF | TCF ],HPC Only,false,https://docs.tuflow.com/classic-hpc/manual/2023-03/QCFCommands-1.html#qcfSpatialDatabase,https://docs.tuflow.com/classic-hpc/manual/2023-03/QCFCommands-1.html
TSCF,Check INP Save Date,Check INP Save Date,[ {ERROR} | WARNING | OFF ],Classic and HPC,false,https://docs.tuflow.com/classic-hpc/manual/2023-03/TSCFCommands-1.html#tscfCheckINPSaveDate,https://docs.tuflow.com/classic-hpc/manual/2023-03/TSCFCommands-1.html
TSCF,Inlet Surcharge Orifice Coefficient,Inlet Surcharge Orifice Coefficient,[ {0.16} ],Classic and HPC,false,https://docs.tuflow.com/classic-hpc/manual/2023-03/TSCFCommands-1.html#tscfInletSurchargeOrificeCoefficient,https://docs.tuflow.com/classic-hpc/manual/2023-03/TSCFCommands-1.html
TSCF,Maximum Inlet Ponded Depth,Maximum Inlet Ponded Depth,[ {999} ],Classic and HPC,false,https://docs.tuflow.com/classic-hpc/manual/2023-03/TSCFCommands-1.html#tscfMaximumInletPondedDepth,https://docs.tuflow.com/classic-hpc/manual/2023-03/TSCFCommands-1.html
TSCF,Output Folder,Output Folder,[ <folder> ],Classic and HPC,false,https://docs.tuflow.com/classic-hpc/manual/2023-03/TSCFCommands-1.html#tscfOutputFolder,https://docs.tuflow.com/classic-hpc/manual/2023-03/TSCFCommands-1.html
TSCF,READ BC <type>,READ BC <type>,[ <input_curve_1> | <input_curve_2> | … ],Classic and HPC,false,https://docs.tuflow.com/classic-hpc/manual/2023-03/TSCFCommands-1.html#tscfREADBC,https://docs.tuflow.com/classic-hpc/manual/2023-03/TSCFCommands-1.html
TSCF,Read GIS SWMM Inlet Usage,Read GIS SWMM Inlet Usage,[ <swmm_inlet_usage_filename> ],Classic and HPC,false,https://docs.tuflow.com/classic-hpc/manual/2023-03/TSCFCommands-1.html#tscfReadGISSWMMInletUsage,https://docs.tuflow.com/classic-hpc/manual/2023-03/TSCFCommands-1.html
TSCF,Read SWMM,Read SWMM,[ <swmm_inp_filename> ],Classic and HPC,false,https://docs.tuflow.com/classic-hpc/manual/2023-03/TSCFCommands-1.html#tscfReadSWMM,https://docs.tuflow.com/classic-hpc/manual/2023-03/TSCFCommands-1.html
TSCF,SWMM Iterations,SWMM Iterations,[ {1} ],Classic and HPC,false,https://docs.tuflow.com/classic-hpc/manual/2023-03/TSCFCommands-1.html#tscfSWMMIterations,https://docs.tuflow.com/classic-hpc/manual/2023-03/TSCFCommands-1.html
ADCF,AD Global Database,AD Global Database,[ <file> ],Classic and HPC,false,https://docs.tuflow.com/classic-hpc/manual/2023-03/ADCFCommands-1.html#adcfADGlobalDatabase,https://docs.tuflow.com/classic-hpc/manual/2023-03/ADCFCommands-1.html
ADCF,AD BC Database,AD BC Database,[ <file> ],Classic and HPC,false,https://docs.tuflow.com/classic-hpc/manual/2023-03/ADCFCommands-1.html#adcfADBCDatabase,https://docs.tuflow.com/classic-hpc/manual/2023-03/ADCFCommands-1.html
ADCF,Write Mass,Write Mass,[ ON | {OFF} ],Classic and HPC,false,https://docs.tuflow.com/classic-hpc/manual/2023-03/ADCFCommands-1.html#adcfWriteMass,https://docs.tuflow.com/classic-hpc/manual/2023-03/ADCFCommands-1.html
ADCF,Write Mass Unit,Write Mass Unit,[ Kg (or Kilogram) | {Tonne} | Gram ],Classic and HPC,false,https://docs.tuflow.com/classic-hpc/manual/2023-03/ADCFCommands-1.html#adcfWriteMassUnit,https://docs.tuflow.com/classic-hpc/manual/2023-03/ADCFCommands-1.html
ADCF,Write CFL,Write CFL,[ ON | {OFF} ],Classic Only,false,https://docs.tuflow.com/classic-hpc/manual/2023-03/ADCFCommands-1.html#adcfWriteCFL,https://docs.tuflow.com/classic-hpc/manual/2023-03/ADCFCommands-1.html
ADCF,Write Iterations,Write Iterations,[ ON | {OFF} ],Classic Only,false,https://docs.tuflow.com/classic-hpc/manual/2023-03/ADCFCommands-1.html#adcfWriteIterations,https://docs.tuflow.com/classic-hpc/manual/2023-03/ADCFCommands-1.html
TEF,Define Event,Define Event,[ <event_name> ],Classic and HPC,false,https://docs.tuflow.com/classic-hpc/manual/2023-03/TEFCommands-1.html#tefDefineEvent,https://docs.tuflow.com/classic-hpc/manual/2023-03/TEFCommands-1.html
TEF,End Define,End Define,,Classic and HPC,false,https://docs.tuflow.com/classic-hpc/manual/2023-03/TEFCommands-1.html#tefEndDefine,https://docs.tuflow.com/classic-hpc/manual/2023-03/TEFCommands-1.html
