control_file,command,command_pattern,value_pattern,summary,solver,is_legacy,source_url
TCF,AD Control File,AD Control File,[ <.adcf_file> ],Specifies the TUFLOW AD control file to execute an AD simulation for water-structure interaction.,Classic and HPC,false,https://docs.tuflow.com/classic-hpc/manual/2026.0/TCFCommands-1.html#tcfADControlFile
TCF,Adjust Head at ESTRY Interface,Adjust Head at ESTRY Interface,[ ON | ON Variable | {OFF} ],Controls the adjustment of the 1D water level at the estuary interface for backward compatibility.,Classic and HPC,true,https://docs.tuflow.com/classic-hpc/manual/2026.0/TCFCommands-1.html#tcfAdjustHeadatESTRYInterface
TCF,Auto Terminate dV Cell Tolerance,Auto Terminate dV Cell Tolerance,[ {0%} | <value> ],Defines the percentage of cells tolerated for automated simulation termination after peak flood flow.,Classic and HPC,false,https://docs.tuflow.com/classic-hpc/manual/2026.0/TCFCommands-1.html#tcfAutoTerminatedVCellTolerance
TCF,Auto Terminate dV Value Tolerance,Auto Terminate dV Value Tolerance,[ {0} | <value> ],Defines the velocity-depth product tolerance for automated simulation termination at the peak.,Classic and HPC,false,https://docs.tuflow.com/classic-hpc/manual/2026.0/TCFCommands-1.html#tcfAutoTerminatedVValueTolerance
TCF,Auto Terminate Start Time,Auto Terminate Start Time,[ {Simulation Start Time} | <value> ],Specifies the simulation start time after which automated termination monitoring begins.,Classic and HPC,false,https://docs.tuflow.com/classic-hpc/manual/2026.0/TCFCommands-1.html#tcfAutoTerminateStartTime
TCF,Auto Terminate Wet Cell Tolerance,Auto Terminate Wet Cell Tolerance,[ {0} | <value> ],Defines the percentage of wet cells tolerated to automatically terminate the simulation.,Classic and HPC,false,https://docs.tuflow.com/classic-hpc/manual/2026.0/TCFCommands-1.html#tcfAutoTerminateWetCellTolerance
TCF,BC Control File,BC Control File,[ <.tbc> ],Specifies the file containing boundary conditions for the TUFLOW model.,Classic and HPC,false,https://docs.tuflow.com/classic-hpc/manual/2026.0/TCFCommands-1.html#tcfBCControlFile
TCF,BC Database,BC Database,[ <.csv> ],Defines the CSV file containing boundary conditions for the 2D and 1D TUFLOW models.,Classic and HPC,false,https://docs.tuflow.com/classic-hpc/manual/2026.0/TCFCommands-1.html#tcfBCDatabase
TCF,BC Event Name,BC Event Name,[ <bc_event_name> ],Sets the name of the BC event to be substituted in the boundary condition database.,Classic and HPC,true,https://docs.tuflow.com/classic-hpc/manual/2026.0/TCFCommands-1.html#tcfBCEventName
TCF,BC Event Source,BC Event Source,[ <bc_event_text> | <bc_event_name> ],Defines the event text or name for a boundary condition event in TUFLOW.,Classic and HPC,false,https://docs.tuflow.com/classic-hpc/manual/2026.0/TCFCommands-1.html#tcfBCEventSource
TCF,BC Event Text,BC Event Text,[ <bc_event_text> ],Defines the text to be substituted by the BC Event Name in the boundary condition database.,Classic and HPC,true,https://docs.tuflow.com/classic-hpc/manual/2026.0/TCFCommands-1.html#tcfBCEventText
TCF,BC Wet/Dry Method,BC Wet/Dry Method,[ PRE 2005-11-AF ],Defines the method for setting wet/dry status at HX cells for enhanced simulation stability.,Classic Only,true,https://docs.tuflow.com/classic-hpc/manual/2026.0/TCFCommands-1.html#tcfBCWetDryMethod
TCF,BC Zero Flow,BC Zero Flow,[ {OFF} | START | END | START and END ],Sets the flow hydrograph values at the simulation start and/or end to zero for enhanced boundary conditions.,Classic and HPC,false,https://docs.tuflow.com/classic-hpc/manual/2026.0/TCFCommands-1.html#tcfBCZeroFlow
TCF,Bed Resistance Cell Sides,Bed Resistance Cell Sides,[ AVERAGE M | AVERAGE n | MAXIMUM n | {INTERROGATE} ],Defines how the bed resistance value is calculated at a 2D cell's mid-side for improved modeling accuracy.,Classic and HPC,true,https://docs.tuflow.com/classic-hpc/manual/2026.0/TCFCommands-1.html#tcfBedResistanceCellSides
TCF,Bed Resistance Depth Interpolation,Bed Resistance Depth Interpolation,[ LINEAR M | {SPLINE n} | LINEAR n ],Specifies the method for interpolating Manning's n values between depths for accurate bed resistance modeling.,Classic Only,false,https://docs.tuflow.com/classic-hpc/manual/2026.0/TCFCommands-1.html#tcfBedResistanceDepthInterpolation
TCF,Bed Resistance Values,Bed Resistance Values,[ {MANNING N} | MANNING M | CHEZY ],Defines the formula used to calculate the bed resistance for accurate water flow modeling.,Classic Only,false,https://docs.tuflow.com/classic-hpc/manual/2026.0/TCFCommands-1.html#tcfBedResistanceValues
TCF,BG FLC Default Approach,BG FLC Default Approach,[ {LINEAR} | LINEAR-CONSTANT | PARABOLIC | INVERTED-PARABOLIC ],Defines the method for calculating the flow-dependent velocity profile at different depths for the 2D background.,Classic and HPC,false,https://docs.tuflow.com/classic-hpc/manual/2026.0/TCFCommands-1.html#tcfBGFLCDefaultApproach
TCF,Blank BG FLC Approach,Blank BG FLC Approach,[ {NONE} | METHOD A | METHOD B ],Defines how the superstructure FLC is automatically generated when not manually specified.,Classic and HPC,false,https://docs.tuflow.com/classic-hpc/manual/2026.0/TCFCommands-1.html#tcfBlankBGFLCApproach
TCF,Blockage AEP,Blockage AEP,[ <aep_value_in_%> ],"Specifies the annual exceedance probability (AEP) for the event, influencing flood frequency calculations.",Classic and HPC,false,https://docs.tuflow.com/classic-hpc/manual/2026.0/TCFCommands-1.html#tcfBlockageAEP
TCF,Blockage ARI,Blockage ARI,[ <ari_value_in_years> ],"Specifies the average recurrence interval (ARI) for the event, influencing flood frequency calculations.",Classic and HPC,false,https://docs.tuflow.com/classic-hpc/manual/2026.0/TCFCommands-1.html#tcfBlockageARI
TCF,Blockage Default,Blockage Default,[ <Default_Blockage_Category> ],Defines the default blockage category to be applied when no blockage is specified in the 1D network.,Classic and HPC,false,https://docs.tuflow.com/classic-hpc/manual/2026.0/TCFCommands-1.html#tcfBlockageDefault
TCF,Blockage Matrix,Blockage Matrix,[ {OFF} | ON ],Enables or disables the Blockage Matrix for detailed culvert representation in the model.,Classic and HPC,false,https://docs.tuflow.com/classic-hpc/manual/2026.0/TCFCommands-1.html#tcfBlockageMatrix
TCF,Blockage Matrix File,Blockage Matrix File,[ <link_to_blockage.csv file> ],Specifies the file containing the blockage matrix for detailed culvert representation in the model.,Classic and HPC,false,https://docs.tuflow.com/classic-hpc/manual/2026.0/TCFCommands-1.html#tcfBlockageMatrixFile
TCF,Blockage Method,Blockage Method,[ ELM | RAM | {} ],Defines the blockage matrix method (ELM or RAM) to be used when the blockage matrix is enabled.,Classic and HPC,false,https://docs.tuflow.com/classic-hpc/manual/2026.0/TCFCommands-1.html#tcfBlockageMethod
TCF,Blockage Override,Blockage Override,[ <Blockage_Category> ],Overwrites the culvert blockage categories to a specified value for sensitivity testing.,Classic and HPC,false,https://docs.tuflow.com/classic-hpc/manual/2026.0/TCFCommands-1.html#tcfBlockageOverride
TCF,Blockage PMF AEP,Blockage PMF AEP,[ <aep_value> ],Sets the annual exceedance probability (AEP) specifically for the PMF within the blockage matrix.,Classic and HPC,false,https://docs.tuflow.com/classic-hpc/manual/2026.0/TCFCommands-1.html#tcfBlockagePMFAEP
TCF,Blockage PMF ARI,Blockage PMF ARI,[ <ari_value_in_years> ],Sets the average recurrence interval (ARI) specifically for the PMF within the blockage matrix.,Classic and HPC,false,https://docs.tuflow.com/classic-hpc/manual/2026.0/TCFCommands-1.html#tcfBlockagePMFARI
TCF,Blockage Return Period,Blockage Return Period,[ AEP | ARI ],Specifies whether to use ARI or AEP naming convention for the return period in the blockage matrix.,Classic and HPC,false,https://docs.tuflow.com/classic-hpc/manual/2026.0/TCFCommands-1.html#tcfBlockageReturnPeriod
TCF,Blue Kenue Start Date,Blue Kenue Start Date,[ <date_in_isodate_format> ],"Sets the start date for Blue Kenue output files, used for legacy Blue Kenue compatibility.",Classic and HPC,true,https://docs.tuflow.com/classic-hpc/manual/2026.0/TCFCommands-1.html#tcfBlueKenueStartDate
TCF,Boundary Viscosity Factor,Boundary Viscosity Factor,[ {1.0} | <factor> ],"Multiplies eddy viscosity along boundaries and links for improved circulation stabilization, use with caution.",Classic and HPC,false,https://docs.tuflow.com/classic-hpc/manual/2026.0/TCFCommands-1.html#tcfBoundaryViscosityFactor
TCF,BSS Cutoff Depth,BSS Cutoff Depth,[ {0.1} | <BSS_cutoff_depth> ],"Defines the depth threshold for BSS and SP Map Output Data Types, linearly reducing them to zero below this depth.",Classic and HPC,false,https://docs.tuflow.com/classic-hpc/manual/2026.0/TCFCommands-1.html#tcfBSSCutoffDepth
TCF,Calibration Points MI File,Calibration Points MI File,[ <mif_layer> ],Assigns the peak water level to a GIS layer for easy extraction of flood levels at calibration points.,Classic and HPC,false,https://docs.tuflow.com/classic-hpc/manual/2026.0/TCFCommands-1.html#tcfCalibrationPointsMIFile
TCF,Cell Side Wet/Dry Depth,Cell Side Wet/Dry Depth,[ {0.001} | <depth_in_m> ],A modeller would use this command to specify a minimum cell side depth for wet/dry calculations in older models.,Classic Only,true,https://docs.tuflow.com/classic-hpc/manual/2026.0/TCFCommands-1.html#tcfCellSideWetDryDepth
TCF,Cell Size,Cell Size,[ <value_in_metres> ],Modellers historically used this to set grid cell size; now use the .tgc Cell Size command instead for HPC models.,Classic and HPC,true,https://docs.tuflow.com/classic-hpc/manual/2026.0/TCFCommands-1.html#tcfCellSize
TCF,Cell Wet/Dry Depth,Cell Wet/Dry Depth,[ {0.002} | <wet/dry_depth> | <wet_depth> ] | [ <dry_depth> ],"Sets the water depth at which a cell wets or dries, crucial for accurate water level calculations.",Classic and HPC,false,https://docs.tuflow.com/classic-hpc/manual/2026.0/TCFCommands-1.html#tcfCellWetDryDepth
TCF,Change Zero Material Values to One,Change Zero Material Values to One,[ ON | {OFF} ],A modeller would use this command when using older model setups that rely on default material values being zero.,Classic and HPC,true,https://docs.tuflow.com/classic-hpc/manual/2026.0/TCFCommands-1.html#tcfChangeZeroMaterialValuestoOne
TCF,Check Inside Grid,Check Inside Grid,[ {ERROR} | WARNING | OFF ],"Modellers use this to control the strictness of object placement within the 2D domain, allowing for flexible boundary conditions.",Classic and HPC,false,https://docs.tuflow.com/classic-hpc/manual/2026.0/TCFCommands-1.html#tcfCheckInsideGrid
TCF,Check MI Save Date,Check MI Save Date,[ {ERROR} | WARNING | OFF ],"Modellers use this to ensure the .mid file is saved after the GIS layer, preventing issues with outdated data.",Classic and HPC,false,https://docs.tuflow.com/classic-hpc/manual/2026.0/TCFCommands-1.html#tcfCheckMISaveDate
TCF,Check MI Save Ext,Check MI Save Ext,[ {.tab} | <ext> ],Specifies the GIS file extension used by Check MI Save Date to ensure the .mid file is saved after the GIS layer.,Classic and HPC,false,https://docs.tuflow.com/classic-hpc/manual/2026.0/TCFCommands-1.html#tcfCheckMISaveExt
TCF,Command Line Processing,Command Line Processing,[ {2016} | Pre 2016 ],"Relaxes a rule regarding command syntax, helping to avoid processing errors caused by missing equals signs.",Classic and HPC,false,https://docs.tuflow.com/classic-hpc/manual/2026.0/TCFCommands-1.html#tcfCommandLineProcessing
TCF,Control Number Factor,Control Number Factor,[ {1.0} | <CN_value> ],"Modellers adjust HPC control numbers (courant, shallow wave, diffusion) to manage simulation stability and runtime.",HPC Only,false,https://docs.tuflow.com/classic-hpc/manual/2026.0/TCFCommands-1.html#tcfControlNumberFactor
TCF,CPU Threads,CPU Threads,[ {4.0} | <number_of_CPU_threads> ],"Controls the number of CPU threads utilized by the HPC solver, impacting simulation speed and resource consumption.",HPC Only,false,https://docs.tuflow.com/classic-hpc/manual/2026.0/TCFCommands-1.html#tcfCPUThreads
TCF,CSV Header Line,CSV Header Line,[ {} | SINGLE ],"Modellers specify a header line for CSV output files, particularly for compatibility with older formats.",Classic and HPC,true,https://docs.tuflow.com/classic-hpc/manual/2026.0/TCFCommands-1.html#tcfCSVHeaderLine
TCF,CSV Maximum Number Columns,CSV Maximum Number Columns,[ <max_col> ],Modellers limit the number of columns outputted in 1D CSV files for compatibility with older formats.,Classic Only,true,https://docs.tuflow.com/classic-hpc/manual/2026.0/TCFCommands-1.html#tcfCSVMaximumNumberColumns
TCF,CSV Time,CSV Time,[ DAYS | {HOURS} | MINUTES | SECONDS ],"Specifies the time units used in the .csv output files, allowing for different temporal resolutions for data analysis.",Classic and HPC,false,https://docs.tuflow.com/classic-hpc/manual/2026.0/TCFCommands-1.html#tcfCSVTime
TCF,Defaults,Defaults,[ <Release> ],"Enables backward compatibility, allowing models to be run with specific versions of TUFLOW.",Classic and HPC,false,https://docs.tuflow.com/classic-hpc/manual/2026.0/TCFCommands-1.html#tcfDefaults
TCF,Define Output Zone,Define Output Zone,[ <oz_name> ],"Defines a block of commands specifically for an Output Zone, allowing for tailored output configurations.",Classic and HPC,false,https://docs.tuflow.com/classic-hpc/manual/2026.0/TCFCommands-1.html#tcfDefineOutputZone
TCF,Demo Model,Demo Model,[ ON | {OFF} ],"Enables the simulation of Demo Models and Free Mode for small-scale testing, useful for learning TUFLOW.",Classic and HPC,false,https://docs.tuflow.com/classic-hpc/manual/2026.0/TCFCommands-1.html#tcfDemoModel
TCF,Density of Air,Density of Air,[ {1.25} | <value> ],"Sets the density of air, which is important for accurate aerodynamic modeling of wind-driven flows.",Classic Only,false,https://docs.tuflow.com/classic-hpc/manual/2026.0/TCFCommands-1.html#tcfDensityofAir
TCF,Density of Water,Density of Water,[ {1025} | <value> ],"Sets the density of water, a fundamental parameter for hydrological and hydrodynamic simulations.",Classic and HPC,false,https://docs.tuflow.com/classic-hpc/manual/2026.0/TCFCommands-1.html#tcfDensityofWater
TCF,Depth/Ripple Height Factor Limit,Depth/Ripple Height Factor Limit,[ {10} | <value> ],"Limits the ratio of water depth to ripple height, influencing the calculation of Chezy values for flow estimation.",Classic Only,false,https://docs.tuflow.com/classic-hpc/manual/2026.0/TCFCommands-1.html#tcfDepthRippleHeightFactorLimit
TCF,Display Water Level,Display Water Level,"[ <X>, <Y> ]",Displays the water level at a specified geographic coordinate during simulation for visual inspection.,Classic and HPC,false,https://docs.tuflow.com/classic-hpc/manual/2026.0/TCFCommands-1.html#tcfDisplayWaterLevel
TCF,Distribute HX Flows,Distribute HX Flows,[ ON | {OFF} ],A modeller might use this command to improve model performance at 1D/2D interfaces by adjusting how flow is distributed across HX lines.,Classic and HPC,false,https://docs.tuflow.com/classic-hpc/manual/2026.0/TCFCommands-1.html#tcfDistributeHXFlows
TCF,End 1D Domain,End 1D Domain,,"Marks the end of a 1D domain block, defining the boundary of the 1D flow representation in the model.",Classic and HPC,false,https://docs.tuflow.com/classic-hpc/manual/2026.0/TCFCommands-1.html#tcfEnd1DDomain
TCF,End 2D Domain,End 2D Domain,,Modellers mark the end of a 2D domain definition block within a TUFLOW simulation.,Classic Only,false,https://docs.tuflow.com/classic-hpc/manual/2026.0/TCFCommands-1.html#tcfEnd2DDomain
TCF,End After Maximum,End After Maximum,[ <eam> | [ {0.001} | <h_tol> ] ],"Terminates the simulation based on time or height criteria, allowing for adaptive simulation control.",Classic and HPC,false,https://docs.tuflow.com/classic-hpc/manual/2026.0/TCFCommands-1.html#tcfEndAfterMaximum
TCF,End After Maximum Start Time,End After Maximum Start Time,[ <eam> | [ {0.001} | <h_tol> ] ],"Modellers delay monitoring for a specified time after the simulation starts, using the ""End After Maximum"" command.",Classic and HPC,false,https://docs.tuflow.com/classic-hpc/manual/2026.0/TCFCommands-1.html#tcfEndAfterMaximumStartTime
TCF,End Define,End Define,,"Marks the end of a block of Output Zone definitions, completing the specification of output parameters.",Classic and HPC,false,https://docs.tuflow.com/classic-hpc/manual/2026.0/TCFCommands-1.html#tcfEndDefine
TCF,End Map Output,End Map Output,[ <time_in_hours> ],"Specifies a simulation time for map output to terminate, allowing for controlled output generation.",Classic and HPC,false,https://docs.tuflow.com/classic-hpc/manual/2026.0/TCFCommands-1.html#tcfEndMapOutput
TCF,End Time,End Time,[ <time_in_hours> ],"Defines the end time of the simulation, allowing for controlled simulation duration.",Classic and HPC,false,https://docs.tuflow.com/classic-hpc/manual/2026.0/TCFCommands-1.html#tcfEndTime
TCF,ESTRY Control File,ESTRY Control File [ {} | Auto ],[ <.ecf_file> ],"Specifies the TUFLOW 1D/ESTRY control file, allowing for external configuration of the 1D flow model.",Classic and HPC,false,https://docs.tuflow.com/classic-hpc/manual/2026.0/TCFCommands-1.html#tcfESTRYControlFile
TCF,ESTRY Control File Auto,ESTRY Control File [ {} | Auto ],[ <.ecf_file> ],"Specifies the TUFLOW 1D/ESTRY control file, allowing for external configuration of the 1D flow model.",Classic and HPC,false,https://docs.tuflow.com/classic-hpc/manual/2026.0/TCFCommands-1.html#tcfESTRYControlFile
TCF,Event File,Event File,[ <.tef_file> ],"Specifies the event file, allowing for external configuration of events and commands for the simulation.",Classic and HPC,false,https://docs.tuflow.com/classic-hpc/manual/2026.0/TCFCommands-1.html#tcfEventFile
TCF,Excel Start Date,Excel Start Date,[ <days_since_1900> ],"Adjusts the time column in Excel output, allowing for easier data integration with Microsoft Excel.",Classic and HPC,false,https://docs.tuflow.com/classic-hpc/manual/2026.0/TCFCommands-1.html#tcfExcelStartDate
TCF,External Stress File,External Stress File,[ <.tesf_file> ],"Specifies the external stress control file, enabling the application of external boundary conditions.",Classic and HPC,false,https://docs.tuflow.com/classic-hpc/manual/2026.0/TCFCommands-1.html#tcfExternalStressFile
TCF,FEWS Geodatum,FEWS Geodatum,[ <geodatum_string> ],"Generates a FEWS regular grid configuration file, facilitating data exchange with other FEWS-compatible systems.",Classic and HPC,false,https://docs.tuflow.com/classic-hpc/manual/2026.0/TCFCommands-1.html#tcfFEWSGeodatum
TCF,FEWS Input File,FEWS Input File,[ <FEWS_boundary_file> ],"References a DELFT-FEWS boundary file, enabling data-driven simulation setup based on external boundary conditions.",Classic and HPC,false,https://docs.tuflow.com/classic-hpc/manual/2026.0/TCFCommands-1.html#tcfFEWSInputFile
TCF,File Retry Max Count,File Retry Max Count,[ <max_count> | {40} ],"Controls the retry attempts for locked files, preventing infinite loops when accessing files.",Classic and HPC,false,https://docs.tuflow.com/classic-hpc/manual/2026.0/TCFCommands-1.html#tcfFileRetryMaxCount
TCF,File Retry Timeout,File Retry Timeout,[ <max_time> | {30} ],"Specifies the timeout duration for retrying locked files, preventing indefinite waiting during file access.",Classic and HPC,false,https://docs.tuflow.com/classic-hpc/manual/2026.0/TCFCommands-1.html#tcfFileRetryTimeout
TCF,First Sweep Direction,First Sweep Direction,[ AUTOMATIC | {POSITIVE} | NEGATIVE ],"Controls the sweep direction in the model, potentially influencing results in specific flow regimes; automatic is recommended.",Classic Only,true,https://docs.tuflow.com/classic-hpc/manual/2026.0/TCFCommands-1.html#tcfFirstSweepDirection
TCF,Force File IO Display,Force File IO Display,[ ON | {OFF} ],"Enables detailed file I/O display, useful for debugging file access issues during simulation.",Classic and HPC,false,https://docs.tuflow.com/classic-hpc/manual/2026.0/TCFCommands-1.html#tcfForceFileIODisplay
TCF,Free Overfall,Free Overfall,[ {ON} | ON WITHOUT WEIRS | OFF ],"Enables or disables a free-overfall method, impacting stability and computation time, especially useful for tidal flats.",Classic Only,true,https://docs.tuflow.com/classic-hpc/manual/2026.0/TCFCommands-1.html#tcfFreeOverfall
TCF,Free Overfall Factor,Free Overfall Factor,[ {0.6} | <value_0.0_to_1.0> ],"Adjusts the free-overfall factor, influencing the behavior of water flow over levees and embankments.",Classic Only,false,https://docs.tuflow.com/classic-hpc/manual/2026.0/TCFCommands-1.html#tcfFreeOverfallFactor
TCF,Froude Check,Froude Check,[ {1} | <froude_no> ],"Adjusts the minimum Froude number for upstream controlled flow, potentially improving stability in steep gradients.",Classic Only,false,https://docs.tuflow.com/classic-hpc/manual/2026.0/TCFCommands-1.html#tcfFroudeCheck
TCF,Froude Depth Adjustment,Froude Depth Adjustment,[ {ON} | OFF ],"Toggles an additional upstream controlled friction flow check, primarily for backward compatibility with older models.",Classic Only,true,https://docs.tuflow.com/classic-hpc/manual/2026.0/TCFCommands-1.html#tcfFroudeDepthAdjustment
TCF,GA Convergence Value,GA Convergence Value,[ {0.001} | <value> ],"Sets the convergence criteria for the Green Ampt infiltration test, influencing groundwater flow modeling accuracy.",Classic Only,false,https://docs.tuflow.com/classic-hpc/manual/2026.0/TCFCommands-1.html#tcfGAConvergenceValue
TCF,GA Maximum Iterations,GA Maximum Iterations,[ {ON} | OFF ],"Limits the number of iterations for the Green Ampt infiltration test, preventing excessive computation time.",Classic Only,false,https://docs.tuflow.com/classic-hpc/manual/2026.0/TCFCommands-1.html#tcfGAMaximumIterations
TCF,Geometry Control File,Geometry Control File,[ <.tgc_file> ],"Specifies the geometry control file, enabling precise definition of the 2D domain's spatial arrangement.",Classic and HPC,false,https://docs.tuflow.com/classic-hpc/manual/2026.0/TCFCommands-1.html#tcfGeometryControlFile
TCF,GIS Format,GIS Format,[ {MIF} | SHP | GPKG ],"Sets the output GIS format for check layers and other GIS data, ensuring compatibility with GIS software.",Classic and HPC,false,https://docs.tuflow.com/classic-hpc/manual/2026.0/TCFCommands-1.html#tcfGISFormat
TCF,GIS Grid Vector Direction,GIS Grid Vector Direction,[ {ANGLE} | BEARING | VERBOSE ],"Sets the direction convention for GIS vector data output, influencing attribute labeling and data interpretation.",Classic and HPC,false,https://docs.tuflow.com/classic-hpc/manual/2026.0/TCFCommands-1.html#tcfGISGridVectorDirection
TCF,GIS Grid Vector SF,GIS Grid Vector SF,[ {1} | <scale_factor> ],"Sets the scaling factor for GIS vector data output, controlling the relationship between model units and GIS coordinates.",Classic and HPC,false,https://docs.tuflow.com/classic-hpc/manual/2026.0/TCFCommands-1.html#tcfGISGridVectorSF
TCF,GIS Grid Vector TTF,GIS Grid Vector TTF,[ {0} | <tail_thickness_factor> ],"Adjusts the thickness of GIS vector data arrow tails, resolving potential display issues in certain GIS software.",Classic and HPC,false,https://docs.tuflow.com/classic-hpc/manual/2026.0/TCFCommands-1.html#tcfGISGridVectorTTF
TCF,GIS Grid Vector Type,GIS Grid Vector Type,[ {Region} | Point ],"Determines if GIS vector output is represented as points or regions, impacting data representation and analysis.",Classic and HPC,false,https://docs.tuflow.com/classic-hpc/manual/2026.0/TCFCommands-1.html#tcfGISGridVectorType
TCF,GIS Project Path Format,GIS Project Path Format,[ Absolute | {Relative} ],Modellers specify whether to use relative or absolute referencing for GIS project paths in TUFLOW outputs.,Classic and HPC,false,https://docs.tuflow.com/classic-hpc/manual/2026.0/TCFCommands-1.html#tcfGISProjectPathFormat
TCF,GIS Projection Check,GIS Projection Check,[ {ERROR} | WARNING ],"Verifies GIS projection consistency, ensuring data accuracy and compatibility for GIS output generation.",Classic and HPC,false,https://docs.tuflow.com/classic-hpc/manual/2026.0/TCFCommands-1.html#tcfGISProjectionCheck
TCF,GIS Supported Object Ignored,GIS Supported Object Ignored,[ ERROR | {WARNING} ],Modellers specify how to handle GIS object ignored messages during a TUFLOW simulation.,Classic and HPC,false,https://docs.tuflow.com/classic-hpc/manual/2026.0/TCFCommands-1.html#tcfGISSupportedObjectIgnored
TCF,GIS Unsupported Object,GIS Unsupported Object,[ {ERROR} | WARNING ] | [ {1} | <level> ],"Controls how TUFLOW manages unsupported GIS object types, allowing for flexible handling of data discrepancies.",Classic and HPC,false,https://docs.tuflow.com/classic-hpc/manual/2026.0/TCFCommands-1.html#tcfGISUnsupportedObject
TCF,Global FC Ch Factor,Global FC Ch Factor,[ {0.8} | <Ch> ],"A modeller would use this command to fine-tune flow calculations at constrictions in submerged/unsubmerged scenarios, improving accuracy.",Classic Only,false,https://docs.tuflow.com/classic-hpc/manual/2026.0/TCFCommands-1.html#tcfGlobalFCChFactor
TCF,Global Rainfall Use Material Loss,Global Rainfall Use Material Loss,[ OFF | {ON} ],Modellers enable or disable material rainfall loss calculations when using global rainfall boundaries in TUFLOW Classic.,Classic Only,false,https://docs.tuflow.com/classic-hpc/manual/2026.0/TCFCommands-1.html#tcfGlobalRainfallUseMaterialLoss
TCF,Global Weir Factor,Global Weir Factor,[ {1.0} | <value> ],"Adjusts the broad-crested weir formula, influencing upstream-controlled weir flow calculations across the model.",Classic and HPC,false,https://docs.tuflow.com/classic-hpc/manual/2026.0/TCFCommands-1.html#tcfGlobalWeirFactor
TCF,GPKG Conversion Check,GPKG Conversion Check,[ WARNING ],Modellers change the severity of errors related to converting SHP/MIF files from a GKPG layer.,Classic and HPC,false,https://docs.tuflow.com/classic-hpc/manual/2026.0/TCFCommands-1.html#tcfGPKGConversionCheck
TCF,GPKG Projection,GPKG Projection,[ <GPKG_layer> ],"Defines the geographic projection for GeoPackage files, ensuring spatial consistency across GIS input and output.",Classic and HPC,false,https://docs.tuflow.com/classic-hpc/manual/2026.0/TCFCommands-1.html#tcfGPKGProjection
TCF,GPU Device IDs,GPU Device IDs,[ <list_of_device_ids> ],"Selects the GPU devices to utilize for HPC simulations, allowing for distributed processing across multiple GPUs.",HPC Only,false,https://docs.tuflow.com/classic-hpc/manual/2026.0/TCFCommands-1.html#tcfGPUDeviceIDs
TCF,GPU DP Check,GPU DP Check,[ {ERROR} | OFF ],"Controls the GPU DP check, allowing for a switch between single and double-precision calculations on GPU simulations.",HPC Only,true,https://docs.tuflow.com/classic-hpc/manual/2026.0/TCFCommands-1.html#tcfGPUDPCheck
TCF,GPU Peer to Peer Access,GPU Peer to Peer Access,[ DISABLED | {ENABLED IF AVAILABLE} ],Modellers enable or disable peer-to-peer GPU access for enhanced HPC simulation performance.,HPC Only,false,https://docs.tuflow.com/classic-hpc/manual/2026.0/TCFCommands-1.html#tcfGPUPeertoPeerAccess
TCF,RAM Optimisation,RAM Optimisation,[ {ON} | OFF ],"Optimizes CPU RAM allocation for HPC simulations, potentially reducing memory footprint and improving performance.",HPC Only,true,https://docs.tuflow.com/classic-hpc/manual/2026.0/TCFCommands-1.html#tcfRAMOptimisation
TCF,GPU Solver,GPU Solver,[ ON | {OFF} ],"Enables or disables the pre-2017 version of the TUFLOW GPU solver, influencing the simulation engine used.",GPU (pre-2017 HPC release) if set to ON,true,https://docs.tuflow.com/classic-hpc/manual/2026.0/TCFCommands-1.html#tcfGPUSolver
TCF,GPU Temporal Scheme,GPU Temporal Scheme,[ 1 | 2 | {4} ],"Specifies the temporal solution order for GPU simulations, balancing stability and computational performance.",GPU (pre-2017 HPC release),true,https://docs.tuflow.com/classic-hpc/manual/2026.0/TCFCommands-1.html#tcfGPUTemporalScheme
TCF,Grid Format,Grid Format,[ ASC | FLT | {TIF} | GPKG | NC | TGO | WRR ],"Defines the file format used for output and check grids, influencing data compatibility and storage.",Classic and HPC,false,https://docs.tuflow.com/classic-hpc/manual/2026.0/TCFCommands-1.html#tcfGridFormat
TCF,Grid Output Cell Size,Grid Output Cell Size,[ <grid_cell_size> ],"Sets the resolution of output grids, impacting accuracy, file size, and memory usage during TUFLOW simulations.",Classic and HPC,false,https://docs.tuflow.com/classic-hpc/manual/2026.0/TCFCommands-1.html#tcfGridOutputCellSize
TCF,Grid Output Origin,Grid Output Origin,[ {AUTOMATIC} | MODEL ORIGIN ],"Defines the origin for output grids, influencing spatial alignment and compatibility across different TUFLOW simulations.",Classic and HPC,false,https://docs.tuflow.com/classic-hpc/manual/2026.0/TCFCommands-1.html#tcfGridOutputOrigin
TCF,Groundwater Blend Threshold,Groundwater Blend Threshold,[ <float> | {0.9} ],"Defines a threshold for blending groundwater levels between layers, influencing the transition behavior near saturated soil.",HPC Only,false,https://docs.tuflow.com/classic-hpc/manual/2026.0/TCFCommands-1.html#tcfGroundwaterBlendThreshold
TCF,Hardware,Hardware,[ {CPU} | GPU ],"Specifies whether to use the CPU or GPU for TUFLOW computations, influencing performance for large-scale simulations.",Classic and HPC,false,https://docs.tuflow.com/classic-hpc/manual/2026.0/TCFCommands-1.html#tcfHardware
TCF,HEC-DSS Start Date,HEC-DSS Start Date,[ <value> ],"Sets the initial date/time for the simulation's time-zero, allowing for accurate temporal alignment with external data.",Classic and HPC,false,https://docs.tuflow.com/classic-hpc/manual/2026.0/TCFCommands-1.html#tcfHEC-DSSStartDate
TCF,HPC Thin Weir Parameters,HPC [ Thin | Thick ] Weir Parameters,"[ <Cd>, <Ex>, <a>, <b> ]","Defines weir flow parameters in the HPC solver for thin/thick breaklines, allowing for precise control of flow behavior.",HPC Only,false,https://docs.tuflow.com/classic-hpc/manual/2026.0/TCFCommands-1.html#tcfHPCWeirParameters
TCF,HPC Thick Weir Parameters,HPC [ Thin | Thick ] Weir Parameters,"[ <Cd>, <Ex>, <a>, <b> ]","Defines weir flow parameters in the HPC solver for thin/thick breaklines, allowing for precise control of flow behavior.",HPC Only,false,https://docs.tuflow.com/classic-hpc/manual/2026.0/TCFCommands-1.html#tcfHPCWeirParameters
TCF,HPC 1D Synchronisation,HPC 1D Synchronisation,[ {MAXIMISE 1D TIMESTEP} | EVERY 2D TIMESTEP ] | [ {10} ],"Controls the 1D timestep in HPC 1D/2D models, impacting synchronization and potentially introducing minor mass errors.",HPC Only,false,https://docs.tuflow.com/classic-hpc/manual/2026.0/TCFCommands-1.html#tcfHPC1DSynchronisation
TCF,HPC Boundary Approach,HPC Boundary Approach,[ Method A | Method B | {Method C} ],"Selects the HPC boundary approach, influencing energy corrections and connectivity for various boundary types.",HPC Only,false,https://docs.tuflow.com/classic-hpc/manual/2026.0/TCFCommands-1.html#tcfHPCBoundaryApproach
TCF,HPC Device Split,HPC Device Split,"[ <value1, value2, …> ]","Distributes workload among multiple GPU devices in HPC simulations, allowing for optimization of GPU utilization.",HPC Only (non Quadtree),false,https://docs.tuflow.com/classic-hpc/manual/2026.0/TCFCommands-1.html#tcfHPCDeviceSplit
TCF,HPC DP Check,HPC DP Check,[ ERROR | OFF | {CHECK} ],Modellers control whether to check for potential issues when using single precision in HPC simulations.,HPC Only,false,https://docs.tuflow.com/classic-hpc/manual/2026.0/TCFCommands-1.html#tcfHPCDPCheck
TCF,HPC dt Write Interval,HPC dt Write Interval,[ <number_of_timesteps> | {<Screen/Log_Display_Interval>} ],A modeller would use this command to control the frequency of simulation data logging for analysis or monitoring purposes.,HPC Only,false,https://docs.tuflow.com/classic-hpc/manual/2026.0/TCFCommands-1.html#tcfHPCdtWriteInterval
TCF,HPC HQ Boundary Approach,HPC HQ Boundary Approach,[ CELL | {TOTAL} ],Modellers choose between cell-by-cell or total boundary flux calculations for HQ boundaries in HPC simulations.,HPC Only,false,https://docs.tuflow.com/classic-hpc/manual/2026.0/TCFCommands-1.html#tcfHPCHQBoundaryApproach
TCF,HPC HQ Boundary Filter Constant,HPC HQ Boundary Filter Constant,[ {5} | <float> ],"Defines a filter constant for HQ boundaries, mitigating numerical instability in cross-sections with low slope.",HPC Only,false,https://docs.tuflow.com/classic-hpc/manual/2026.0/TCFCommands-1.html#tcfHPCHQBoundaryFilterConstant
TCF,HPC Infiltration Drying Approach,HPC Infiltration Drying Approach,[ Method A | Method B | {Method C} ],"Defines the approach for infiltration and drying in HPC simulations, influencing the behavior of water within soil domains.",HPC Only,false,https://docs.tuflow.com/classic-hpc/manual/2026.0/TCFCommands-1.html#tcfHPCInfiltrationDryingApproach
TCF,HPC Mannings Depth Approach,HPC Mannings Depth Approach,[ Method A | {Method B} ],"Controls the approach for Manning's depth calculation in HPC simulations, influencing model stability and accuracy.",HPC Only,false,https://docs.tuflow.com/classic-hpc/manual/2026.0/TCFCommands-1.html#tcfHPCManningsDepthApproach
TCF,HPC Restart Geometry,HPC Restart Geometry,[ Restart File | {TGC} ],"Defines how the model geometry is restarted, allowing for consistent results when using .tgc files.",HPC Only,false,https://docs.tuflow.com/classic-hpc/manual/2026.0/TCFCommands-1.html#tcfHPCRestartGeometry
TCF,HPC SX Momentum Approach,HPC SX Momentum Approach,[ Method A | {Method B} ],"Controls the momentum flux approach for SX cells in HPC simulations, influencing boundary cell flow behavior and accuracy.",HPC Only,false,https://docs.tuflow.com/classic-hpc/manual/2026.0/TCFCommands-1.html#tcfHPCSXMomentumApproach
TCF,HPC Temporal Scheme,HPC Temporal Scheme,[ 1 | 2 | {4} ],"Sets the temporal solution order for HPC simulations, balancing stability, accuracy, and computational cost.",HPC Only,false,https://docs.tuflow.com/classic-hpc/manual/2026.0/TCFCommands-1.html#tcfHPCTemporalScheme
TCF,HPC Weir Approach,HPC Weir Approach,[ Method A | Method B | {Method B Energy} ],"Defines the weir flow approach in HPC simulations, controlling the method used for calculating water levels over weirs.",HPC Only,false,https://docs.tuflow.com/classic-hpc/manual/2026.0/TCFCommands-1.html#tcfHPCWeirApproach
TCF,HQ Boundary Approach,HQ Boundary Approach,[ METHOD A | METHOD B | {METHOD C} ],"A modeller would use this command to manage the automatic generation of HQ boundaries, influencing water level calculations and stability.",Classic Only,false,https://docs.tuflow.com/classic-hpc/manual/2026.0/TCFCommands-1.html#tcfHQBoundaryApproach
TCF,HR Grid Output Cell Size,HR Grid Output Cell Size,[ <distance> ],"Controls the resolution of high-resolution grid outputs in HPC simulations, influencing the detail of map results.",HPC Only,false,https://docs.tuflow.com/classic-hpc/manual/2026.0/TCFCommands-1.html#tcfHRGridOutputCellSize
TCF,HR Grid Output Use Face Elevations,HR Grid Output Use Face Elevations,[ {ON} | OFF ],"Controls whether cell face elevations are used for high-resolution outputs when modeling breaklines, affecting output accuracy.",HPC Only,false,https://docs.tuflow.com/classic-hpc/manual/2026.0/TCFCommands-1.html#tcfHRGridOutputUseFaceElevations
TCF,HR Interpolation Approach,HR Interpolation Approach,[ Method A | Method B | {Method C} ],"Defines the interpolation method for high-resolution outputs, impacting the smoothness and accuracy of water level mapping.",HPC Only,false,https://docs.tuflow.com/classic-hpc/manual/2026.0/TCFCommands-1.html#tcfHRInterpolationApproach
TCF,HR Thin Z Line Output Adjustment,HR Thin Z Line Output Adjustment,[ OFF | {ON CELL SIDES} | ON ALIGNMENT ],"Controls how thin breaklines influence the Z line output in high-resolution simulations, affecting topographic mapping.",HPC Only,false,https://docs.tuflow.com/classic-hpc/manual/2026.0/TCFCommands-1.html#tcfHRThinZLineOutputAdjustment
TCF,HX Force Weir Equation,HX Force Weir Equation,[ ON | {OFF} | <value> ],"Controls whether the weir flow equation is applied across HX cell sides, affecting water level calculations in 1D/2D links.",Classic Only,false,https://docs.tuflow.com/classic-hpc/manual/2026.0/TCFCommands-1.html#tcfHXForceWeirEquation
TCF,HX ZC Check,HX ZC Check,[ {ON} | OFF ],"Enables a check to ensure sufficient water depth in 1D nodes before 2D flow occurs, preventing potential mass balance problems.",Classic Only,false,https://docs.tuflow.com/classic-hpc/manual/2026.0/TCFCommands-1.html#tcfHXZCCheck
TCF,If Event,If Event,[ <e1> | <e2> | <e3> | … ],"Enables conditional execution of TUFLOW commands based on defined events, allowing for flexible model workflows.",Classic and HPC,false,https://docs.tuflow.com/classic-hpc/manual/2026.0/TCFCommands-1.html#tcfIfEvent
TCF,If Scenario,If Scenario,[ <s1> | <s2> | <s3> | … ],"Enables conditional execution of TUFLOW commands based on defined scenarios, allowing for flexible model workflows.",Classic and HPC,false,https://docs.tuflow.com/classic-hpc/manual/2026.0/TCFCommands-1.html#tcfIfScenario
TCF,Index 1D2D Links,Index 1D2D Links,[ {ON} | OFF ],"A modeller would use this command to accelerate simulations with a large number of 1D/2D links, especially on HPC systems.",Classic and HPC,false,https://docs.tuflow.com/classic-hpc/manual/2026.0/TCFCommands-1.html#tcfIndex1D2DLinks
TCF,Input Drive,Input Drive,[ <drive_letter> ],"Allows you to specify a different drive letter for input files, simplifying file management and organization.",Classic and HPC,false,https://docs.tuflow.com/classic-hpc/manual/2026.0/TCFCommands-1.html#tcfInputDrive
TCF,Inside Region,Inside Region,[ METHOD A | {METHOD B} ],A modeller would use this command to assign values to cells within a polygon using faster processing methods.,Classic and HPC,true,https://docs.tuflow.com/classic-hpc/manual/2026.0/TCFCommands-1.html#tcfInsideRegion
TCF,Instability Water Level,Instability Water Level,[ {see_below} | <value> ],"Sets the water level used to detect instabilities, allowing adjustment beyond the default maximum cell elevation.",Classic Only,false,https://docs.tuflow.com/classic-hpc/manual/2026.0/TCFCommands-1.html#tcfInstabilityWaterLevel
TCF,Latitude,Latitude,[ {0} | <value_in_degrees_from_equator> ],"A modeller would use this command to adjust the latitude for Coriolis calculations, influencing the accuracy of coastal flow simulations.",Classic Only,true,https://docs.tuflow.com/classic-hpc/manual/2026.0/TCFCommands-1.html#tcfLatitude
TCF,Layered FLC Default Approach,Layered FLC Default Approach,[ METHOD A | {METHOD B} | METHOD C | METHOD D ],"Modellers select a layered flow constriction approach (cumulative, portion, or combined) for TUFLOW simulations.",Classic and HPC,false,https://docs.tuflow.com/classic-hpc/manual/2026.0/TCFCommands-1.html#tcfLayeredFLCDefaultApproach
TCF,Line Cell Selection,Line Cell Selection,[ METHOD A | METHOD C | {METHOD D} ],"Defines the method for selecting cells along lines in GIS layers, influencing the accuracy of flow modeling along boundaries.",Classic and HPC,true,https://docs.tuflow.com/classic-hpc/manual/2026.0/TCFCommands-1.html#tcfLineCellSelection
TCF,Link 2D2D Adjust Velocity Head,Link 2D2D Adjust Velocity Head,[ {0} | <value> ],"Adjusts water levels along 2D links, influencing the accuracy of flow simulations in areas with varying velocities.",Classic Only,false,https://docs.tuflow.com/classic-hpc/manual/2026.0/TCFCommands-1.html#tcfLink2D2DAdjustVelocityHead
TCF,Link 2D2D Approach,Link 2D2D Approach,[ METHOD A | METHOD B | METHOD C | {Method D} ],"Controls the method for linking multiple 2D domains, impacting the accuracy of flow simulations across boundaries.",Classic Only,false,https://docs.tuflow.com/classic-hpc/manual/2026.0/TCFCommands-1.html#tcfLink2D2DApproach
TCF,Link 2D2D Distribute Flow,Link 2D2D Distribute Flow,[ {ON} | OFF ],"Improves flow distribution between 2D cells along link lines, enhancing the accuracy of simulations with multiple 2D domains.",Classic Only,false,https://docs.tuflow.com/classic-hpc/manual/2026.0/TCFCommands-1.html#tcfLink2D2DDistributeFlow
TCF,Link 2D2D Global Stability Factor,Link 2D2D Global Stability Factor,[ {1.0} | <value> ],"Adjusts the storage of hidden 1D nodes along 2D link lines, enabling sensitivity tests and improved stability.",Classic Only,false,https://docs.tuflow.com/classic-hpc/manual/2026.0/TCFCommands-1.html#tcfLink2D2DGlobalStabilityFactor
TCF,Log Folder,Log Folder,[ <folder> ],"Specifies the output folder for TUFLOW's .tlf and _messages files, facilitating organized log file management.",Classic and HPC,false,https://docs.tuflow.com/classic-hpc/manual/2026.0/TCFCommands-1.html#tcfLogFolder
TCF,Map Cutoff Depth,Map Cutoff Depth,[ {0.0} | <value_in_m> ],"Modellers specify a minimum water depth to control the output of TUFLOW results, filtering out very shallow sheet flow.",Classic and HPC,false,https://docs.tuflow.com/classic-hpc/manual/2026.0/TCFCommands-1.html#tcfMapCutoffDepth
TCF,Map Cutoff SGS,Map Cutoff SGS,[ Average | {Exact} | Median | Minimum | Percentile ],Modellers choose how to define the cutoff elevation for SGS output in TUFLOW HPC.,HPC Only,true,https://docs.tuflow.com/classic-hpc/manual/2026.0/TCFCommands-1.html#tcfMapCutoffSGS
TCF,Map Cutoff Vector,Map Cutoff Vector,[ {ON} | OFF ],"Controls the display of vector outputs based on the map cutoff depth, influencing the visualization of flow patterns.",Classic and HPC,false,https://docs.tuflow.com/classic-hpc/manual/2026.0/TCFCommands-1.html#tcfMapCutoffVector
TCF,Map Output Corner Interpolation,Map Output Corner Interpolation,[ METHOD A | METHOD B | {METHOD C} ],"Controls how model results are extrapolated to cell corners at the wet/dry interface, improving accuracy in complex terrain.",Classic and HPC,true,https://docs.tuflow.com/classic-hpc/manual/2026.0/TCFCommands-1.html#tcfMapOutputCornerInterpolation
TCF,Map Output Data Types,Map Output Data Types,[ {h V} | <data_types> ],"Specifies the types of data to be output, influencing the information available in the model's results.",Classic and HPC,false,https://docs.tuflow.com/classic-hpc/manual/2026.0/TCFCommands-1.html#tcfMapOutputDataTypes
TCF,Map Output Entire Model,Map Output Entire Model,[ {ON} | OFF ],"Controls whether map output is generated for the entire model, regardless of defined zones.",Classic and HPC,false,https://docs.tuflow.com/classic-hpc/manual/2026.0/TCFCommands-1.html#tcfMapOutputEntireModel
TCF,Map Output Format,Map Output Format,[ {XMDF} | <formats> ],"Defines the output file formats for map results, allowing customization for different applications.",Classic and HPC,false,https://docs.tuflow.com/classic-hpc/manual/2026.0/TCFCommands-1.html#tcfMapOutputFormat
TCF,Map Output Interval,Map Output Interval,[ <time_in_seconds> ],"Sets the time interval for generating map output, allowing control over output frequency.",Classic and HPC,false,https://docs.tuflow.com/classic-hpc/manual/2026.0/TCFCommands-1.html#tcfMapOutputInterval
TCF,Mass Balance Corrector,Mass Balance Corrector,[ ON | {OFF} ],"Controls a legacy correction for mass balance, no longer needed with newer output methods.",Classic Only,true,https://docs.tuflow.com/classic-hpc/manual/2026.0/TCFCommands-1.html#tcfMassBalanceCorrector
TCF,Mass Balance Output,Mass Balance Output,[ {ON} | OFF ],"Controls the generation of mass balance output files, providing detailed information about mass conservation within the model.",Classic Only,false,https://docs.tuflow.com/classic-hpc/manual/2026.0/TCFCommands-1.html#tcfMassBalanceOutput
TCF,Mass Balance Output Interval,Mass Balance Output Interval,[ <time_in_seconds> ],"Sets the time interval for generating mass balance output files, controlling the frequency of results.",Classic and HPC,false,https://docs.tuflow.com/classic-hpc/manual/2026.0/TCFCommands-1.html#tcfMassBalanceOutputInterval
TCF,Maximum 1D Channels,Maximum 1D Channels,[ <mchan> | {100000} ],Controls the initial allocation of temporary space for 1D channels during model setup.,Classic and HPC,false,https://docs.tuflow.com/classic-hpc/manual/2026.0/TCFCommands-1.html#tcfMaximum1DChannels
TCF,Maximum Courant Number,Maximum Courant Number,[ <Cr_max> ],"Controls the maximum Courant number for 2D simulations, influencing timestep size and numerical stability.",Classic Only,true,https://docs.tuflow.com/classic-hpc/manual/2026.0/TCFCommands-1.html#tcfMaximumCourantNumber
TCF,Maximum Points,Maximum Points,[ <mp> | {500000} ],"Sets the maximum number of elevation points for GIS layers used in the model, impacting memory usage.",Classic and HPC,false,https://docs.tuflow.com/classic-hpc/manual/2026.0/TCFCommands-1.html#tcfMaximumPoints
TCF,Maximum Velocity Cutoff Depth,Maximum Velocity Cutoff Depth,[ <y> | {0.1} ],"Sets a depth threshold for tracking maximum velocity, allowing control over velocity calculations at shallow depths.",Classic and HPC,false,https://docs.tuflow.com/classic-hpc/manual/2026.0/TCFCommands-1.html#tcfMaximumVelocityCutoffDepth
TCF,Maximum Vertices,Maximum Vertices,[ <mp> | {100000} ],"Limits the number of vertices allowed in GIS layers, influencing model performance and memory usage.",Classic and HPC,false,https://docs.tuflow.com/classic-hpc/manual/2026.0/TCFCommands-1.html#tcfMaximumVertices
TCF,Maximums and Minimums,Maximums and Minimums,[ ON | OFF | {ON MAXIMUMS ONLY} ],"Controls the tracking and output of maximum and minimum values for model results, providing insights into flow behavior.",Classic and HPC,false,https://docs.tuflow.com/classic-hpc/manual/2026.0/TCFCommands-1.html#tcfMaximumsandMinimums
TCF,Maximums and Minimums Only for Grids,Maximums and Minimums Only for Grids,[ ON | {OFF} ],"Writes only maximum and minimum grids at simulation end, providing concise output for specific formats.",Classic and HPC,true,https://docs.tuflow.com/classic-hpc/manual/2026.0/TCFCommands-1.html#tcfMaximumsandMinimumsOnlyforGrids
TCF,Maximums and Minimums Time Series,Maximums and Minimums Time Series,[ {ON} | OFF ],"Enables tracking of maximum and minimum values over time for PO and LP outputs, providing detailed flow behavior analysis.",Classic and HPC,false,https://docs.tuflow.com/classic-hpc/manual/2026.0/TCFCommands-1.html#tcfMaximumsandMinimumsTimeSeries
TCF,Maximums Approach,Maximums Approach,[ Method A | {Method B} ],"Specifies the method for tracking maximum water levels in map outputs, influencing the precision of results.",HPC Only,true,https://docs.tuflow.com/classic-hpc/manual/2026.0/TCFCommands-1.html#tcfMaximumsApproach
TCF,Maximums Start Track Time,Maximums Start Track Time,[ <time_in_hours> ],"Sets a starting time for tracking maximum water levels, allowing for delayed analysis of flow behavior.",Classic Only,false,https://docs.tuflow.com/classic-hpc/manual/2026.0/TCFCommands-1.html#tcfMaximumsStartTrackTime
TCF,Maximums Track Time,Maximums Track Time,[ {OFF} | ON | OFF Completely | Velocity ],"Controls whether the time of maximum flow, shear stress, power, and energy are tracked for specified hazard outputs.",Classic and HPC,false,https://docs.tuflow.com/classic-hpc/manual/2026.0/TCFCommands-1.html#tcfMaximumsTrackTime
TCF,Meshparts,Meshparts,[ ON | {OFF} ],"Controls the splitting of the model mesh into separate parts, aiding in visualization and processing of results.",Classic Only,false,https://docs.tuflow.com/classic-hpc/manual/2026.0/TCFCommands-1.html#tcfMeshparts
TCF,MI Projection,MI Projection,[ <.mif_file> | <projection_line_from_MIF_file> ],"Defines the geographic projection for GIS datasets in MID/MIF format, ensuring consistent coordinate systems.",Classic and HPC,false,https://docs.tuflow.com/classic-hpc/manual/2026.0/TCFCommands-1.html#tcfMIProjection
TCF,MI Projection Check Ignore Bounds,MI Projection Check Ignore Bounds,[ {OFF} | ON ],"Controls whether discrepancies in GIS projection bounds are flagged as errors or warnings, allowing for flexible model setup.",Classic and HPC,false,https://docs.tuflow.com/classic-hpc/manual/2026.0/TCFCommands-1.html#tcfMIProjectionCheckIgnoreBounds
TCF,Model Events,Model Events,[ <e1> | <e2> | … | <e9> ],A modeller would use this to precisely control which events are logged to files during a simulation for detailed analysis.,Classic and HPC,false,https://docs.tuflow.com/classic-hpc/manual/2026.0/TCFCommands-1.html#tcfModelEvents
TCF,Model Output Zones,Model Output Zones,[ <oz_name_1> | <oz_name_2> | … ],"A modeller would use this to select specific zones for output, enabling focused analysis of flow conditions in critical areas.",Classic and HPC,false,https://docs.tuflow.com/classic-hpc/manual/2026.0/TCFCommands-1.html#tcfModelOutputZones
TCF,Model Platform,Model Platform,[ w32 | w64 | linux ],"Enforces the operating system platform for model execution, ensuring compatibility and preventing errors during simulation.",Classic and HPC,false,https://docs.tuflow.com/classic-hpc/manual/2026.0/TCFCommands-1.html#tcfModelPlatform
TCF,Model Precision,Model Precision,[ SINGLE | DOUBLE ],Modellers specify single or double precision to ensure consistent numerical calculations within TUFLOW simulations.,Classic and HPC,false,https://docs.tuflow.com/classic-hpc/manual/2026.0/TCFCommands-1.html#tcfModelPrecision
TCF,Model Scenarios,Model Scenarios,[ <s1> | <s2> | <s3> | … ],A modeller would use this to define and manage multiple simulation scenarios within a single TUFLOW run for comprehensive analysis.,Classic and HPC,false,https://docs.tuflow.com/classic-hpc/manual/2026.0/TCFCommands-1.html#tcfModelScenarios
TCF,Model TUFLOW Build,Model TUFLOW Build,[ <build> ],"Ensures a consistent simulation by forcing the use of a specific TUFLOW build, preventing compatibility issues.",Classic and HPC,false,https://docs.tuflow.com/classic-hpc/manual/2026.0/TCFCommands-1.html#tcfModelTUFLOWBuild
TCF,Model TUFLOW Release,Model TUFLOW Release,[ <release> ],"Enforces a specific TUFLOW build, guaranteeing reproducibility and ensuring compatibility with the intended software version.",Classic and HPC,false,https://docs.tuflow.com/classic-hpc/manual/2026.0/TCFCommands-1.html#tcfModelTUFLOWRelease
TCF,Negative Depth Approach,Negative Depth Approach,[ Method A | {Method B} ],"Controls how negative depths are handled during simulation, improving stability and accuracy in certain flow scenarios.",Classic Only,true,https://docs.tuflow.com/classic-hpc/manual/2026.0/TCFCommands-1.html#tcfNegativeDepthApproach
TCF,NetCDF Output Compression,NetCDF Output Compression,[ OFF | {ON} | <level> ],"Controls the compression of the output NetCDF files, balancing file size with write/read performance.",Classic and HPC,false,https://docs.tuflow.com/classic-hpc/manual/2026.0/TCFCommands-1.html#tcfNetCDFOutputCompression
TCF,NetCDF Output Direction,NetCDF Output Direction,[ {ANGLE} | BEARING ],"Specifies the coordinate system for direction outputs in NetCDF files, enabling compatibility with various GIS software.",Classic and HPC,false,https://docs.tuflow.com/classic-hpc/manual/2026.0/TCFCommands-1.html#tcfNetCDFOutputDirection
TCF,NetCDF Output Format,NetCDF Output Format,[ {Generic} | FEWS ],"Defines the format for NetCDF output, offering different options for data structure and compatibility with external tools.",Classic and HPC,false,https://docs.tuflow.com/classic-hpc/manual/2026.0/TCFCommands-1.html#tcfNetCDFOutputFormat
TCF,NetCDF Output Start Date,NetCDF Output Start Date,[ {2000-01-01 00:00} | OFF | <date_in_isodate_format> ],"Sets the starting date for the time variable in NetCDF output, ensuring consistent temporal indexing for analysis.",Classic and HPC,false,https://docs.tuflow.com/classic-hpc/manual/2026.0/TCFCommands-1.html#tcfNetCDFOutputStartDate
TCF,NetCDF Output Time Unit,NetCDF Output Time Unit,[ DAY | {HOUR} | MINUTE ],"Specifies the time unit for NetCDF output, influencing the temporal resolution and interpretation of the results.",Classic and HPC,false,https://docs.tuflow.com/classic-hpc/manual/2026.0/TCFCommands-1.html#tcfNetCDFOutputTimeUnit
TCF,HPC Non-Newtonian Mixing Exponent,HPC Non-Newtonian Mixing Exponent,"[ <float>, <float>, <float> | {0, 0, 0} ]","Sets mixing exponents for HPC simulations, influencing fluid mixing behavior in complex flow scenarios.",HPC Only,false,https://docs.tuflow.com/classic-hpc/manual/2026.0/TCFCommands-1.html#tcfHPCNon-NewtonianMixingExponent
TCF,Null Cell Checks,Null Cell Checks,[ ON | {OFF} ],"Enables or disables checks for null cells, influencing boundary conditions and compatibility with certain model configurations.",Classic Only,true,https://docs.tuflow.com/classic-hpc/manual/2026.0/TCFCommands-1.html#tcfNullCellChecks
TCF,Number 2D2D Link Iterations,Number 2D2D Link Iterations,[ {1} | <no_iterations> ],Controls the number of iterations for aligning water levels between 2D domains when stitching them together.,Classic Only,false,https://docs.tuflow.com/classic-hpc/manual/2026.0/TCFCommands-1.html#tcfNumber2D2DLinkIterations
TCF,Number Iterations,Number Iterations,[ {2} | <no_iterations> ],"Controls the number of iterations per timestep, impacting simulation accuracy and computational time.",Classic Only,false,https://docs.tuflow.com/classic-hpc/manual/2026.0/TCFCommands-1.html#tcfNumberIterations
TCF,Output Approach,Output Approach,[ {DEFAULT 2016} | PRE 2016 ],"Sets the output approach, influencing how simulation results are organized and accessed for analysis.",Classic and HPC,true,https://docs.tuflow.com/classic-hpc/manual/2026.0/TCFCommands-1.html#tcfOutputApproach
TCF,Output Drive,Output Drive,[ <drive_letter> ],"Changes the drive letter used for output files, enabling flexibility in output storage locations.",Classic and HPC,false,https://docs.tuflow.com/classic-hpc/manual/2026.0/TCFCommands-1.html#tcfOutputDrive
TCF,Output Files ALL,Output Files [ {ALL} | NONE | INCLUDE | EXCLUDE ],[ <output_type_list> ],"Controls which output files are generated, allowing for targeted data collection and reduced storage requirements.",Classic and HPC,false,https://docs.tuflow.com/classic-hpc/manual/2026.0/TCFCommands-1.html#tcfOutputFiles
TCF,Output Files,Output Files [ {ALL} | NONE | INCLUDE | EXCLUDE ],[ <output_type_list> ],"Controls which output files are generated, allowing for targeted data collection and reduced storage requirements.",Classic and HPC,false,https://docs.tuflow.com/classic-hpc/manual/2026.0/TCFCommands-1.html#tcfOutputFiles
TCF,Output Files NONE,Output Files [ {ALL} | NONE | INCLUDE | EXCLUDE ],[ <output_type_list> ],"Controls which output files are generated, allowing for targeted data collection and reduced storage requirements.",Classic and HPC,false,https://docs.tuflow.com/classic-hpc/manual/2026.0/TCFCommands-1.html#tcfOutputFiles
TCF,Output Files INCLUDE,Output Files [ {ALL} | NONE | INCLUDE | EXCLUDE ],[ <output_type_list> ],"Controls which output files are generated, allowing for targeted data collection and reduced storage requirements.",Classic and HPC,false,https://docs.tuflow.com/classic-hpc/manual/2026.0/TCFCommands-1.html#tcfOutputFiles
TCF,Output Files EXCLUDE,Output Files [ {ALL} | NONE | INCLUDE | EXCLUDE ],[ <output_type_list> ],"Controls which output files are generated, allowing for targeted data collection and reduced storage requirements.",Classic and HPC,false,https://docs.tuflow.com/classic-hpc/manual/2026.0/TCFCommands-1.html#tcfOutputFiles
TCF,Output Folder,Output Folder,[ <folder> ],"A modeller would use this to organize simulation output, manage storage space, and isolate results from input data.",Classic and HPC,false,https://docs.tuflow.com/classic-hpc/manual/2026.0/TCFCommands-1.html#tcfOutputFolder
TCF,Pause,Pause,[ <message> ],"Allows pausing the simulation, displaying messages, and enabling user control over its execution.",Classic and HPC,false,https://docs.tuflow.com/classic-hpc/manual/2026.0/TCFCommands-1.html#tcfPause
TCF,Pit No 1D Connection,Pit No 1D Connection,[ {CHECK} | {ERROR} ],"Controls how unconnected pits are handled during simulation, alerting the modeller to potential issues.",Classic and HPC,false,https://docs.tuflow.com/classic-hpc/manual/2026.0/TCFCommands-1.html#tcfPitNo1DConnection
TCF,Plot Output Invalid Type,Plot Output Invalid Type,[ ERROR | {WARNING} ],"Controls how TUFLOW handles plot outputs assigned to incompatible geometries, enabling stricter error reporting.",Classic and HPC,false,https://docs.tuflow.com/classic-hpc/manual/2026.0/TCFCommands-1.html#tcfPlotOutputInvalidType
TCF,PO Approach,PO Approach,[ METHOD A | {METHOD B} ],"Selects the method for handling 2D flow lines, offering performance benefits with the default option.",Classic and HPC,true,https://docs.tuflow.com/classic-hpc/manual/2026.0/TCFCommands-1.html#tcfPOApproach
TCF,Process All Grids,Process All Grids,[ {OFF} | ON ],"Modellers enable processing of all input grids, even those partially outside the TUFLOW model domain.",Classic and HPC,false,https://docs.tuflow.com/classic-hpc/manual/2026.0/TCFCommands-1.html#tcfProcessAllGrids
TCF,Quadtree BC Parallel Inertia Approach,Quadtree BC Parallel Inertia Approach,[ Method A | {Method B} ],A modeller might use this to optimize HPC simulations by selecting a specific inertia parallel method for boundary conditions.,HPC Only,false,https://docs.tuflow.com/classic-hpc/manual/2026.0/TCFCommands-1.html#tcfQuadtreeBCParallelInertiaApproach
TCF,Quadtree Control File,Quadtree Control File,[ <.qcf_file> | Single Level ],"Defines the quadtree control file for HPC simulations, enabling the configuration of the adaptive mesh refinement process.",HPC Only,false,https://docs.tuflow.com/classic-hpc/manual/2026.0/TCFCommands-1.html#tcfQuadtreeControlFile
TCF,Rainfall Boundaries,Rainfall Boundaries,[ {STEPPED} | SMOOTHED | SMOOTHED TIME CENTRED ],"Controls how rainfall boundaries are applied during simulation, influencing the shape and timing of rainfall events.",Classic and HPC,false,https://docs.tuflow.com/classic-hpc/manual/2026.0/TCFCommands-1.html#tcfRainfallBoundaries
TCF,Rainfall Boundary Factor,Rainfall Boundary Factor,[ <value> | {1.0} ],"Scales the magnitude of all rainfall boundaries, providing a way to adjust rainfall intensities for simulations.",Classic and HPC,false,https://docs.tuflow.com/classic-hpc/manual/2026.0/TCFCommands-1.html#tcfRainfallBoundaryFactor
TCF,Rainfall Control File,Rainfall Control File,[ <.trfc_file> ],"Specifies a text rainfall control file for reading time-varying, gridded rainfall inputs into a TUFLOW model.",Classic and HPC,false,https://docs.tuflow.com/classic-hpc/manual/2026.0/TCFCommands-1.html#tcfRainfallControlFile
TCF,Rainfall Gauges,Rainfall Gauges,[ One per Cell | {Unlimited per Cell} ],Modellers limit rainfall time series to one per cell for improved quality control and reduced memory usage.,Classic and HPC,false,https://docs.tuflow.com/classic-hpc/manual/2026.0/TCFCommands-1.html#tcfRainfallGauges
TCF,Rainfall Null Value,Rainfall Null Value,[ {-99} | <null_value> ],"Defines a null value for rainfall data, allowing for the handling of missing or undefined rainfall measurements.",Classic and HPC,false,https://docs.tuflow.com/classic-hpc/manual/2026.0/TCFCommands-1.html#tcfRainfallNullValue
TCF,Read File,Read File,[ <file> ],A modeller would use this to consolidate and streamline complex simulation setups by storing and reusing common commands in a separate file.,Classic and HPC,false,https://docs.tuflow.com/classic-hpc/manual/2026.0/TCFCommands-1.html#tcfReadFile
TCF,Read GIS Auto Terminate,Read GIS Auto Terminate,[ <file> ],"Enables automated simulation termination based on flood criteria, optimizing computation time and managing simulation duration.",Classic and HPC,false,https://docs.tuflow.com/classic-hpc/manual/2026.0/TCFCommands-1.html#tcfReadGISAutoTerminate
TCF,Read GIS Cyclone,Read GIS Cyclone [ {} | NO PRESSURE ] [ {} | NO WIND ],[ <gis_layer> ],"Imports cyclone or hurricane tracks from GIS layers, enabling realistic storm surge modeling within TUFLOW simulations.",Classic and HPC,false,https://docs.tuflow.com/classic-hpc/manual/2026.0/TCFCommands-1.html#tcfReadGISCyclone
TCF,Read GIS Cyclone NO WIND,Read GIS Cyclone [ {} | NO PRESSURE ] [ {} | NO WIND ],[ <gis_layer> ],"Imports cyclone or hurricane tracks from GIS layers, enabling realistic storm surge modeling within TUFLOW simulations.",Classic and HPC,false,https://docs.tuflow.com/classic-hpc/manual/2026.0/TCFCommands-1.html#tcfReadGISCyclone
TCF,Read GIS Cyclone NO PRESSURE,Read GIS Cyclone [ {} | NO PRESSURE ] [ {} | NO WIND ],[ <gis_layer> ],"Imports cyclone or hurricane tracks from GIS layers, enabling realistic storm surge modeling within TUFLOW simulations.",Classic and HPC,false,https://docs.tuflow.com/classic-hpc/manual/2026.0/TCFCommands-1.html#tcfReadGISCyclone
TCF,Read GIS Cyclone NO PRESSURE NO WIND,Read GIS Cyclone [ {} | NO PRESSURE ] [ {} | NO WIND ],[ <gis_layer> ],"Imports cyclone or hurricane tracks from GIS layers, enabling realistic storm surge modeling within TUFLOW simulations.",Classic and HPC,false,https://docs.tuflow.com/classic-hpc/manual/2026.0/TCFCommands-1.html#tcfReadGISCyclone
TCF,Read GIS FC,Read GIS FC,[ <gis_layer> ],"Modellers read GIS flow constriction data using this command, though the .tgc command is recommended for new projects.",Classic Only,true,https://docs.tuflow.com/classic-hpc/manual/2026.0/TCFCommands-1.html#tcfReadGISFC
TCF,Read GIS GLO,Read GIS GLO,[ <gis_layer> ],"A modeller would use this to generate maps and monitor water levels at specific gauge locations, crucial for flood warning and analysis.",Classic Only,false,https://docs.tuflow.com/classic-hpc/manual/2026.0/TCFCommands-1.html#tcfReadGISGLO
TCF,Read GIS IWL,Read GIS IWL,[ <gis_layer> ],"Imports GIS data defining initial water levels, allowing for spatial variation in the starting water height of a simulation.",Classic and HPC,false,https://docs.tuflow.com/classic-hpc/manual/2026.0/TCFCommands-1.html#tcfReadGISIWL
TCF,Read GIS LP,Read GIS LP,[ <gis_layer> ],Modellers read GIS longitudinal profile locations using this command to define output points.,Classic and HPC,false,https://docs.tuflow.com/classic-hpc/manual/2026.0/TCFCommands-1.html#tcfReadGISLP
TCF,Read GIS Output Zone,Read GIS Output Zone,[ <gis_layer> ],"Imports GIS data to define output zones, allowing for targeted generation of simulation results for specific areas.",Classic and HPC,false,https://docs.tuflow.com/classic-hpc/manual/2026.0/TCFCommands-1.html#tcfReadGISOutputZone
TCF,Read GIS PO,Read GIS PO,[ <gis_layer> ],"A modeller would use this to specify locations for generating plots of simulation results, facilitating visual analysis of model behavior.",Classic and HPC,false,https://docs.tuflow.com/classic-hpc/manual/2026.0/TCFCommands-1.html#tcfReadGISPO
TCF,Read GIS Reporting Location,Read GIS Reporting Location,[ <gis_layer> ],Modellers read GIS reporting locations to define points and lines for time series results in TUFLOW simulations.,Classic and HPC,false,https://docs.tuflow.com/classic-hpc/manual/2026.0/TCFCommands-1.html#tcfReadGISReportingLocation
TCF,Read GIS X1D Network,Read GIS X1D Network,[ <gis_layer> ],Modellers read GIS data to define external 1D scheme nodes and channels for linking to TUFLOW simulations.,Classic and HPC,false,https://docs.tuflow.com/classic-hpc/manual/2026.0/TCFCommands-1.html#tcfReadGISX1DNetwork
TCF,Read GIS X1D Nodes,Read GIS X1D Nodes,[ <gis_layer> ],"Modellers read GIS data for 1D nodes using this command, though it's now superseded by the Read GIS X1D Network command.",Classic and HPC,true,https://docs.tuflow.com/classic-hpc/manual/2026.0/TCFCommands-1.html#tcfReadGISX1DNodes
TCF,Read GIS X1D WLL,Read GIS X1D WLL,[ <gis_layer> ],Modellers read GIS data to define external 1D scheme workflow locations for integrating 1D and 2D simulation results.,Classic and HPC,false,https://docs.tuflow.com/classic-hpc/manual/2026.0/TCFCommands-1.html#tcfReadGISX1DWLL
TCF,Read GIS X1D WLL Points,Read GIS X1D WLL Points,[ <gis_layer> ],Modellers read GIS data to define external 1D scheme workflow locations for setting elevations and materials at points.,Classic and HPC,false,https://docs.tuflow.com/classic-hpc/manual/2026.0/TCFCommands-1.html#tcfReadGISX1DWLLPoints
TCF,Read Grid RF,Read Grid RF,[ <.csv_file> | <.nc_file> ],Modellers read rainfall data from CSV or NetCDF files to apply precipitation directly to 2D cells over time.,Classic and HPC,false,https://docs.tuflow.com/classic-hpc/manual/2026.0/TCFCommands-1.html#tcfReadGridRF
TCF,Read Materials File,Read Materials File,[ <file> | [ {1.0} | <n_factor> ] ],"A modeller would use this to define flow resistance based on material types, influencing flow calculations within TUFLOW simulations.",Classic and HPC,false,https://docs.tuflow.com/classic-hpc/manual/2026.0/TCFCommands-1.html#tcfReadMaterialsFile
TCF,Read Restart File,Read Restart File,[ <.trf_file> ],"Imports a simulation's saved state from a previous run, allowing for resuming calculations from a specific point.",Classic and HPC,false,https://docs.tuflow.com/classic-hpc/manual/2026.0/TCFCommands-1.html#tcfReadRestartFile
TCF,Read RowCol IWL,Read RowCol IWL,[ <.mid_file> ],Modellers use this command to define spatially variable initial water levels in TUFLOW simulations using data from a .mid file.,Classic and HPC,true,https://docs.tuflow.com/classic-hpc/manual/2026.0/TCFCommands-1.html#tcfReadRowColIWL
TCF,Read Soils File,Read Soils File,[ <file.tsoilf> ],"Imports soil properties from a file, defining the characteristics used for hydrological calculations within the TUFLOW model.",Classic and HPC,false,https://docs.tuflow.com/classic-hpc/manual/2026.0/TCFCommands-1.html#tcfReadSoilsFile
TCF,Recalculate Chezy Interval,Recalculate Chezy Interval,[ {0} | <timesteps> ],"Controls how often Chezy coefficients are recalculated based on ripple height, influencing the accuracy of flow calculations.",Classic Only,false,https://docs.tuflow.com/classic-hpc/manual/2026.0/TCFCommands-1.html#tcfRecalculateChezyInterval
TCF,Record Gauge Data,Record Gauge Data,[ RLP | RLL | Gauge ],"A modeller would use this to specify which gauge types (points, lines, or locations) are automatically included in simulation reporting.",Classic and HPC,false,https://docs.tuflow.com/classic-hpc/manual/2026.0/TCFCommands-1.html#tcfRecordGaugeData
TCF,Record Gauge Data EXCLUDE,Record Gauge Data EXCLUDE,[ RLP | RLL | Gauge ],"Controls whether reporting gauge locations, lines, or points are excluded from the simulation output.",Classic and HPC,false,https://docs.tuflow.com/classic-hpc/manual/2026.0/TCFCommands-1.html#tcfRecordGaugeDataEXCLUDE
TCF,Restart File Ignore Fields,Restart File Ignore Fields,[ <field> ],Specifies which simulation fields to ignore when restarting a TUFLOW simulation from a previous state.,HPC Only,false,https://docs.tuflow.com/classic-hpc/manual/2026.0/TCFCommands-1.html#tcfRestartFileIgnoreFields
TCF,Reveal 1D Nodes,Reveal 1D Nodes,[ ON | {OFF} ],"Enables the visualization of hidden 1D nodes within 2D boundaries, aiding in model debugging and understanding.",Classic and HPC,false,https://docs.tuflow.com/classic-hpc/manual/2026.0/TCFCommands-1.html#tcfReveal1DNodes
TCF,SA Minimum Depth,SA Minimum Depth,[ {-99999} | <depth_in_m> ],"Sets a minimum depth requirement for applying SA inflows, preventing unrealistic flow behavior on steep slopes.",Classic and HPC,false,https://docs.tuflow.com/classic-hpc/manual/2026.0/TCFCommands-1.html#tcfSAMinimumDepth
TCF,SA Proportion to Depth,SA Proportion to Depth,[ {ON} | OFF ],"A modeller would utilize this to improve the accuracy and efficiency of SA inflows, especially in complex scenarios like dam break analyses.",Classic and HPC,false,https://docs.tuflow.com/classic-hpc/manual/2026.0/TCFCommands-1.html#tcfSAProportiontoDepth
TCF,Screen/Log Display Interval,Screen/Log Display Interval,[ {1} | {10} | {100} | <timesteps> ],"Controls how often simulation results are displayed on the screen and logged, aiding in monitoring model progress.",Classic and HPC,false,https://docs.tuflow.com/classic-hpc/manual/2026.0/TCFCommands-1.html#tcfScreenLogDisplayInterval
TCF,Set Auto Terminate,Set Auto Terminate,[ {0} | 1 ],"Enables automatic termination of a TUFLOW simulation after the peak flood, based on predefined criteria.",Classic and HPC,false,https://docs.tuflow.com/classic-hpc/manual/2026.0/TCFCommands-1.html#tcfSetAutoTerminate
TCF,Set IWL,Set IWL,[ <value> | AUTO | {0.0} ],"Sets the initial water level in TUFLOW, either manually or automatically based on boundary conditions.",Classic and HPC,false,https://docs.tuflow.com/classic-hpc/manual/2026.0/TCFCommands-1.html#tcfSetIWL
TCF,Set Route Cut Off Type,Set Route Cut Off Type,[ {Depth} | Velocity or V | Hazard or VxD or Z0 | Energy ],"Defines how evacuation routes are cutoff, specifying the criteria for determining evacuation zones.",Classic and HPC,false,https://docs.tuflow.com/classic-hpc/manual/2026.0/TCFCommands-1.html#tcfSetRouteCutOffType
TCF,Set Route Cut Off Values,Set Route Cut Off Values,"[ <y1, y2, …> ]","Defines specific cutoff values for evacuation routes, overriding the default settings for finer control.",Classic and HPC,false,https://docs.tuflow.com/classic-hpc/manual/2026.0/TCFCommands-1.html#tcfSetRouteCutOffValues
TCF,Set Variable <name>,Set Variable <name>,[ <value> ],Defines a variable within a TUFLOW control file for use throughout the simulation.,Classic and HPC,false,https://docs.tuflow.com/classic-hpc/manual/2026.0/TCFCommands-1.html#tcfSetVariable
TCF,SGS,SGS,[ ON | {OFF} ],"Enables sub-grid sampling, which improves the accuracy of turbulent flow calculations in HPC simulations.",HPC Only,false,https://docs.tuflow.com/classic-hpc/manual/2026.0/TCFCommands-1.html#tcfSGS
TCF,SGS Approach,SGS Approach,[ Method B | {Method C} ],"Sets the method used for sub-grid sampling, balancing accuracy and memory usage in HPC simulations.",HPC Only,false,https://docs.tuflow.com/classic-hpc/manual/2026.0/TCFCommands-1.html#tcfSGSApproach
TCF,SGS Breakline Detection Delta,SGS Breakline Detection Delta,[ <maximum_delta_value> ],"Activates a check for breaklines in sub-grid sampling, helping to identify potential flow obstructions.",HPC Only,false,https://docs.tuflow.com/classic-hpc/manual/2026.0/TCFCommands-1.html#tcfSGSBreaklineDetectionDelta
TCF,SGS Depth Output,SGS Depth Output,[ EXACT | {CELL AVERAGE} | MEAN | MEDIAN | MINIMUM | PERCENTILE ],"Defines how water depth is calculated for SGS-enabled mesh outputs, allowing for different statistical representations.",HPC Only,false,https://docs.tuflow.com/classic-hpc/manual/2026.0/TCFCommands-1.html#tcfSGSDepthOutput
TCF,SGS Infiltration Approach,SGS Infiltration Approach,[ {AUTO} | TOTAL AREA | WETTED AREA ],"Controls how infiltration is calculated when using sub-grid sampling, balancing rainfall effects with cell wetness.",HPC Only,false,https://docs.tuflow.com/classic-hpc/manual/2026.0/TCFCommands-1.html#tcfSGSInfiltrationApproach
TCF,SGS Map Extent Full,SGS Map Extent [ Full | {Trim} ],[ <map_data_types> | {ALL} ],"Defines the map extent for sub-grid sampling, controlling which data types are displayed for partially inundated cells.",HPC Only,false,https://docs.tuflow.com/classic-hpc/manual/2026.0/TCFCommands-1.html#tcfSGSMapExtent
TCF,SGS Map Extent Trim,SGS Map Extent [ Full | {Trim} ],[ <map_data_types> | {ALL} ],"Defines the map extent for sub-grid sampling, controlling which data types are displayed for partially inundated cells.",HPC Only,false,https://docs.tuflow.com/classic-hpc/manual/2026.0/TCFCommands-1.html#tcfSGSMapExtent
TCF,SGS Map Extent,SGS Map Extent [ Full | {Trim} ],[ <map_data_types> | {ALL} ],"Defines the map extent for sub-grid sampling, controlling which data types are displayed for partially inundated cells.",HPC Only,false,https://docs.tuflow.com/classic-hpc/manual/2026.0/TCFCommands-1.html#tcfSGSMapExtent
TCF,SGS Materials,SGS Materials,[ {OFF} | ON ],"Controls whether materials are included in sub-grid sampling, but is currently disabled in newer TUFLOW versions.",HPC Only,true,https://docs.tuflow.com/classic-hpc/manual/2026.0/TCFCommands-1.html#tcfSGSMaterials
TCF,SGS Max Sample Frequency,SGS Max Sample Frequency,[ <maximum_frequency> ],"Increases the maximum sampling frequency for sub-grid sampling, allowing for finer resolution.",HPC Only,false,https://docs.tuflow.com/classic-hpc/manual/2026.0/TCFCommands-1.html#tcfSGSMaxSampleFrequency
TCF,SGS Negative Rainfall Approach,SGS Negative Rainfall Approach,[ TOTAL AREA | {WETTED AREA} ],"A modeller would use this to control how negative rainfall is applied, influencing the accuracy of flow calculations in specific scenarios.",HPC Only,false,https://docs.tuflow.com/classic-hpc/manual/2026.0/TCFCommands-1.html#tcfSGSNegativeRainfallApproach
TCF,SGS Sample Frequency,SGS Sample Frequency,[ <frequency> ],"Defines the sampling frequency used within sub-grid sampling, influencing the resolution of flow calculations.",HPC Only,false,https://docs.tuflow.com/classic-hpc/manual/2026.0/TCFCommands-1.html#tcfSGSSampleFrequency
TCF,SGS Sample Target Distance,SGS Sample Target Distance,[ <distance> ],"Defines the distance between sample points in sub-grid sampling, impacting the resolution of flow calculations.",HPC Only,false,https://docs.tuflow.com/classic-hpc/manual/2026.0/TCFCommands-1.html#tcfSGSSampleTargetDistance
TCF,SGS SX Z Flag Approach,SGS SX Z Flag Approach,[ Method A | {Method B} ],"Defines how sub-grid sampling handles cells with lowered elevations on SX connections, influencing flow calculations.",HPC Only,false,https://docs.tuflow.com/classic-hpc/manual/2026.0/TCFCommands-1.html#tcfSGSSXZFlagApproach
TCF,SGS TIN Memory Allocation Factor,SGS TIN Memory Allocation Factor,[ {1.02} | <value> ],Adjusts the memory allocation for TIN-modified points within sub-grid sampling to prevent potential overflow errors.,HPC Only,false,https://docs.tuflow.com/classic-hpc/manual/2026.0/TCFCommands-1.html#tcfSGSTINMemoryAllocationFactor
TCF,SGS Velocity Based Outputs,SGS Velocity Based Outputs,[ {CELL AVERAGE DEPTH} | SGS DEPTH OUTPUT ],"Modellers configure how depth affects SGS-related output data, typically using a cell-average depth or a specified SGS depth.",HPC Only,false,https://docs.tuflow.com/classic-hpc/manual/2026.0/TCFCommands-1.html#tcfSGSVelocityBasedOutputs
TCF,SGS Z Shape Line Approach,SGS Z Shape Line Approach,[ Method A | {Method B} ],"Defines the approach for handling Z-shape lines within sub-grid sampling, controlling how slopes are calculated.",HPC Only,false,https://docs.tuflow.com/classic-hpc/manual/2026.0/TCFCommands-1.html#tcfSGSZShapeLineApproach
TCF,SGS Zpt MAX/MIN Approach,SGS Zpt MAX/MIN Approach,[ IGNORE | {MINIMUM} | MEDIAN | CENTRE ],"A modeller would use this to control how elevation updates are determined within SGS, ensuring accurate and consistent geometry changes.",HPC Only,true,https://docs.tuflow.com/classic-hpc/manual/2026.0/TCFCommands-1.html#tcfSGSZptMAXMINApproach
TCF,Shallow Depth Stability Factor,Shallow Depth Stability Factor,[ <SF> ],"Controls a stability factor in legacy scenarios, now obsolete with newer wetting/drying methods.",Classic Only,true,https://docs.tuflow.com/classic-hpc/manual/2026.0/TCFCommands-1.html#tcfShallowDepthStabilityFactor
TCF,SHP Projection,SHP Projection,[ <.prj> ],"Sets the geographic projection for Shapefile (.shp) input and output, ensuring data compatibility across different GIS layers.",Classic and HPC,false,https://docs.tuflow.com/classic-hpc/manual/2026.0/TCFCommands-1.html#tcfSHPProjection
TCF,SHP Projection Check Method,SHP Projection Check Method,[ SIMPLE | {PARSED} ],Modellers specify how to check shapefile projections to ensure consistency with model projections.,Classic and HPC,false,https://docs.tuflow.com/classic-hpc/manual/2026.0/TCFCommands-1.html#tcfSHPProjectionCheckMethod
TCF,Simulations Log Folder,Simulations Log Folder,[ <folder> | Do Not Use ],"Sets the folder where the main simulation log file is written, allowing for better organization of simulation records.",Classic and HPC,false,https://docs.tuflow.com/classic-hpc/manual/2026.0/TCFCommands-1.html#tcfSimulationsLogFolder
TCF,Simulation Pause Interval,Simulation Pause Interval,[ <time_interval_in_hours> ],"Allows pausing a TUFLOW simulation at specified time intervals, enabling review of intermediate results.",Classic and HPC,false,https://docs.tuflow.com/classic-hpc/manual/2026.0/TCFCommands-1.html#tcfSimulationPauseInterval
TCF,Simulation Pause Start,Simulation Pause Start,[ <model_time_in_hours> ],"Defines a specific time within the simulation to initiate a pause, allowing for focused examination at key moments.",Classic and HPC,false,https://docs.tuflow.com/classic-hpc/manual/2026.0/TCFCommands-1.html#tcfSimulationPauseStart
TCF,Snap Tolerance,Snap Tolerance,[ {0.001} | <snap_distance> ],"Defines the tolerance for snapping GIS objects during TUFLOW processing, controlling the accuracy of connections.",Classic and HPC,false,https://docs.tuflow.com/classic-hpc/manual/2026.0/TCFCommands-1.html#tcfSnapTolerance
TCF,Soil Initial Loss,Soil Initial Loss,[ {Ignore Material Impervious} | Use Material Impervious ],Modellers control how soil initial losses account for material imperviousness when using ILCL or Horton infiltration methods.,Classic and HPC,false,https://docs.tuflow.com/classic-hpc/manual/2026.0/TCFCommands-1.html#tcfSoilInitialLoss
TCF,Soil Negative Rainfall Approach,Soil Negative Rainfall Approach,[ {None} | Factor ],Enables negative rainfall to simulate evapotranspiration by drawing from groundwater under dry surface cells.,HPC Only,false,https://docs.tuflow.com/classic-hpc/manual/2026.0/TCFCommands-1.html#tcfSoilNegativeRainfallApproach
TCF,Soil Negative Rainfall Factor,Soil Negative Rainfall Factor,[ <factor> | {1} ],"Sets the multiplier for negative rainfall applied to surface cells under dry conditions, mimicking evapotranspiration.",HPC Only,false,https://docs.tuflow.com/classic-hpc/manual/2026.0/TCFCommands-1.html#tcfSoilNegativeRainfallFactor
TCF,Solution Scheme,Solution Scheme,[ {CLASSIC} | HPC | HPC 1st ],"Modellers specify the 2D solution scheme (Classic, HPC, or HPC 1st) for their TUFLOW simulations.",Classic and HPC,false,https://docs.tuflow.com/classic-hpc/manual/2026.0/TCFCommands-1.html#tcfSolutionScheme
TCF,Spatial Database,Spatial Database,[ <GPKG_database> ],"Specifies the GeoPackage database to use for subsequent spatial inputs, ensuring data consistency.",Classic and HPC,false,https://docs.tuflow.com/classic-hpc/manual/2026.0/TCFCommands-1.html#tcfSpatialDatabase
TCF,Spatial Database Output,Spatial Database Output,[ SEPARATE | {GROUPED} ],"Defines how outputs are organized when using GeoPackages, either grouping them by folder or by geometry.",Classic and HPC,false,https://docs.tuflow.com/classic-hpc/manual/2026.0/TCFCommands-1.html#tcfSpatialDatabaseOutput
TCF,Start 1D Domain,Start 1D Domain,,Marks the beginning of a 1D domain section within the TUFLOW configuration file.,Classic and HPC,false,https://docs.tuflow.com/classic-hpc/manual/2026.0/TCFCommands-1.html#tcfStart1DDomain
TCF,Start 2D Domain,Start 2D Domain,[ {} | <2d_domain_name> ],Initiates a 2D domain definition block within the TUFLOW configuration file.,Classic Only,false,https://docs.tuflow.com/classic-hpc/manual/2026.0/TCFCommands-1.html#tcfStart2DDomain
TCF,Start Map Output,Start Map Output,[ <time_in_hours> ],"Specifies when map output generation begins, allowing for controlled timing of spatial results.",Classic and HPC,false,https://docs.tuflow.com/classic-hpc/manual/2026.0/TCFCommands-1.html#tcfStartMapOutput
TCF,Start Time,Start Time,[ <time_in_hours> ],"Defines the starting time of the simulation, allowing for historical modeling or time-dependent scenarios.",Classic Only,false,https://docs.tuflow.com/classic-hpc/manual/2026.0/TCFCommands-1.html#tcfStartTime
TCF,Start Time Series Output,Start Time Series Output,[ <time_in_hours> ],"Sets the simulation start time for generating time series outputs, controlling when time-dependent data begins.",Classic and HPC,false,https://docs.tuflow.com/classic-hpc/manual/2026.0/TCFCommands-1.html#tcfStartTimeSeriesOutput
TCF,Supercritical,Supercritical,[ {ON} | OFF | PRE 2002-11-AD ],"Activates or deactivates supercritical flow modeling, influencing how flow is calculated on steep slopes.",Classic Only,false,https://docs.tuflow.com/classic-hpc/manual/2026.0/TCFCommands-1.html#tcfSupercritical
TCF,SWMM Control File,SWMM Control File,[ <.tscf_file> ],"Specifies the TUFLOW SWMM control file, enabling communication and data transfer between TUFLOW and SWMM.",Classic and HPC,false,https://docs.tuflow.com/classic-hpc/manual/2026.0/TCFCommands-1.html#tcfSWMMControlFile
TCF,SX Flow Distribution Cutoff Depth,SX Flow Distribution Cutoff Depth,[ {AUTO} | <depth_m> ],"Defines the cutoff depth for water flow distribution on SX boundaries, influencing flow propagation.",Classic and HPC,true,https://docs.tuflow.com/classic-hpc/manual/2026.0/TCFCommands-1.html#tcfSXFlowDistributionCutoffDepth
TCF,SX FMP Unit Type Error,SX FMP Unit Type Error,[ {ON} | Off ],"Modellers control error handling for SX connections to Flood Modeller Pro, allowing for warnings instead of errors.",Classic and HPC,false,https://docs.tuflow.com/classic-hpc/manual/2026.0/TCFCommands-1.html#tcfSXFMPUnitTypeError
TCF,SX Head Adjustment,SX Head Adjustment,[ ON | {OFF} ],"Controls whether TUFLOW adjusts water levels at SX boundaries for energy compatibility, influencing model accuracy.",Classic and HPC,false,https://docs.tuflow.com/classic-hpc/manual/2026.0/TCFCommands-1.html#tcfSXHeadAdjustment
TCF,SX Head Distribution Cutoff Depth,SX Head Distribution Cutoff Depth,[ {AUTO} | <depth_m> ],"Defines the cutoff depth for calculating the water level transfer to 1D nodes at SX links, improving accuracy and stability.",Classic and HPC,false,https://docs.tuflow.com/classic-hpc/manual/2026.0/TCFCommands-1.html#tcfSXHeadDistributionCutoffDepth
TCF,SX Storage Approach,SX Storage Approach,[ {1D NODE AVERAGE} | Cell Only ],"Controls how storage is distributed across connected SX cells, impacting water level calculations.",Classic and HPC,true,https://docs.tuflow.com/classic-hpc/manual/2026.0/TCFCommands-1.html#tcfSXStorageApproach
TCF,SX Storage Factor,SX Storage Factor,"[ {1.0, 20.0} | <sxs_factor>, <sxs_limits> ]","Adjusts the overall storage capacity of SX cells, controlling the impact of additional storage from connected 1D nodes.",Classic and HPC,false,https://docs.tuflow.com/classic-hpc/manual/2026.0/TCFCommands-1.html#tcfSXStorageFactor
TCF,SX ZC Check,SX ZC Check,[ {ON} | OFF | <dZ_limit_in_m> ],Checks and potentially adjusts the ZC elevations of SX cells to ensure proper flow behavior at 1D node connections.,Classic and HPC,false,https://docs.tuflow.com/classic-hpc/manual/2026.0/TCFCommands-1.html#tcfSXZCCheck
TCF,TIF Compression,TIF Compression,[ NONE | LZW | {DEFLATE} ],"Controls the compression method used for output GeoTIFF grids, affecting file size and performance.",Classic and HPC,false,https://docs.tuflow.com/classic-hpc/manual/2026.0/TCFCommands-1.html#tcfTIFCompression
TCF,TIF Compression Predictor,TIF Compression Predictor,[ NONE | {Horizontal Differencing} ],"Controls a compression predictor for TIF outputs, potentially improving file size through optimized compression.",Classic and HPC,false,https://docs.tuflow.com/classic-hpc/manual/2026.0/TCFCommands-1.html#tcfTIFCompressionPredictor
TCF,TIF Projection,TIF Projection,[ /path/to/geotiff | <GDAL_option> ],"Specifies the projection for output TIF files, ensuring spatial consistency across different raster layers.",Classic and HPC,false,https://docs.tuflow.com/classic-hpc/manual/2026.0/TCFCommands-1.html#tcfTIFProjection
TCF,Time Output Corner Interpolation,Time Output Corner Interpolation,[ {VALUE | <user_specified_value>} | WET | START | <Offset> ],"Modellers control how time output is calculated at cell corners, influencing contouring and the display of flood fringes.",Classic and HPC,false,https://docs.tuflow.com/classic-hpc/manual/2026.0/TCFCommands-1.html#tcfTimeOutputCornerInterpolation
TCF,Time Output Cutoff Depths,Time Output Cutoff [ Depths | VxD | <Hazard> ],"[ {OFF} | <v1, v2, …> ]","Controls the timing and duration of flood events outputted to the map, allowing for detailed analysis of inundation patterns.",Classic and HPC,true,https://docs.tuflow.com/classic-hpc/manual/2026.0/TCFCommands-1.html#tcfTimeOutputCutoff
TCF,Time Output Cutoff VxD,Time Output Cutoff [ Depths | VxD | <Hazard> ],"[ {OFF} | <v1, v2, …> ]","Controls the timing and duration of flood events outputted to the map, allowing for detailed analysis of inundation patterns.",Classic and HPC,true,https://docs.tuflow.com/classic-hpc/manual/2026.0/TCFCommands-1.html#tcfTimeOutputCutoff
TCF,Time Output Cutoff <Hazard>,Time Output Cutoff [ Depths | VxD | <Hazard> ],"[ {OFF} | <v1, v2, …> ]","Controls the timing and duration of flood events outputted to the map, allowing for detailed analysis of inundation patterns.",Classic and HPC,true,https://docs.tuflow.com/classic-hpc/manual/2026.0/TCFCommands-1.html#tcfTimeOutputCutoff
TCF,Time Series Null Value,Time Series Null Value,[ {cell_elevation} | <null_value> ],"Sets a specific null value for water level plots to represent dry cells, aiding in visualization of inundation extent.",Classic and HPC,false,https://docs.tuflow.com/classic-hpc/manual/2026.0/TCFCommands-1.html#tcfTimeSeriesNullValue
TCF,Time Series Output Format,Time Series Output Format,[ {csv} | NC | GPKG ],"Specifies the output format for time series data, offering flexibility for data management and visualization.",Classic and HPC,false,https://docs.tuflow.com/classic-hpc/manual/2026.0/TCFCommands-1.html#tcfTimeSeriesOutputFormat
TCF,Time Series Output Interval,Time Series Output Interval,[ <time_in_seconds> ],"A modeller would use this to control how often time series data is recorded, balancing data resolution with computational resources.",Classic and HPC,false,https://docs.tuflow.com/classic-hpc/manual/2026.0/TCFCommands-1.html#tcfTimeSeriesOutputInterval
TCF,Timestep,Timestep,[ {1.0} | <timestep_in_seconds> ],"Sets the simulation timestep, controlling the accuracy and computational cost of the model's calculations.",Classic and HPC,false,https://docs.tuflow.com/classic-hpc/manual/2026.0/TCFCommands-1.html#tcfTimestep
TCF,Timestep Initial,Timestep Initial,[ <initial_timestep_in_seconds> ],"Sets the initial timestep for HPC simulations, allowing for more consistent timestep control compared to the adaptive approach.",HPC Only,false,https://docs.tuflow.com/classic-hpc/manual/2026.0/TCFCommands-1.html#tcfTimestepInitial
TCF,Timestep Maximum,Timestep Maximum,[ {Auto} | <max timestep in seconds> ],A modeller would use this to constrain the simulation timestep to prevent instabilities during periods of dryness or rapid wetting.,HPC Only,false,https://docs.tuflow.com/classic-hpc/manual/2026.0/TCFCommands-1.html#tcfTimestepMaximum
TCF,Timestep Maximum Increase (%),Timestep Maximum Increase (%),[ {Auto} | <max timestep in seconds> ],"Limits the rate at which the adaptive timestep increases, offering control over computational stability during model evolution.",Classic Only,true,https://docs.tuflow.com/classic-hpc/manual/2026.0/TCFCommands-1.html#tcfTimestepMaximumIncrease
TCF,Timestep Minimum,Timestep Minimum,[ {AUTO} | <min_timestep_in_seconds> ],"Sets a lower limit for the timestep in HPC simulations, ensuring a stable and accurate model solution.",HPC Only,false,https://docs.tuflow.com/classic-hpc/manual/2026.0/TCFCommands-1.html#tcfTimestepMinimum
TCF,Timestep Repeats,Timestep Repeats,[ {10} | <n_allowed_repeats> ],"Adjusts the tolerance for repeated timesteps, enabling smoother transitions during periods of dryness or inflow changes.",HPC Only,false,https://docs.tuflow.com/classic-hpc/manual/2026.0/TCFCommands-1.html#tcfTimestepRepeats
TCF,TSF Update Interval,TSF Update Interval,[ {0} | <interval_in_seconds> ],"Controls how frequently the TSF file is updated during a simulation, influencing the granularity of output data.",Classic Only,false,https://docs.tuflow.com/classic-hpc/manual/2026.0/TCFCommands-1.html#tcfTSFUpdateInterval
TCF,Tutorial Model,Tutorial Model,[ ON | {OFF} ],"Enables the use of pre-built tutorial models without a TUFLOW license, facilitating quick exploration and learning.",Classic and HPC,false,https://docs.tuflow.com/classic-hpc/manual/2026.0/TCFCommands-1.html#tcfTutorialModel
TCF,UK Hazard Debris Factor,UK Hazard Debris Factor,[ <DF> | {1} ],"Modellers specify debris factors for flood hazard calculations in the UK, influencing the output of ZUK0 and ZUK1 formulations.",Classic and HPC,false,https://docs.tuflow.com/classic-hpc/manual/2026.0/TCFCommands-1.html#tcfUKHazardDebrisFactor
TCF,UK Hazard Formula,UK Hazard Formula,[ D(V+1.5) | {D(V+0.5)+DF} ],"A modeller uses this to select a UK flood hazard calculation formula, determining how flood risk is quantified for specific land use types.",Classic and HPC,false,https://docs.tuflow.com/classic-hpc/manual/2026.0/TCFCommands-1.html#tcfUKHazardFormula
TCF,UK Hazard Land Use,UK Hazard Land Use,[ PASTURE | WOODLAND | URBAN | {CONSERVATIVE} | NOT SET ],"Assigns a land use category, influencing debris factors in UK flood hazard calculations based on DEFRA guidelines.",Classic and HPC,false,https://docs.tuflow.com/classic-hpc/manual/2026.0/TCFCommands-1.html#tcfUKHazardLandUse
TCF,Units,Units,[ {METRIC} | ENGLISH | IMPERIAL | US Customary ],"Specifies the unit system for TUFLOW calculations, allowing users to switch between metric and various US customary units.",Classic and HPC,false,https://docs.tuflow.com/classic-hpc/manual/2026.0/TCFCommands-1.html#tcfUnits
TCF,Unused HX and SX Connections,Unused HX and SX Connections,[ {ERROR} | WARNING ],"Controls how TUFLOW handles unused or redundant connection objects, flagging potential errors for improved model integrity.",Classic and HPC,false,https://docs.tuflow.com/classic-hpc/manual/2026.0/TCFCommands-1.html#tcfUnusedHXandSXConnections
TCF,Use Forward Slash,Use Forward Slash,[ ON | {OFF} ],"Controls the path separator used in output files, ensuring compatibility across different operating systems.",Classic and HPC,false,https://docs.tuflow.com/classic-hpc/manual/2026.0/TCFCommands-1.html#tcfUseForwardSlash
TCF,Verbose,Verbose,[ ON | OFF | {LOW} | HIGH ],"Adjusts the verbosity of TUFLOW output, allowing users to control the level of detail displayed during simulation runs.",Classic and HPC,false,https://docs.tuflow.com/classic-hpc/manual/2026.0/TCFCommands-1.html#tcfVerbose
TCF,VG Z Adjustment,VG Z Adjustment,[ {MAX ZC} | ZC | ZH ],"Controls the adjustment of ZC points when using a VG boundary, influencing the stability and accuracy of flow over breaches.",Classic Only,false,https://docs.tuflow.com/classic-hpc/manual/2026.0/TCFCommands-1.html#tcfVGZAdjustment
TCF,Viscosity Approach,Viscosity Approach,[ Method A | {Method B} ],"A modeller would use this to select the viscosity calculation method, balancing computational efficiency with accuracy in HPC simulations.",HPC Only,false,https://docs.tuflow.com/classic-hpc/manual/2026.0/TCFCommands-1.html#tcfViscosityApproach
TCF,Viscosity Coefficient,Viscosity Coefficient,"[ <value1, value2, …> ]","A modeller uses this to define viscosity coefficients, influencing numerical stability and accuracy in fluid flow simulations.",Classic and HPC,false,https://docs.tuflow.com/classic-hpc/manual/2026.0/TCFCommands-1.html#tcfViscosityCoefficient
TCF,Viscosity Formulation,Viscosity Formulation,[ CONSTANT | SMAGORINSKY | WU | NONNEWTONIAN ],"Selects the viscosity formulation method, impacting how fluid viscosity is modeled within the simulation.",Classic and HPC,false,https://docs.tuflow.com/classic-hpc/manual/2026.0/TCFCommands-1.html#tcfViscosityFormulation
TCF,Water Level Checks,Water Level Checks,[ {ON} | OFF ],"Enables or disables water level checks, helping to identify and potentially prevent simulation instabilities.",Classic Only,false,https://docs.tuflow.com/classic-hpc/manual/2026.0/TCFCommands-1.html#tcfWaterLevelChecks
TCF,Wetting and Drying,Wetting and Drying,[ {ON METHOD B} | ON | ON NO SIDE CHECKS | OFF ],"Controls how wetting and drying processes are managed in the simulation, influencing accuracy and stability.",Classic Only,true,https://docs.tuflow.com/classic-hpc/manual/2026.0/TCFCommands-1.html#tcfWettingandDrying
TCF,WIBU FIRM Code Search Order,WIBU FIRM Code Search Order,[ <list_of_firm_codes> ],"Defines the order in which TUFLOW searches for license files, potentially speeding up simulation startup.",Classic and HPC,false,https://docs.tuflow.com/classic-hpc/manual/2026.0/TCFCommands-1.html#tcfWIBUFIRMCodeSearchOrder
TCF,Wind/Wave Shallow Depths,Wind/Wave Shallow Depths,"[ {0.2, 1.0} | <y1, y2> ]","Defines the shallow water depth for wind/wave stress calculations, preventing errors and instabilities in simulations.",Classic Only,false,https://docs.tuflow.com/classic-hpc/manual/2026.0/TCFCommands-1.html#tcfWindWaveShallowDepths
TCF,Write Check Files ALL,Write Check Files [ {ALL} | NONE | INCLUDE | EXCLUDE ],[ <prefix_list_or_file_prefix> ],"A modeller would use this command to generate quality control files for model inputs, aiding in validation and debugging.",Classic and HPC,false,https://docs.tuflow.com/classic-hpc/manual/2026.0/TCFCommands-1.html#tcfWriteCheckFiles
TCF,Write Check Files,Write Check Files [ {ALL} | NONE | INCLUDE | EXCLUDE ],[ <prefix_list_or_file_prefix> ],"A modeller would use this command to generate quality control files for model inputs, aiding in validation and debugging.",Classic and HPC,false,https://docs.tuflow.com/classic-hpc/manual/2026.0/TCFCommands-1.html#tcfWriteCheckFiles
TCF,Write Check Files NONE,Write Check Files [ {ALL} | NONE | INCLUDE | EXCLUDE ],[ <prefix_list_or_file_prefix> ],"A modeller would use this command to generate quality control files for model inputs, aiding in validation and debugging.",Classic and HPC,false,https://docs.tuflow.com/classic-hpc/manual/2026.0/TCFCommands-1.html#tcfWriteCheckFiles
TCF,Write Check Files INCLUDE,Write Check Files [ {ALL} | NONE | INCLUDE | EXCLUDE ],[ <prefix_list_or_file_prefix> ],"A modeller would use this command to generate quality control files for model inputs, aiding in validation and debugging.",Classic and HPC,false,https://docs.tuflow.com/classic-hpc/manual/2026.0/TCFCommands-1.html#tcfWriteCheckFiles
TCF,Write Check Files EXCLUDE,Write Check Files [ {ALL} | NONE | INCLUDE | EXCLUDE ],[ <prefix_list_or_file_prefix> ],"A modeller would use this command to generate quality control files for model inputs, aiding in validation and debugging.",Classic and HPC,false,https://docs.tuflow.com/classic-hpc/manual/2026.0/TCFCommands-1.html#tcfWriteCheckFiles
TCF,Write Empty GIS Files,Write Empty GIS Files,[ {} | <folder> | <file_format> ],"Generates empty GIS files with pre-defined attributes, ready to be populated with model data.",Classic and HPC,false,https://docs.tuflow.com/classic-hpc/manual/2026.0/TCFCommands-1.html#tcfWriteEmptyGISFiles
TCF,Write PO Online,Write PO Online,[ ON | {OFF} ],"Controls the writing of time-series data during a simulation, enabling real-time monitoring of results.",Classic and HPC,false,https://docs.tuflow.com/classic-hpc/manual/2026.0/TCFCommands-1.html#tcfWritePOOnline
TCF,Write Restart File at Time,Write Restart File at Time,[ <time_in_hours> ],"Specifies the timing for writing restart files, enabling resuming simulations from a specific point.",Classic and HPC,false,https://docs.tuflow.com/classic-hpc/manual/2026.0/TCFCommands-1.html#tcfWriteRestartFileatTime
TCF,Write Restart File Interval,Write Restart File Interval,[ {0} | <interval_in_hours> ],"Modellers define the interval between write operations to the TUFLOW restart file, useful for unstable simulations.",Classic and HPC,false,https://docs.tuflow.com/classic-hpc/manual/2026.0/TCFCommands-1.html#tcfWriteRestartFileInterval
TCF,Write Restart File Version,Write Restart File Version,[ 2 ],"Enables detailed restart files, improving accuracy when resuming simulations after interruptions.",Classic and HPC,false,https://docs.tuflow.com/classic-hpc/manual/2026.0/TCFCommands-1.html#tcfWriteRestartFileVersion
TCF,Write Restart Filename,Write Restart Filename,[ {INCLUDE TIME} | OVERWRITE ],"Controls the naming convention for restart files, enabling tracking of simulation progress and facilitating recovery.",Classic and HPC,false,https://docs.tuflow.com/classic-hpc/manual/2026.0/TCFCommands-1.html#tcfWriteRestartFilename
TCF,Write X1D Check Files,Write X1D Check Files,[ ON | {OFF} ],Enables the creation of check files for verifying water levels and flows exchanged between 1D and 2D models.,Classic and HPC,false,https://docs.tuflow.com/classic-hpc/manual/2026.0/TCFCommands-1.html#tcfWriteX1DCheckFiles
TCF,XF Files,XF Files,[ {ON} | OFF ],"Controls the automatic generation of XF files, useful for data exchange and model integration.",Classic and HPC,false,https://docs.tuflow.com/classic-hpc/manual/2026.0/TCFCommands-1.html#tcfXFFiles
TCF,XF Files Boundaries,XF Files Boundaries,[ {ON} | OFF ],"Controls the use of XF files for faster boundary data loading, improving simulation performance.",Classic and HPC,false,https://docs.tuflow.com/classic-hpc/manual/2026.0/TCFCommands-1.html#tcfXFFilesBoundaries
TCF,XF Files Include in Filename,XF Files Include in Filename,[ <text> ],A modeller would use this to avoid re-processing DEMs when running multiple simulations with the same elevation data.,Classic and HPC,false,https://docs.tuflow.com/classic-hpc/manual/2026.0/TCFCommands-1.html#tcfXFFilesIncludeinFilename
TCF,XMDF Output Compression,XMDF Output Compression,[ {ON} | OFF | <level> ],"Controls the compression level of XMDF output files, balancing file size reduction with access speed.",Classic and HPC,false,https://docs.tuflow.com/classic-hpc/manual/2026.0/TCFCommands-1.html#tcfXMDFOutputCompression
TCF,Zero Negative Depths,Zero Negative Depths,[ {ON} | OFF ],"Addresses negative depths in map output, providing backward compatibility with older TUFLOW versions.",Classic Only,true,https://docs.tuflow.com/classic-hpc/manual/2026.0/TCFCommands-1.html#tcfZeroNegativeDepths
TCF,Zero Rainfall Check,Zero Rainfall Check,[ {ERROR} | WARNING ],"Controls how TUFLOW handles zero rainfall checks, potentially terminating simulations if issues are detected.",Classic and HPC,false,https://docs.tuflow.com/classic-hpc/manual/2026.0/TCFCommands-1.html#tcfZeroRainfallCheck
TCF,ZP Hazard Cutoff Depth,ZP Hazard Cutoff Depth,"[ {0.01} | <depth> | <ZPA_depth>, <ZPC_depth>, <ZPI_depth> ]","Defines hazard cutoff depths for ZPA, ZPC, and ZPI outputs, based on the ARR project's People Hazard categories.",Classic Only,false,https://docs.tuflow.com/classic-hpc/manual/2026.0/TCFCommands-1.html#tcfZPHazardCutoffDepth
TCF,Zpt Range Check,Zpt Range Check,"[ {-9998, 99998} | <zmin>, <zmax> ]","Checks Zpt values for extreme ranges, identifying potentially erroneous data before simulation execution.",Classic and HPC,true,https://docs.tuflow.com/classic-hpc/manual/2026.0/TCFCommands-1.html#tcfZptRangeCheck
TCF,SQLite On Open SQL,SQLite On Open SQL [ {} | Read | Write ],[ <SQL_Pragma_Command> | {} ],"Executes SQLite SQL commands upon opening a GPKG database, allowing for custom settings and preventing database locks.",Classic and HPC,false,https://docs.tuflow.com/classic-hpc/manual/2026.0/TCFCommands-1.html#tcfSQLiteOnOpenSQL
TCF,SQLite On Open SQL Read,SQLite On Open SQL [ {} | Read | Write ],[ <SQL_Pragma_Command> | {} ],"Executes SQLite SQL commands upon opening a GPKG database, allowing for custom settings and preventing database locks.",Classic and HPC,false,https://docs.tuflow.com/classic-hpc/manual/2026.0/TCFCommands-1.html#tcfSQLiteOnOpenSQL
TCF,SQLite On Open SQL Write,SQLite On Open SQL [ {} | Read | Write ],[ <SQL_Pragma_Command> | {} ],"Executes SQLite SQL commands upon opening a GPKG database, allowing for custom settings and preventing database locks.",Classic and HPC,false,https://docs.tuflow.com/classic-hpc/manual/2026.0/TCFCommands-1.html#tcfSQLiteOnOpenSQL
TCF,GPKG Compression Predictor,GPKG Compression Predictor,[ NONE | {Horizontal Differencing} ],"Controls the use of a compression predictor, potentially improving file compression ratios.",Classic and HPC,false,https://docs.tuflow.com/classic-hpc/manual/2026.0/TCFCommands-1.html#tcfGPKGCompressionPredictor
TCF,GPKG Compression,GPKG Compression,[ NONE | {LZW} ],"Controls LZW compression of GPKG raster files, balancing file size with access speed.",Classic and HPC,false,https://docs.tuflow.com/classic-hpc/manual/2026.0/TCFCommands-1.html#tcfGPKGCompression
TCF,Read Hazard File,Read Hazard File,[ <file_name>.csv ],"Reads a hazard file, defining thresholds for depth, velocity, and their product for use in the simulation.",Classic and HPC,false,https://docs.tuflow.com/classic-hpc/manual/2026.0/TCFCommands-1.html#tcfReadHazardFile
TCF,Read GIS ISIS WLL,Read GIS ISIS WLL,[ <gis_layer> ],"Reads external 1D scheme WLL locations, enabling integration of 1D and 2D simulation results.",Classic and HPC,false,https://docs.tuflow.com/classic-hpc/manual/2026.0/TCFCommands-1.html#tcfReadGISISISWLL
TCF,Read GIS XP WLL,Read GIS XP WLL,[ <gis_layer> ],"Reads external 1D scheme WLL locations, facilitating integration of 1D and 2D simulation results.",Classic and HPC,false,https://docs.tuflow.com/classic-hpc/manual/2026.0/TCFCommands-1.html#tcfReadGISXPWLL
TCF,Read GIS 12D WLL,Read GIS 12D WLL,[ <gis_layer> ],"Reads external 1D scheme WLL locations, enabling integration of 1D and 2D simulation results.",Classic and HPC,false,https://docs.tuflow.com/classic-hpc/manual/2026.0/TCFCommands-1.html#tcfReadGIS12DWLL
TCF,Read GIS 12D WLL Points,Read GIS 12D WLL Points,[ <gis_layer> ],"Reads external 1D WLL points for elevation/material definition, aiding in 1D and 2D integration.",Classic and HPC,false,https://docs.tuflow.com/classic-hpc/manual/2026.0/TCFCommands-1.html#tcfReadGIS12DWLLPoints
TCF,Read GIS ISIS WLL Points,Read GIS ISIS WLL Points,[ <gis_layer> ],"Reads external 1D WLL points for defining elevations/materials along the WLL, integrating with 1D/2D simulations.",Classic and HPC,false,https://docs.tuflow.com/classic-hpc/manual/2026.0/TCFCommands-1.html#tcfReadGISISISWLLPoints
TCF,Read GIS XP WLL Points,Read GIS XP WLL Points,[ <gis_layer> ],"Reads external 1D WLL points for elevation/material definition, integrating with 1D/2D simulations.",Classic and HPC,false,https://docs.tuflow.com/classic-hpc/manual/2026.0/TCFCommands-1.html#tcfReadGISXPWLLPoints
TCF,Read GIS ISIS Nodes,Read GIS ISIS Nodes,[ <gis_layer> ],"Reads external WLL nodes, a legacy option superseded by the more flexible Read GIS X1D Network.",Classic and HPC,true,https://docs.tuflow.com/classic-hpc/manual/2026.0/TCFCommands-1.html#tcfReadGISISISNodes
TCF,Read GIS XP Nodes,Read GIS XP Nodes,[ <gis_layer> ],"Reads external WLL nodes, a legacy option now superseded by the more flexible Read GIS X1D Network.",Classic and HPC,true,https://docs.tuflow.com/classic-hpc/manual/2026.0/TCFCommands-1.html#tcfReadGISXPNodes
TCF,Read GIS 12D Nodes,Read GIS 12D Nodes,[ <gis_layer> ],"Reads external 1D WLL nodes, a legacy option now superseded by the more flexible Read GIS X1D Network.",Classic and HPC,true,https://docs.tuflow.com/classic-hpc/manual/2026.0/TCFCommands-1.html#tcfReadGIS12DNodes
TCF,Read GIS ISIS Network,Read GIS ISIS Network,[ <gis_layer> ],Reads external 1D scheme nodes and channels for integrating external 1D models with TUFLOW.,Classic and HPC,false,https://docs.tuflow.com/classic-hpc/manual/2026.0/TCFCommands-1.html#tcfReadGISISISNetwork
TCF,Read GIS XP Network,Read GIS XP Network,[ <gis_layer> ],Reads external 1D scheme nodes and channels for integrating external 1D models with TUFLOW.,Classic and HPC,false,https://docs.tuflow.com/classic-hpc/manual/2026.0/TCFCommands-1.html#tcfReadGISXPNetwork
TCF,Read GIS 12D Network,Read GIS 12D Network,[ <gis_layer> ],Reads external 1D scheme nodes and channels for integrating external 1D models with TUFLOW.,Classic and HPC,false,https://docs.tuflow.com/classic-hpc/manual/2026.0/TCFCommands-1.html#tcfReadGIS12DNetwork
TCF,XF Files Merge TIN Elevations,XF Files Merge TIN Elevations,[ {Reprocess} | Use XF ],"Merges TIN elevations into XF files, offering re-processing or using existing XF file elevations.",Classic and HPC,false,https://docs.tuflow.com/classic-hpc/manual/2026.0/TCFCommands-1.html#tcfXFFilesMergeTINElevations
TCF,GPKG Inputs Read Only,GPKG Inputs Read Only,[ ON | {OFF} ],"Forces read-only access to GPKG databases, reducing potential database lock conflicts during concurrent simulations.",Classic and HPC,false,https://docs.tuflow.com/classic-hpc/manual/2026.0/TCFCommands-1.html#tcfGPKGInputsReadOnly
TCF,TIN Output Format,TIN Output Format,[ {2DM} | SMS TIN ],"Defines the format for TIN output, choosing between SMS 2DM or SMS TIN for compatibility with other GIS software.",Classic and HPC,false,https://docs.tuflow.com/classic-hpc/manual/2026.0/TCFCommands-1.html#tcfTINOutputFormat
TCF,TIN Triangulation Approach,TIN Triangulation Approach,[ Method A | {Method B} ],"Defines the TIN triangulation method, choosing between Method A and Method B for different generation benefits.",Classic and HPC,false,https://docs.tuflow.com/classic-hpc/manual/2026.0/TCFCommands-1.html#tcfTINTriangulationApproach
TCF,HPC Timestep Approach,HPC Timestep Approach,[ Method A | {Method B} ],"Sets the timestep approach for HPC solvers, choosing between dynamic (Method A) and static (Method B) control number factors.",HPC Only,false,https://docs.tuflow.com/classic-hpc/manual/2026.0/TCFCommands-1.html#tcfHPCTimestepApproach
TCF,Map Output Vector Dry Zpts,Map Output Vector Dry Zpts,[ ON | {OFF} ],"Controls vector output display at dry Zpts in map files, affecting visualization of velocity at mesh vertices.",Classic and HPC,false,https://docs.tuflow.com/classic-hpc/manual/2026.0/TCFCommands-1.html#tcfMapOutputVectorDryZpts
TCF,HPC Dry Face Inertia Approach,HPC Dry Face Inertia Approach,[ Method A | {Method B} ],"Sets the HPC approach to handle dry face inertia, preventing runaway velocity conditions for improved stability.",HPC Only,false,https://docs.tuflow.com/classic-hpc/manual/2026.0/TCFCommands-1.html#tcfHPCDryFaceInertiaApproach
TCF,Read GIS Hurricane,Read GIS Hurricane [ {} | NO PRESSURE ] [ {} | NO WIND ],[ <gis_layer> ],"Reads GIS Hurricane or Cyclone data, specifying whether to include pressure and wind information.",Classic and HPC,false,https://docs.tuflow.com/classic-hpc/manual/2026.0/TCFCommands-1.html#tcfReadGISHurricane
TCF,Read GIS Hurricane NO WIND,Read GIS Hurricane [ {} | NO PRESSURE ] [ {} | NO WIND ],[ <gis_layer> ],"Reads GIS Hurricane or Cyclone data, specifying whether to include pressure and wind information.",Classic and HPC,false,https://docs.tuflow.com/classic-hpc/manual/2026.0/TCFCommands-1.html#tcfReadGISHurricane
TCF,Read GIS Hurricane NO PRESSURE,Read GIS Hurricane [ {} | NO PRESSURE ] [ {} | NO WIND ],[ <gis_layer> ],"Reads GIS Hurricane or Cyclone data, specifying whether to include pressure and wind information.",Classic and HPC,false,https://docs.tuflow.com/classic-hpc/manual/2026.0/TCFCommands-1.html#tcfReadGISHurricane
TCF,Read GIS Hurricane NO PRESSURE NO WIND,Read GIS Hurricane [ {} | NO PRESSURE ] [ {} | NO WIND ],[ <gis_layer> ],"Reads GIS Hurricane or Cyclone data, specifying whether to include pressure and wind information.",Classic and HPC,false,https://docs.tuflow.com/classic-hpc/manual/2026.0/TCFCommands-1.html#tcfReadGISHurricane
TCF,Groundwater Horizontal Flux Include Porosity,Groundwater Horizontal Flux Include Porosity,[ ON | {OFF} ],Controls whether porosity is included in groundwater horizontal flux calculations for improved accuracy.,HPC Only,false,https://docs.tuflow.com/classic-hpc/manual/2026.0/TCFCommands-1.html#tcfGroundwaterHorizontalFluxIncludePorosity
TCF,SGS Sheet Flow Approach,SGS Sheet Flow Approach,[ {Method A} | Method B ],"Defines the SGS sheet flow approach, choosing between Method A (depth above min elevation) and Method B (cell averaged depth).",HPC Only,false,https://docs.tuflow.com/classic-hpc/manual/2026.0/TCFCommands-1.html#tcfSGSSheetFlowApproach
TCF,Groundwater Vertical Flux Model,Groundwater Vertical Flux Model,[ {Darcy’s Law}] | [ {2} | <exponent> ],Modellers specify the equation and exponent for calculating vertical groundwater flux between cells in HPC simulations.,HPC Only,false,https://docs.tuflow.com/classic-hpc/manual/2026.0/TCFCommands-1.html#tcfGroundwaterVerticalFluxModel
TCF,Groundwater Horizontal Flux Model,Groundwater Horizontal Flux Model,[ {Darcy’s Law} | Soil Moisture Dependent ] | [ {0} | <exponent> ],"Modellers specify the equation for horizontal groundwater flux, allowing for adjustments based on soil moisture conditions.",HPC Only,false,https://docs.tuflow.com/classic-hpc/manual/2026.0/TCFCommands-1.html#tcfGroundwaterHorizontalFluxModel
TCF,Read GIS <option>,Read GIS <option>,[ <gis_layer> ],"Modellers read GIS data using this command to define boundary conditions, topography, or other spatial information for TUFLOW simulations.",Classic and HPC,false,https://docs.tuflow.com/classic-hpc/manual/2026.0/TCFCommands-1.html#tcfReadGIS
TCF,Grid Output Interpolation,Grid Output Interpolation,[ CC EXCLUDE H | CC ALL | {TIN} ],"Modelers configure grid output interpolation, choosing between cell center, cell corners, or TIN-based methods for accurate results.",Classic and HPC,false,https://docs.tuflow.com/classic-hpc/manual/2026.0/TCFCommands-1.html#tcfGridOutputInterpolation
TCF,Pit Surcharge ccA Cutoff Depth,Pit Surcharge ccA Cutoff Depth,[ {0} | <depth> ],"Modelers set a global surcharge cutoff depth for pits, defining the water height required for a pit to be considered surcharging.",Classic and HPC,false,https://docs.tuflow.com/classic-hpc/manual/2026.0/TCFCommands-1.html#tcfPitSurchargeccACutoffDepth
TCF,HPC Cyclone Boundary Update Interval,HPC Cyclone Boundary Update Interval [ {} | Minute | Hour| Day ],[ {time} ],Modelers configure the update frequency of cyclone boundary conditions in HPC simulations to balance accuracy with computational efficiency.,HPC Only,false,https://docs.tuflow.com/classic-hpc/manual/2026.0/TCFCommands-1.html#tcfHPCCycloneBoundaryUpdateInterval
TCF,HPC Cyclone Boundary Update Interval Minute,HPC Cyclone Boundary Update Interval [ {} | Minute | Hour| Day ],[ {time} ],Modelers configure the update frequency of cyclone boundary conditions in HPC simulations to balance accuracy with computational efficiency.,HPC Only,false,https://docs.tuflow.com/classic-hpc/manual/2026.0/TCFCommands-1.html#tcfHPCCycloneBoundaryUpdateInterval
TCF,HPC Cyclone Boundary Update Interval Hour,HPC Cyclone Boundary Update Interval [ {} | Minute | Hour| Day ],[ {time} ],Modelers configure the update frequency of cyclone boundary conditions in HPC simulations to balance accuracy with computational efficiency.,HPC Only,false,https://docs.tuflow.com/classic-hpc/manual/2026.0/TCFCommands-1.html#tcfHPCCycloneBoundaryUpdateInterval
TCF,HPC Cyclone Boundary Update Interval Day,HPC Cyclone Boundary Update Interval [ {} | Minute | Hour| Day ],[ {time} ],Modelers configure the update frequency of cyclone boundary conditions in HPC simulations to balance accuracy with computational efficiency.,HPC Only,false,https://docs.tuflow.com/classic-hpc/manual/2026.0/TCFCommands-1.html#tcfHPCCycloneBoundaryUpdateInterval
TCF,Form Loss Rotational Adjustment,Form Loss Rotational Adjustment,[ {ON POLYLINE} | ON | OFF ],Modelers adjust form loss calculations for irregularly shaped hydraulic structures by enabling rotation-based adjustments.,HPC Only,false,https://docs.tuflow.com/classic-hpc/manual/2026.0/TCFCommands-1.html#tcfFormLossRotationalAdjustment
TCF,Use GDAL,Use GDAL,[ ON | {OFF} ],"Modelers enable or disable the GDAL library for raster data operations, influencing how spatial data is handled within the simulation.",Classic and HPC,false,https://docs.tuflow.com/classic-hpc/manual/2026.0/TCFCommands-1.html#tcfUseGDAL
TCF,GDAL Raster Create Options,GDAL Raster Create Options,[ <raster_format> | <creation_options> ],"Modelers customize raster creation options (e.g., compression, tiling) for GDAL-written raster files, optimizing file size and performance.",Classic and HPC,false,https://docs.tuflow.com/classic-hpc/manual/2026.0/TCFCommands-1.html#tcfGDALRasterCreateOptions
TCF,SGS 2nd Order BC Slope,SGS 2nd Order BC Slope,[ {Method A} | Method B ],"Modelers use this command to refine water level boundary interpolation, improving accuracy near steep slopes in HPC SGS simulations.",HPC Only,false,https://docs.tuflow.com/classic-hpc/manual/2026.0/TCFCommands-1.html#tcfSGS2ndOrderBCSlope
TCF,HPC Infiltration Drying Depth,HPC Infiltration Drying Depth,[ {drying_depth} ],"Modelers define the drying depth for HPC infiltration drying calculations, influencing how water exits saturated zones.",HPC Only,false,https://docs.tuflow.com/classic-hpc/manual/2026.0/TCFCommands-1.html#tcfHPCInfiltrationDryingDepth
TCF,Blockage ELM Method,Blockage ELM Method,[ FLC | {SPLIT} ],"Modelers control how energy loss is applied at culverts using either a lumped or split approach, influencing hydraulic simulations.",Classic and HPC,false,https://docs.tuflow.com/classic-hpc/manual/2026.0/TCFCommands-1.html#tcfBlockageELMMethod
ECF,Arch Bridge Minimum Blockage (%),Arch Bridge Minimum Blockage (%),[ {5} | <min_pblockage> ],"Modelers specify the minimum blockage percentage for arch bridge flow calculations, influencing hydraulic model accuracy.",Classic and HPC,false,https://docs.tuflow.com/classic-hpc/manual/2026.0/ECFCommands-1.html#ecfArchBridgeMinimumBlockage
ECF,BC Database,BC Database,[ <.csv_file> ],Modelers designate a BC Database file to manage boundary conditions for both 2D and 1D TUFLOW simulations.,Classic and HPC,false,https://docs.tuflow.com/classic-hpc/manual/2026.0/ECFCommands-1.html#ecfBCDatabase
ECF,BC Event Name,BC Event Name,[ <bc_event_name> ],"Modelers specify a BC event name to define boundary conditions within the TUFLOW model, though this command is now considered legacy.",Classic and HPC,true,https://docs.tuflow.com/classic-hpc/manual/2026.0/ECFCommands-1.html#ecfBCEventName
ECF,BC Event Text,BC Event Text,[ <bc_event_text> ],"Modelers define a text value for BC event names, though this command is now considered legacy.",Classic and HPC,true,https://docs.tuflow.com/classic-hpc/manual/2026.0/ECFCommands-1.html#ecfBCEventText
ECF,Bridge Flow,Bridge Flow,[ Method A | {Method B} ],"Modelers select a method for calculating bridge flows, choosing between improved stability (Method B) and the original routine (Method A).",Classic and HPC,false,https://docs.tuflow.com/classic-hpc/manual/2026.0/ECFCommands-1.html#ecfBridgeFlow
ECF,Bridge Zero Coefficients,Bridge Zero Coefficients,"[ {DEFAULT} | OFF | <Cd>, <DLC>, <ELC>, <XLC> ]","Modelers adjust bridge flow coefficients for zero attribute values in 1D layers, influencing hydraulic calculations.",Classic and HPC,false,https://docs.tuflow.com/classic-hpc/manual/2026.0/ECFCommands-1.html#ecfBridgeZeroCoefficients
ECF,Conveyance Calculation,Conveyance Calculation,[ CHANGE IN RESISTANCE | {ALL PARALLEL} ],Modellers configure parallel channel analysis to define how conveyance is calculated based on resistance changes or evenly spaced channels.,Classic and HPC,false,https://docs.tuflow.com/classic-hpc/manual/2026.0/ECFCommands-1.html#ecfConveyanceCalculation
ECF,Create Nodes,Create Nodes,[ {ON} | OFF ],"Modelers enable automatic node creation at channel ends, ensuring proper connectivity and simplifying mesh generation.",Classic and HPC,false,https://docs.tuflow.com/classic-hpc/manual/2026.0/ECFCommands-1.html#ecfCreateNodes
ECF,CSV Format,CSV Format,[ HORIZONTAL | {VERTICAL} ],"Modelers specify output CSV format (horizontal or vertical) for 1D data, controlling the arrangement of head, flow, and velocity values.",Classic and HPC,false,https://docs.tuflow.com/classic-hpc/manual/2026.0/ECFCommands-1.html#ecfCSVFormat
ECF,CSV Maximum Number Columns,CSV Maximum Number Columns,[ <max_col> ],"Modelers define a maximum number of columns for CSV output, a legacy option for older TUFLOW releases.",Classic and HPC,true,https://docs.tuflow.com/classic-hpc/manual/2026.0/ECFCommands-1.html#ecfCSVMaximumNumberColumns
ECF,CSV Time,CSV Time,[ {DAYS} | HOURS | MINUTES | SECONDS ],"Modelers specify time intervals for CSV output, allowing control over the temporal resolution of the results.",Classic and HPC,false,https://docs.tuflow.com/classic-hpc/manual/2026.0/ECFCommands-1.html#ecfCSVTime
ECF,Culvert Critical H/D,Culvert Critical H/D,[ {OFF} | <critical_h/d> | <v1> | <v2> | <v3> ],"Modelers define critical head-to-depth ratios for culvert control regime determination, influencing outlet behavior.",Classic and HPC,false,https://docs.tuflow.com/classic-hpc/manual/2026.0/ECFCommands-1.html#ecfCulvertCriticalHD
ECF,Culvert Flow,Culvert Flow,[ {Method E} | Method <letter> ],"Modelers select a method for calculating culvert flows, choosing from various regimes for improved accuracy and stability.",Classic and HPC,false,https://docs.tuflow.com/classic-hpc/manual/2026.0/ECFCommands-1.html#ecfCulvertFlow
ECF,Culvert Zero Coefficients,Culvert Zero Coefficients,"[ DEFAULT | {OFF} | v1, v2, v3, v4, v5 ]","Modelers define default culvert coefficients to avoid zero values in 1D layers, ensuring proper flow representation.",Classic and HPC,false,https://docs.tuflow.com/classic-hpc/manual/2026.0/ECFCommands-1.html#ecfCulvertZeroCoefficients
ECF,Depth Discharge Database,Depth Discharge Database,[ <depth_discharge_dbase.csv> ],Modelers designate a depth-discharge database file to define the relationship between water depth and flow rate in Q channels.,Classic and HPC,false,https://docs.tuflow.com/classic-hpc/manual/2026.0/ECFCommands-1.html#ecfDepthDischargeDatabase
ECF,Depth Limit Factor,Depth Limit Factor,[ {10} | <value> ],"Modelers set a depth limit factor to trigger instability detection, controlling the sensitivity of the model to water level changes.",Classic and HPC,false,https://docs.tuflow.com/classic-hpc/manual/2026.0/ECFCommands-1.html#ecfDepthLimitFactor
ECF,Flow Area,Flow Area,[ {EFFECTIVE} | TOTAL ],"Modelers choose between effective and total flow area calculations, influencing velocity estimations in channel simulations.",Classic and HPC,false,https://docs.tuflow.com/classic-hpc/manual/2026.0/ECFCommands-1.html#ecfFlowArea
ECF,Flow Calculation,Flow Calculation,[ Method A | {Method B} ],"Modelers select a flow calculation method to address anomalies in oscillating channel flow regimes, enhancing accuracy.",Classic and HPC,false,https://docs.tuflow.com/classic-hpc/manual/2026.0/ECFCommands-1.html#ecfFlowCalculation
ECF,Froude Check,Froude Check,[ {1} | <froude_no> ],Modelers specify a Froude Number threshold to enhance stability in steeply flowing channels.,Classic and HPC,false,https://docs.tuflow.com/classic-hpc/manual/2026.0/ECFCommands-1.html#ecfFroudeCheck
ECF,Froude Depth Adjustment,Froude Depth Adjustment,[ {ON} | OFF ],"Modelers enable or disable an additional Froude number check for S channels, influencing flow stability.",Classic and HPC,false,https://docs.tuflow.com/classic-hpc/manual/2026.0/ECFCommands-1.html#ecfFroudeDepthAdjustment
ECF,Head Rate Creep Factor,Head Rate Creep Factor,[ <value> | {1.2} ],"Modelers define a rate for Head Rate Limit adjustments, controlling the speed of changes in hydraulic properties.",Classic and HPC,false,https://docs.tuflow.com/classic-hpc/manual/2026.0/ECFCommands-1.html#ecfHeadRateCreepFactor
ECF,Head Rate Limit,Head Rate Limit,[ ON | {OFF} | <hrl> ],"Modelers apply a head rate limit to stabilize nodes, preventing oscillations and ensuring numerical stability.",Classic and HPC,false,https://docs.tuflow.com/classic-hpc/manual/2026.0/ECFCommands-1.html#ecfHeadRateLimit
ECF,Head Rate Limit Minimum,Head Rate Limit Minimum,[ <hrlmin> | {0.001} ],"Modelers define a minimum head rate limit, preventing overly rapid changes in water levels.",Classic and HPC,false,https://docs.tuflow.com/classic-hpc/manual/2026.0/ECFCommands-1.html#ecfHeadRateLimitMinimum
ECF,Interpolate Cross-Sections,Interpolate Cross-Sections,[ {ON} | OFF ],Modelers enable or disable cross-section interpolation for channels lacking explicit cross-section definitions.,Classic and HPC,false,https://docs.tuflow.com/classic-hpc/manual/2026.0/ECFCommands-1.html#ecfInterpolateCrossSections
ECF,Interpolate Culvert Inverts,Interpolate Culvert Inverts,[ {ON} | OFF ],Modelers enable or disable interpolation of culvert inverts for missing invert definitions.,Classic and HPC,false,https://docs.tuflow.com/classic-hpc/manual/2026.0/ECFCommands-1.html#ecfInterpolateCulvertInverts
ECF,M Channel Approach,M Channel Approach,[ Method A | {Method B} ],"Modelers select a matrix interpolation method for M channel data to improve accuracy, particularly along zero-flow regions.",Classic and HPC,false,https://docs.tuflow.com/classic-hpc/manual/2026.0/ECFCommands-1.html#ecfMChannelApproach
ECF,M11 Network,M11 Network,[ <.nwk11_file> ],Modelers designate a MIKE 11 network file for extracting link and cross-section information from TUFLOW.,Classic and HPC,true,https://docs.tuflow.com/classic-hpc/manual/2026.0/ECFCommands-1.html#ecfM11Network
ECF,Manhole Approach,Manhole Approach,[ METHOD A | METHOD B | {METHOD C} ],"Modelers select an automatic manhole definition approach, balancing conservatism with accuracy.",Classic and HPC,false,https://docs.tuflow.com/classic-hpc/manual/2026.0/ECFCommands-1.html#ecfManholeApproach
ECF,Manhole Default C Exit Coefficient,Manhole Default C Exit Coefficient,[ <KCE> | {0.25} ],"Modelers define a default exit coefficient for circular manholes, influencing flow behavior.",Classic and HPC,false,https://docs.tuflow.com/classic-hpc/manual/2026.0/ECFCommands-1.html#ecfManholeDefaultCExitCoefficient
ECF,Manhole Default Loss Approach,Manhole Default Loss Approach,[ NONE | {ENGELUND} | FIXED ],"Modelers define a default loss approach for manholes, influencing the calculation of flow losses.",Classic and HPC,false,https://docs.tuflow.com/classic-hpc/manual/2026.0/ECFCommands-1.html#ecfManholeDefaultLossApproach
ECF,Manhole Default R Exit Coefficient,Manhole Default R Exit Coefficient,[ <KRE> | {0.5} ],"Modelers define a default exit coefficient for rectangular manholes, influencing flow behavior.",Classic and HPC,false,https://docs.tuflow.com/classic-hpc/manual/2026.0/ECFCommands-1.html#ecfManholeDefaultRExitCoefficient
ECF,Manhole Default Side Clearance,Manhole Default Side Clearance,[ <value_m> | {0.3} ],"Modelers define a default side clearance for manholes, influencing their spatial arrangement within the model.",Classic and HPC,false,https://docs.tuflow.com/classic-hpc/manual/2026.0/ECFCommands-1.html#ecfManholeDefaultSideClearance
ECF,Manhole Default Type,Manhole Default Type,[ C | J | R | CR | {CJR} ],Modelers define a default manhole type to automatically generate manholes based on culvert configurations.,Classic and HPC,false,https://docs.tuflow.com/classic-hpc/manual/2026.0/ECFCommands-1.html#ecfManholeDefaultType
ECF,Manhole K Maximum Bend/Drop,Manhole K Maximum Bend/Drop,[ <max_K_bd> | {4.0} ],"Modelers define a maximum K coefficient for bends and drops at manholes, influencing energy loss calculations.",Classic and HPC,false,https://docs.tuflow.com/classic-hpc/manual/2026.0/ECFCommands-1.html#ecfManholeKMaximumBendDrop
ECF,Manhole Minimum Dimension,Manhole Minimum Dimension,[ <min_width_m> | {1.05} ],"Modelers define minimum dimensions for manholes, influencing the model’s geometry and access requirements.",Classic and HPC,false,https://docs.tuflow.com/classic-hpc/manual/2026.0/ECFCommands-1.html#ecfManholeMinimumDimension
ECF,Manholes at All Culvert Junctions,Manholes at All Culvert Junctions,[ {ON} | OFF ],Modelers enable automatic manhole creation at culvert junctions for simplified model setup.,Classic and HPC,false,https://docs.tuflow.com/classic-hpc/manual/2026.0/ECFCommands-1.html#ecfManholesatAllCulvertJunctions
ECF,Maximum Operational Controls,Maximum Operational Controls,[ {1000} | <number_of_operational_channels/control_definitions> ],Modelers define a maximum number of operational control channels for model complexity management.,Classic and HPC,false,https://docs.tuflow.com/classic-hpc/manual/2026.0/ECFCommands-1.html#ecfMaximumOperationalControls
ECF,Minimum Channel Conveyance Length,Minimum Channel Conveyance Length,[ {0} | <length_m> ],"Modelers define a minimum conveyance length for channels, ensuring sufficient hydraulic development.",Classic and HPC,false,https://docs.tuflow.com/classic-hpc/manual/2026.0/ECFCommands-1.html#ecfMinimumChannelConveyanceLength
ECF,Minimum Channel Storage Length,Minimum Channel Storage Length,[ {0} | <length_m> ],"Modelers define a minimum storage length for channels, improving numerical stability in short channels.",Classic and HPC,false,https://docs.tuflow.com/classic-hpc/manual/2026.0/ECFCommands-1.html#ecfMinimumChannelStorageLength
ECF,Minimum NA,Minimum NA,[ {1} | <value> ],"Modelers define a minimum surface area in NA tables to improve stability, especially for nodes with small storages.",Classic and HPC,false,https://docs.tuflow.com/classic-hpc/manual/2026.0/ECFCommands-1.html#ecfMinimumNA
ECF,Minimum NA Pit,Minimum NA Pit,[ {1} | <value> ],Modelers define a minimum surface area for pit channel upstream nodes to improve model stability.,Classic and HPC,false,https://docs.tuflow.com/classic-hpc/manual/2026.0/ECFCommands-1.html#ecfMinimumNAPit
ECF,Momentum Equation,Momentum Equation,[ PRE 2003-08-AD ],Modelers define the effective flow width treatment for backward compatibility with older TUFLOW versions.,Classic and HPC,false,https://docs.tuflow.com/classic-hpc/manual/2026.0/ECFCommands-1.html#ecfMomentumEquation
ECF,Order Output,Order Output,[ {ON} | OFF ],Modelers order 1D model output alphabetically by node and channel IDs for easier analysis.,Classic and HPC,false,https://docs.tuflow.com/classic-hpc/manual/2026.0/ECFCommands-1.html#ecfOrderOutput
ECF,Output Data Types,Output Data Types,[ {H Q S V} | <data_types> ],Modelers specify which 1D data types to output for analysis and reporting.,Classic and HPC,false,https://docs.tuflow.com/classic-hpc/manual/2026.0/ECFCommands-1.html#ecfOutputDataTypes
ECF,Output Folder,Output Folder,[ <folder> ],Modelers define an output folder to redirect ESTRY (1D) data for better organization and management.,Classic and HPC,false,https://docs.tuflow.com/classic-hpc/manual/2026.0/ECFCommands-1.html#ecfOutputFolder
ECF,Output Interval,Output Interval,[ <time> ],Modelers define the frequency of output data for analysis and monitoring.,Classic and HPC,false,https://docs.tuflow.com/classic-hpc/manual/2026.0/ECFCommands-1.html#ecfOutputInterval
ECF,Output Times Same as 2D,Output Times Same as 2D,[ {ON} | OFF ],Modelers synchronize 1D output times with 2D output times for unified analysis and reporting.,Classic and HPC,false,https://docs.tuflow.com/classic-hpc/manual/2026.0/ECFCommands-1.html#ecfOutputTimesSameas2D
ECF,Pit Channel Offset,Pit Channel Offset,[ <length_m> ],Modelers define a display length for pit channels in outputs and check files for improved visualization.,Classic and HPC,false,https://docs.tuflow.com/classic-hpc/manual/2026.0/ECFCommands-1.html#ecfPitChannelOffset
ECF,Pit Default 2D Connection,Pit Default 2D Connection,[ {} | <Conn_1D_2D> ],Modelers define a default connection method for 1D/2D pit channel linkages for simplified model setup.,Classic and HPC,false,https://docs.tuflow.com/classic-hpc/manual/2026.0/ECFCommands-1.html#ecfPitDefault2DConnection
ECF,Pit Default Extrapolate Q Curve,Pit Default Extrapolate Q Curve,[ {ON} | OFF ],Modelers control whether TUFLOW extrapolates depth discharge curves for pit channels to improve flow estimations.,Classic and HPC,false,https://docs.tuflow.com/classic-hpc/manual/2026.0/ECFCommands-1.html#ecfPitDefaultExtrapolateQCurve
ECF,Pit Default Road Crossfall,Pit Default Road Crossfall,[ <slope> ],Modelers define a default road crossfall to improve pit channel depth estimations.,Classic and HPC,false,https://docs.tuflow.com/classic-hpc/manual/2026.0/ECFCommands-1.html#ecfPitDefaultRoadCrossfall
ECF,Pit Inlet Database,Pit Inlet Database,[ <pit_inlet_dbase.csv> ],Modelers specify a pit inlet database file to define depth-discharge curves for Q pit channels.,Classic and HPC,false,https://docs.tuflow.com/classic-hpc/manual/2026.0/ECFCommands-1.html#ecfPitInletDatabase
ECF,Pit Search Distance,Pit Search Distance,[ {0.0} | <psd_m> ],Modelers define a pit search distance to automatically connect pits to the 1D network where they are not snapped to channel ends.,Classic and HPC,false,https://docs.tuflow.com/classic-hpc/manual/2026.0/ECFCommands-1.html#ecfPitSearchDistance
ECF,Read File,Read File,[ <file> ],Modelers redirect input to an external file for easier management of large simulations.,Classic and HPC,false,https://docs.tuflow.com/classic-hpc/manual/2026.0/ECFCommands-1.html#ecfReadFile
ECF,Read GIS BC,Read GIS BC,[ <gis_layer> ],Modelers read boundary conditions from GIS layers for accurate model setup.,Classic and HPC,false,https://docs.tuflow.com/classic-hpc/manual/2026.0/ECFCommands-1.html#ecfReadGISBC
ECF,Read GIS IWL,Read GIS IWL,[ <gis_layer> ],Modelers read initial water level elevations from GIS layers for accurate model initialization.,Classic and HPC,false,https://docs.tuflow.com/classic-hpc/manual/2026.0/ECFCommands-1.html#ecfReadGISIWL
ECF,Read GIS Manhole,Read GIS Manhole,[ <gis_layer> ],Modelers read manhole locations and attributes from GIS layers to override automatically generated manholes.,Classic and HPC,false,https://docs.tuflow.com/classic-hpc/manual/2026.0/ECFCommands-1.html#ecfReadGISManhole
ECF,Read GIS Network,Read GIS Network,[ <gis_layer> ],Modelers read network locations and attributes from GIS layers for accurate model setup.,Classic and HPC,false,https://docs.tuflow.com/classic-hpc/manual/2026.0/ECFCommands-1.html#ecfReadGISNetwork
ECF,Read GIS Node,Read GIS Node,[ <gis_layer> ],"Modelers read node locations and attributes from GIS layers, providing an alternative to reading network data.",Classic and HPC,false,https://docs.tuflow.com/classic-hpc/manual/2026.0/ECFCommands-1.html#ecfReadGISNode
ECF,Read GIS Pits,Read GIS Pits,[ <gis_layer> ],Modelers read virtual pipe locations and attributes from GIS layers for enhanced model definition.,Classic and HPC,false,https://docs.tuflow.com/classic-hpc/manual/2026.0/ECFCommands-1.html#ecfReadGISPits
ECF,Read GIS Table Links,Read GIS Table Links,[ <gis_layer> ],"Modelers read tabular data from GIS layers to define cross-sections, areas, or loss coefficients.",Classic and HPC,false,https://docs.tuflow.com/classic-hpc/manual/2026.0/ECFCommands-1.html#ecfReadGISTableLinks
ECF,Read GIS WLL,Read GIS WLL,[ <gis_layer> ],Modelers read water level lines from GIS layers for defining 1D map output.,Classic and HPC,false,https://docs.tuflow.com/classic-hpc/manual/2026.0/ECFCommands-1.html#ecfReadGISWLL
ECF,Read GIS WLL Points,Read GIS WLL Points,[ <gis_layer> ],Modelers read WLL points from GIS layers for improved velocity and flood hazard mapping.,Classic and HPC,false,https://docs.tuflow.com/classic-hpc/manual/2026.0/ECFCommands-1.html#ecfReadGISWLLPoints
ECF,Read Operating Controls File,Read Operating Controls File,[ <.toc_filename> ],Modelers read operating control files to define hydraulic structure operation rules.,Classic and HPC,false,https://docs.tuflow.com/classic-hpc/manual/2026.0/ECFCommands-1.html#ecfReadOperatingControlsFile
ECF,S Channel Approach,S Channel Approach,[ PRE 2004-06-AA | METHOD A | {METHOD B} ],"Modelers define the channel approach method for S channels, influencing flow calculations, especially in adverse conditions.",Classic and HPC,false,https://docs.tuflow.com/classic-hpc/manual/2026.0/ECFCommands-1.html#ecfSChannelApproach
ECF,Set IWL,Set IWL,[ <IWL> ],"Modelers set initial water levels at all nodes using a specified value, overriding any GIS layer data.",Classic and HPC,false,https://docs.tuflow.com/classic-hpc/manual/2026.0/ECFCommands-1.html#ecfSetIWL
ECF,Spatial Database,Spatial Database,[ OFF | TCF ],"Modelers enable or disable spatial database usage for GeoPackage inputs, controlling data access.",Classic and HPC,false,https://docs.tuflow.com/classic-hpc/manual/2026.0/ECFCommands-1.html#ecfSpatialDatabase
ECF,Start Output,Start Output,[ <time_in_hours> ],"Modelers specify the simulation start time for output, using a specified number of hours.",Classic and HPC,false,https://docs.tuflow.com/classic-hpc/manual/2026.0/ECFCommands-1.html#ecfStartOutput
ECF,Storage Above Structure Obvert,Storage Above Structure Obvert,[ CHANNEL WIDTH | <value> | {5} ],"Modelers define storage contributions above channel obverts, influencing model stability and accuracy.",Classic and HPC,false,https://docs.tuflow.com/classic-hpc/manual/2026.0/ECFCommands-1.html#ecfStorageAboveStructureObvert
ECF,Structure Flow Levels,Structure Flow Levels,[ {ENERGY} | WATER | ENERGY UPSTREAM ],"Modelers define flow level calculations for structures, specifying whether to use energy or water surface levels.",Classic and HPC,false,https://docs.tuflow.com/classic-hpc/manual/2026.0/ECFCommands-1.html#ecfStructureFlowLevels
ECF,Structure Losses,Structure Losses,[ {ADJUST EXCEPT BG TABLE} | ADJUST | FIX ],"Modelers adjust structure entrance/exit losses based on approach/departure velocities, overriding defaults with specific flags.",Classic and HPC,false,https://docs.tuflow.com/classic-hpc/manual/2026.0/ECFCommands-1.html#ecfStructureLosses
ECF,Structure Losses Approach,Structure Losses Approach,[ METHOD A | {METHOD B} ],"Modelers specify the approach loss calculation method for structures, using either the original or an enhanced routine.",Classic and HPC,false,https://docs.tuflow.com/classic-hpc/manual/2026.0/ECFCommands-1.html#ecfStructureLossesApproach
ECF,Structure Losses SX,Structure Losses SX,[ ADJUST | ADJUST SKEW | {FIX} ],"Modelers adjust structure losses at 1D/2D SX connections, with options for fixed losses or adjustment based on velocity/skew angle.",Classic and HPC,false,https://docs.tuflow.com/classic-hpc/manual/2026.0/ECFCommands-1.html#ecfStructureLossesSX
ECF,Structure Routines,Structure Routines,[ ORIGINAL | {2013} ],"Modelers specify which structure routines to use, allowing access to older or newer structure definitions.",Classic and HPC,false,https://docs.tuflow.com/classic-hpc/manual/2026.0/ECFCommands-1.html#ecfStructureRoutines
ECF,Taper Closed NA Table,Taper Closed NA Table,[ {ON} | OFF ],Modelers control tapered surface area reduction for closed channel nodes to improve model stability.,Classic and HPC,false,https://docs.tuflow.com/classic-hpc/manual/2026.0/ECFCommands-1.html#ecfTaperClosedNATable
ECF,Timestep,Timestep,[ <timestep_in_seconds> ],"Modelers define the simulation timestep in seconds, influencing computational accuracy and stability.",Classic and HPC,false,https://docs.tuflow.com/classic-hpc/manual/2026.0/ECFCommands-1.html#ecfTimestep
ECF,Trim XZ Profiles,Trim XZ Profiles,[ ON | {OFF} ],Modelers enable trimming of XZ profiles from Flood Modeller files for improved compatibility and consistent treatment at profile ends.,Classic and HPC,false,https://docs.tuflow.com/classic-hpc/manual/2026.0/ECFCommands-1.html#ecfTrimXZProfiles
ECF,Vel Rate Creep Factor,Vel Rate Creep Factor,[ <value> | {1.2} ],"Modelers define the rate of change for the velocity rate limit, typically left at its default value.",Classic and HPC,false,https://docs.tuflow.com/classic-hpc/manual/2026.0/ECFCommands-1.html#ecfVelRateCreepFactor
ECF,Vel Rate Limit,Vel Rate Limit,[ <vrl> | {0.2} ],"Modelers define the velocity rate limit for structures, rarely needing to alter the default value of 0.2.",Classic and HPC,false,https://docs.tuflow.com/classic-hpc/manual/2026.0/ECFCommands-1.html#ecfVelRateLimit
ECF,Vel Rate Limit Minimum,Vel Rate Limit Minimum,[ <vrlmin> | {0.0001} ],"Modelers define the minimum velocity rate limit allowed for structures, rarely changing from the default value.",Classic and HPC,false,https://docs.tuflow.com/classic-hpc/manual/2026.0/ECFCommands-1.html#ecfVelRateLimitMinimum
ECF,Weir Approach,Weir Approach,[ {Method A} | Method B ],"Modelers specify the approach method for calculating submerged flow over weirs, with Method A being the default.",Classic and HPC,false,https://docs.tuflow.com/classic-hpc/manual/2026.0/ECFCommands-1.html#ecfWeirApproach
ECF,Weir Flow,Weir Flow,[ Method A | Method B | {Method C} ],"Modelers specify a weir flow calculation method, using Method A as the default for improved stability and accuracy.",Classic and HPC,false,https://docs.tuflow.com/classic-hpc/manual/2026.0/ECFCommands-1.html#ecfWeirFlow
ECF,WLL Approach,WLL Approach,[ Method A | {Method B} ],"Modelers define the approach for incorporating 1D output into GIS and SMS output, with Method B being the default.",Classic and HPC,false,https://docs.tuflow.com/classic-hpc/manual/2026.0/ECFCommands-1.html#ecfWLLApproach
ECF,WLL Automatic,WLL Automatic,[ CULVERTS | {OFF} ],"Modelers enable automatic generation of 1D WLLs along culverts, saving digitization time for pipe models.",Classic and HPC,false,https://docs.tuflow.com/classic-hpc/manual/2026.0/ECFCommands-1.html#ecfWLLAutomatic
ECF,WLL No Weirs,WLL No Weirs,[ ON | {OFF} ],"Modelers prevent WLL assignment to weir channels when modeling flow in parallel with B, C, or R channels.",Classic and HPC,false,https://docs.tuflow.com/classic-hpc/manual/2026.0/ECFCommands-1.html#ecfWLLNoWeirs
ECF,WLL Vertical Offset,WLL Vertical Offset,[ <dZ> | {10} ],Modelers adjust the vertical position of WLL elevations in the mesh for better visualization.,Classic and HPC,false,https://docs.tuflow.com/classic-hpc/manual/2026.0/ECFCommands-1.html#ecfWLLVerticalOffset
ECF,WLLp Interpolate Bed,WLLp Interpolate Bed,[ {ON} | OFF ],Modelers align WLL center points with the channel bed for accurate profile plots and improved visualization.,Classic and HPC,false,https://docs.tuflow.com/classic-hpc/manual/2026.0/ECFCommands-1.html#ecfWLLpInterpolateBed
ECF,Write Check Files Exclude,Write Check Files [ Exclude | Include | None | ALL ],[ <prefix_list_or_file_prefix> ],Modelers generate GIS and text check files for model data validation and quality control.,Classic and HPC,false,https://docs.tuflow.com/classic-hpc/manual/2026.0/ECFCommands-1.html#ecfWriteCheckFiles
ECF,Write Check Files Include,Write Check Files [ Exclude | Include | None | ALL ],[ <prefix_list_or_file_prefix> ],Modelers generate GIS and text check files for model data validation and quality control.,Classic and HPC,false,https://docs.tuflow.com/classic-hpc/manual/2026.0/ECFCommands-1.html#ecfWriteCheckFiles
ECF,Write Check Files None,Write Check Files [ Exclude | Include | None | ALL ],[ <prefix_list_or_file_prefix> ],Modelers generate GIS and text check files for model data validation and quality control.,Classic and HPC,false,https://docs.tuflow.com/classic-hpc/manual/2026.0/ECFCommands-1.html#ecfWriteCheckFiles
ECF,Write Check Files ALL,Write Check Files [ Exclude | Include | None | ALL ],[ <prefix_list_or_file_prefix> ],Modelers generate GIS and text check files for model data validation and quality control.,Classic and HPC,false,https://docs.tuflow.com/classic-hpc/manual/2026.0/ECFCommands-1.html#ecfWriteCheckFiles
ECF,XS Database,XS Database,[ <file> ],Modelers set the active cross-section database file (Flood Modeller or MIKE 11) before reading GIS network data.,Classic and HPC,false,https://docs.tuflow.com/classic-hpc/manual/2026.0/ECFCommands-1.html#ecfXSDatabase
ECF,AD Approach,AD Approach,[ METHOD A | {METHOD B} ],Modellers choose between Method A (concentration at entrance) and Method B (tracer equation) for advection dispersion in 1D channels.,Classic and HPC,false,https://docs.tuflow.com/classic-hpc/manual/2026.0/ECFCommands-1.html#ecfADApproach
ECF,Overlapping SX HX Boundary,Overlapping SX HX Boundary,[ CHECK | {ERROR} ],Modelers can choose to check or flag errors when a 1D node is connected to both SX and HX boundaries during pre-processing.,Classic and HPC,false,https://docs.tuflow.com/classic-hpc/manual/2026.0/ECFCommands-1.html#ecfOverlappingSXHXBoundary
ECF,Apply All Inverts,Apply All Inverts,[ {ON} | OFF ],"Modelers apply inverts to channels to ensure correct hydraulic calculations, particularly when upgrading older models.",Classic and HPC,false,https://docs.tuflow.com/classic-hpc/manual/2026.0/ECFCommands-1.html#ecfApplyAllInverts
ECF,BC Event Source,BC Event Source,[ <bc_event_text> | <bc_event_name> ],Modelers define event sources for boundary conditions in 1D TUFLOW models to manage multiple events.,Classic and HPC,false,https://docs.tuflow.com/classic-hpc/manual/2026.0/ECFCommands-1.html#ecfBCEventSource
ECF,If Scenario,If Scenario,[ <s1> | <s2> | <s3> | … ],Modelers specify scenarios to control which commands are processed during the simulation.,Classic and HPC,false,https://docs.tuflow.com/classic-hpc/manual/2026.0/ECFCommands-1.html#ecfIfScenario
ECF,If Event,If Event,[ <e1> | <e2> | <e3> | … ],Modelers specify events to control which commands are processed during the simulation.,Classic and HPC,false,https://docs.tuflow.com/classic-hpc/manual/2026.0/ECFCommands-1.html#ecfIfEvent
ECF,1D Node Invert Approach,1D Node Invert Approach,[ {Method A} | Method B ],Modelers choose how to determine the bottom elevation of the NA table when using 1D node inverts for improved accuracy.,Classic and HPC,false,https://docs.tuflow.com/classic-hpc/manual/2026.0/ECFCommands-1.html#ecf1DNodeInvertApproach
TGC,12DA Read Approach,12DA Read Approach,[ Method A | {Method B} ],"Modelers select the method to read 12DA files, with Method B (default) supporting super TINs.",Classic and HPC,false,https://docs.tuflow.com/classic-hpc/manual/2026.0/TGCCommands-1.html#tgc12DAReadApproach
TGC,Allow Dangling Z Lines,Allow Dangling Z Lines,[ ON | {OFF} ],Modelers can allow dangling breaklines when reading GIS Z lines to assign elevations to unmatched ends.,Classic and HPC,true,https://docs.tuflow.com/classic-hpc/manual/2026.0/TGCCommands-1.html#tgcAllowDanglingZLines
TGC,Cell Size,Cell Size,[ <value> ],Modelers define the grid cell size in meters (or feet) for controlling the spatial resolution of the model.,Classic and HPC,false,https://docs.tuflow.com/classic-hpc/manual/2026.0/TGCCommands-1.html#tgcCellSize
TGC,Create TIN Zpts XF ON,Create TIN Zpts [ {} | WRITE TIN ] [ XF ON | XF OFF ],[ <gis_layer> ],Modelers create TINs from GIS layers to define elevations for 3D modeling and visualization.,Classic and HPC,false,https://docs.tuflow.com/classic-hpc/manual/2026.0/TGCCommands-1.html#tgcCreateTINZpts
TGC,Create TIN Zpts XF OFF,Create TIN Zpts [ {} | WRITE TIN ] [ XF ON | XF OFF ],[ <gis_layer> ],Modelers create TINs from GIS layers to define elevations for 3D modeling and visualization.,Classic and HPC,false,https://docs.tuflow.com/classic-hpc/manual/2026.0/TGCCommands-1.html#tgcCreateTINZpts
TGC,Create TIN Zpts WRITE TIN XF ON,Create TIN Zpts [ {} | WRITE TIN ] [ XF ON | XF OFF ],[ <gis_layer> ],Modelers create TINs from GIS layers to define elevations for 3D modeling and visualization.,Classic and HPC,false,https://docs.tuflow.com/classic-hpc/manual/2026.0/TGCCommands-1.html#tgcCreateTINZpts
TGC,Create TIN Zpts WRITE TIN XF OFF,Create TIN Zpts [ {} | WRITE TIN ] [ XF ON | XF OFF ],[ <gis_layer> ],Modelers create TINs from GIS layers to define elevations for 3D modeling and visualization.,Classic and HPC,false,https://docs.tuflow.com/classic-hpc/manual/2026.0/TGCCommands-1.html#tgcCreateTINZpts
TGC,Default Land Z,Default Land Z,[ <elevation> ],Modelers define default land elevations for Zpts that haven't been specifically assigned.,Classic and HPC,false,https://docs.tuflow.com/classic-hpc/manual/2026.0/TGCCommands-1.html#tgcDefaultLandZ
TGC,Grid Approach,Grid Approach,[ Method A | {Method B} ],"Modelers choose a method for assigning elevations to Zpts based on DEM grid boundaries, improving numerical stability.",Classic and HPC,false,https://docs.tuflow.com/classic-hpc/manual/2026.0/TGCCommands-1.html#tgcGridApproach
TGC,"Grid Size (N,M)","Grid Size (N,M)","[ <rows>, <columns> ]","Modelers specify the grid dimensions (rows, columns) for controlling the spatial resolution of the model.",Classic and HPC,false,https://docs.tuflow.com/classic-hpc/manual/2026.0/TGCCommands-1.html#tgcGridSizeNM
TGC,"Grid Size (X,Y)","Grid Size (X,Y)","[ <X_length>, <Y_length> ]","Modelers specify grid dimensions by defining the length along the X and Y axes, controlling spatial resolution.",Classic and HPC,false,https://docs.tuflow.com/classic-hpc/manual/2026.0/TGCCommands-1.html#tgcGridSizeXY
TGC,If Scenario,If Scenario,[ <s1> | <s2> | <s3> | … ],Modelers define scenarios to select which commands are executed during the simulation.,Classic and HPC,false,https://docs.tuflow.com/classic-hpc/manual/2026.0/TGCCommands-1.html#tgcIfScenario
TGC,Interpolate ZC,Interpolate ZC [ {} | ALL ] [ {} | LOWER ],,"Modelers interpolate missing ZC elevations, using various methods to smooth topography and improve flow paths.",Classic and HPC,false,https://docs.tuflow.com/classic-hpc/manual/2026.0/TGCCommands-1.html#tgcInterpolateZC
TGC,Interpolate ZC LOWER,Interpolate ZC [ {} | ALL ] [ {} | LOWER ],,"Modelers interpolate missing ZC elevations, using various methods to smooth topography and improve flow paths.",Classic and HPC,false,https://docs.tuflow.com/classic-hpc/manual/2026.0/TGCCommands-1.html#tgcInterpolateZC
TGC,Interpolate ZC ALL,Interpolate ZC [ {} | ALL ] [ {} | LOWER ],,"Modelers interpolate missing ZC elevations, using various methods to smooth topography and improve flow paths.",Classic and HPC,false,https://docs.tuflow.com/classic-hpc/manual/2026.0/TGCCommands-1.html#tgcInterpolateZC
TGC,Interpolate ZC ALL LOWER,Interpolate ZC [ {} | ALL ] [ {} | LOWER ],,"Modelers interpolate missing ZC elevations, using various methods to smooth topography and improve flow paths.",Classic and HPC,false,https://docs.tuflow.com/classic-hpc/manual/2026.0/TGCCommands-1.html#tgcInterpolateZC
TGC,Interpolate ZHC,Interpolate ZHC [ {} | ALL ],,Modelers interpolate missing ZH and ZC elevations using linear interpolation for smoother topography.,Classic and HPC,false,https://docs.tuflow.com/classic-hpc/manual/2026.0/TGCCommands-1.html#tgcInterpolateZHC
TGC,Interpolate ZHC ALL,Interpolate ZHC [ {} | ALL ],,Modelers interpolate missing ZH and ZC elevations using linear interpolation for smoother topography.,Classic and HPC,false,https://docs.tuflow.com/classic-hpc/manual/2026.0/TGCCommands-1.html#tgcInterpolateZHC
TGC,Interpolate ZUV,Interpolate ZUV [ {} | ALL ] [ {} | MAX ],,"Modelers interpolate missing ZU and ZV elevations, using linear interpolation or maximum values, for smoother side topography.",Classic and HPC,false,https://docs.tuflow.com/classic-hpc/manual/2026.0/TGCCommands-1.html#tgcInterpolateZUV
TGC,Interpolate ZUV MAX,Interpolate ZUV [ {} | ALL ] [ {} | MAX ],,"Modelers interpolate missing ZU and ZV elevations, using linear interpolation or maximum values, for smoother side topography.",Classic and HPC,false,https://docs.tuflow.com/classic-hpc/manual/2026.0/TGCCommands-1.html#tgcInterpolateZUV
TGC,Interpolate ZUV ALL,Interpolate ZUV [ {} | ALL ] [ {} | MAX ],,"Modelers interpolate missing ZU and ZV elevations, using linear interpolation or maximum values, for smoother side topography.",Classic and HPC,false,https://docs.tuflow.com/classic-hpc/manual/2026.0/TGCCommands-1.html#tgcInterpolateZUV
TGC,Interpolate ZUV ALL MAX,Interpolate ZUV [ {} | ALL ] [ {} | MAX ],,"Modelers interpolate missing ZU and ZV elevations, using linear interpolation or maximum values, for smoother side topography.",Classic and HPC,false,https://docs.tuflow.com/classic-hpc/manual/2026.0/TGCCommands-1.html#tgcInterpolateZUV
TGC,Interpolate ZUVC,Interpolate ZUVC [ {} | ALL ],,"Modelers interpolate missing ZC, ZU, and ZV elevations, using ZH values to create smoother topography.",Classic and HPC,false,https://docs.tuflow.com/classic-hpc/manual/2026.0/TGCCommands-1.html#tgcInterpolateZUVC
TGC,Interpolate ZUVC ALL,Interpolate ZUVC [ {} | ALL ],,"Modelers interpolate missing ZC, ZU, and ZV elevations, using ZH values to create smoother topography.",Classic and HPC,false,https://docs.tuflow.com/classic-hpc/manual/2026.0/TGCCommands-1.html#tgcInterpolateZUVC
TGC,Interpolate ZUVH,Interpolate ZUVH [ {} | ALL ] [ {} | MAX ],,"Modellers interpolate missing elevations (ZH, ZU, ZV) using neighbouring cell values, useful for converting MIKE 21 models.",Classic and HPC,false,https://docs.tuflow.com/classic-hpc/manual/2026.0/TGCCommands-1.html#tgcInterpolateZUVH
TGC,Interpolate ZUVH MAX,Interpolate ZUVH [ {} | ALL ] [ {} | MAX ],,"Modellers interpolate missing elevations (ZH, ZU, ZV) using neighbouring cell values, useful for converting MIKE 21 models.",Classic and HPC,false,https://docs.tuflow.com/classic-hpc/manual/2026.0/TGCCommands-1.html#tgcInterpolateZUVH
TGC,Interpolate ZUVH ALL,Interpolate ZUVH [ {} | ALL ] [ {} | MAX ],,"Modellers interpolate missing elevations (ZH, ZU, ZV) using neighbouring cell values, useful for converting MIKE 21 models.",Classic and HPC,false,https://docs.tuflow.com/classic-hpc/manual/2026.0/TGCCommands-1.html#tgcInterpolateZUVH
TGC,Interpolate ZUVH ALL MAX,Interpolate ZUVH [ {} | ALL ] [ {} | MAX ],,"Modellers interpolate missing elevations (ZH, ZU, ZV) using neighbouring cell values, useful for converting MIKE 21 models.",Classic and HPC,false,https://docs.tuflow.com/classic-hpc/manual/2026.0/TGCCommands-1.html#tgcInterpolateZUVH
TGC,Orientation,Orientation,"[ <XX>, <YX> ]",Modelers specify the geographical orientation of the grid by defining a reference point on the bottom edge.,Classic and HPC,false,https://docs.tuflow.com/classic-hpc/manual/2026.0/TGCCommands-1.html#tgcOrientation
TGC,Orientation Angle,Orientation Angle,[ <angle> ],Modelers set the geographical grid orientation using an angle relative to east.,Classic and HPC,false,https://docs.tuflow.com/classic-hpc/manual/2026.0/TGCCommands-1.html#tgcOrientationAngle
TGC,Origin,Origin,"[ <OX>, <OY> ]",Modelers define the geographical origin of the grid using X and Y coordinates.,Classic and HPC,false,https://docs.tuflow.com/classic-hpc/manual/2026.0/TGCCommands-1.html#tgcOrigin
TGC,Pause When Polyline Does Not Find Zpt,Pause When Polyline Does Not Find Zpt,[ ON | {OFF} ],"Modelers can pause simulation when breaklines don't find Zpts, allowing manual intervention for disconnected lines.",Classic and HPC,true,https://docs.tuflow.com/classic-hpc/manual/2026.0/TGCCommands-1.html#tgcPauseWhenPolylineDoesNotFindZpt
TGC,Read File,Read File,[ <file> ],"Modelers direct input from external files, enabling modular project management and reducing redundancy in complex workflows.",Classic and HPC,false,https://docs.tuflow.com/classic-hpc/manual/2026.0/TGCCommands-1.html#tgcReadFile
TGC,Read GIS BG Shape,Read GIS BG Shape,[ <gis_layer> ],Modelers define bridge objects from GIS layers to constrict flow across 2D cell sides.,Classic and HPC,false,https://docs.tuflow.com/classic-hpc/manual/2026.0/TGCCommands-1.html#tgcReadGISBGShape
TGC,Read GIS CnM,Read GIS CnM,[ <gis_layer> ],Modelers define bed resistance values using GIS layers for controlling flow characteristics across the domain.,Classic and HPC,true,https://docs.tuflow.com/classic-hpc/manual/2026.0/TGCCommands-1.html#tgcReadGISCnM
TGC,Read GIS Code,Read GIS Code [ {} | BC | Invert | BC Invert ],[ <gis_layer> ],"Modelers define cell codes using GIS layers, specifying active/inactive cells and boundary conditions for domain control.",Classic and HPC,false,https://docs.tuflow.com/classic-hpc/manual/2026.0/TGCCommands-1.html#tgcReadGISCode
TGC,Read GIS Code BC,Read GIS Code [ {} | BC | Invert | BC Invert ],[ <gis_layer> ],"Modelers define cell codes using GIS layers, specifying active/inactive cells and boundary conditions for domain control.",Classic and HPC,false,https://docs.tuflow.com/classic-hpc/manual/2026.0/TGCCommands-1.html#tgcReadGISCode
TGC,Read GIS Code Invert,Read GIS Code [ {} | BC | Invert | BC Invert ],[ <gis_layer> ],"Modelers define cell codes using GIS layers, specifying active/inactive cells and boundary conditions for domain control.",Classic and HPC,false,https://docs.tuflow.com/classic-hpc/manual/2026.0/TGCCommands-1.html#tgcReadGISCode
TGC,Read GIS Code BC Invert,Read GIS Code [ {} | BC | Invert | BC Invert ],[ <gis_layer> ],"Modelers define cell codes using GIS layers, specifying active/inactive cells and boundary conditions for domain control.",Classic and HPC,false,https://docs.tuflow.com/classic-hpc/manual/2026.0/TGCCommands-1.html#tgcReadGISCode
TGC,Read GIS CWF,Read GIS CWF,[ <gis_layer> ],"Modelers define cell flow widths using GIS layers, controlling flow distribution across the domain.",Classic and HPC,false,https://docs.tuflow.com/classic-hpc/manual/2026.0/TGCCommands-1.html#tgcReadGISCWF
TGC,Read GIS FC Shape,Read GIS FC Shape [ {} | Write TIN ],[ <gis_layer> ],Modelers define flow constrictions using GIS layers to control flow paths within the domain.,Classic,true,https://docs.tuflow.com/classic-hpc/manual/2026.0/TGCCommands-1.html#tgcReadGISFCShape
TGC,Read GIS FC Shape Write TIN,Read GIS FC Shape [ {} | Write TIN ],[ <gis_layer> ],Modelers define flow constrictions using GIS layers to control flow paths within the domain.,Classic,true,https://docs.tuflow.com/classic-hpc/manual/2026.0/TGCCommands-1.html#tgcReadGISFCShape
TGC,Read GIS FLC,Read GIS FLC,[ <gis_layer> ],Modelers define form loss attributes using GIS layers to control energy losses within the domain.,Classic and HPC,false,https://docs.tuflow.com/classic-hpc/manual/2026.0/TGCCommands-1.html#tgcReadGISFLC
TGC,Read GIS FLC/L,Read GIS FLC/L,[ <gis_layer> ],Modelers apply form loss per unit length to cells using GIS layers for consistent energy loss control.,Classic and HPC,false,https://docs.tuflow.com/classic-hpc/manual/2026.0/TGCCommands-1.html#tgcReadGISFLCL
TGC,Read GIS FRIC,Read GIS FRIC,[ <gis_layer> ],Modelers define ripple height using GIS layers to control wave characteristics within the domain.,Classic Only,false,https://docs.tuflow.com/classic-hpc/manual/2026.0/TGCCommands-1.html#tgcReadGISFRIC
TGC,Read GIS GWD,Read GIS GWD,[ <gis_layer> ],"Modelers define groundwater depth using GIS layers, specifying the depth for groundwater flow calculations.",Classic and HPC,true,https://docs.tuflow.com/classic-hpc/manual/2026.0/TGCCommands-1.html#tgcReadGISGWD
TGC,Read GIS GWL,Read GIS GWL,[ <gis_layer> ],Modelers define groundwater level using GIS layers to specify water table elevations for groundwater flow simulations.,Classic and HPC,true,https://docs.tuflow.com/classic-hpc/manual/2026.0/TGCCommands-1.html#tgcReadGISGWL
TGC,"Read GIS IGW Conc Layer N1,N2,..N Tracer M1,M2,..M","Read GIS IGW Conc Layer N1,N2,..N Tracer M1,M2,..M",[ <gis_layer> ],Modelers define initial tracer concentrations in groundwater layers using GIS layers for initializing groundwater flow simulations.,HPC Only,false,https://docs.tuflow.com/classic-hpc/manual/2026.0/TGCCommands-1.html#tgcReadGISIGWConc
TGC,Read GIS IGW Depth,Read GIS IGW Depth [ {} | <Layer N> ],[ <gis_layer> ],Modelers define initial groundwater depths in subsurface layers using GIS layers for initializing groundwater flow simulations.,Classic and HPC,false,https://docs.tuflow.com/classic-hpc/manual/2026.0/TGCCommands-1.html#tgcReadGISIGWDepth
TGC,Read GIS IGW Depth <Layer N>,Read GIS IGW Depth [ {} | <Layer N> ],[ <gis_layer> ],Modelers define initial groundwater depths in subsurface layers using GIS layers for initializing groundwater flow simulations.,Classic and HPC,false,https://docs.tuflow.com/classic-hpc/manual/2026.0/TGCCommands-1.html#tgcReadGISIGWDepth
TGC,Read GIS IGW Level,Read GIS IGW Level [ {} | <Layer N> ],[ <gis_layer> ],Modelers define initial water levels in subsurface layers using GIS layers for initializing groundwater flow simulations.,Classic and HPC,false,https://docs.tuflow.com/classic-hpc/manual/2026.0/TGCCommands-1.html#tgcReadGISIGWLevel
TGC,Read GIS IGW Level <Layer N>,Read GIS IGW Level [ {} | <Layer N> ],[ <gis_layer> ],Modelers define initial water levels in subsurface layers using GIS layers for initializing groundwater flow simulations.,Classic and HPC,false,https://docs.tuflow.com/classic-hpc/manual/2026.0/TGCCommands-1.html#tgcReadGISIGWLevel
TGC,Read GIS IWL,Read GIS IWL,[ <gis_layer> ],Modellers read initial water levels from a GIS layer to set the starting water conditions for their TUFLOW simulations.,Classic and HPC,false,https://docs.tuflow.com/classic-hpc/manual/2026.0/TGCCommands-1.html#tgcReadGISIWL
TGC,Read GIS Layered FC Shape,Read GIS Layered FC Shape [ {} | Write TIN ],[ <gis_layer> ],"Modelers use this command to model obstructions like bridges by varying flow constrictions with height, improving simulation accuracy.",Classic and HPC,false,https://docs.tuflow.com/classic-hpc/manual/2026.0/TGCCommands-1.html#tgcReadGISLayeredFCShape
TGC,Read GIS Layered FC Shape Write TIN,Read GIS Layered FC Shape [ {} | Write TIN ],[ <gis_layer> ],"Modelers use this command to model obstructions like bridges by varying flow constrictions with height, improving simulation accuracy.",Classic and HPC,false,https://docs.tuflow.com/classic-hpc/manual/2026.0/TGCCommands-1.html#tgcReadGISLayeredFCShape
TGC,Read GIS Location,Read GIS Location,[ <gis_layer> ],"Modelers set grid origin and orientation based on GIS data, using the first line or region to define grid boundaries.",Classic and HPC,false,https://docs.tuflow.com/classic-hpc/manual/2026.0/TGCCommands-1.html#tgcReadGISLocation
TGC,Read GIS Mat,Read GIS Mat,[ <gis_layer> ],"Modelers set material IDs using GIS data for improved flow modeling, especially where Manning's n values vary significantly.",Classic and HPC,false,https://docs.tuflow.com/classic-hpc/manual/2026.0/TGCCommands-1.html#tgcReadGISMat
TGC,Read GIS Objects RECORD GAUGE DATA,Read GIS Objects [ RECORD GAUGE DATA [ {} | USE ZC | ZPTS ] ],[ <gis_layer> ],"Modelers record flood levels at specific receptors based on GIS data, allowing for detailed property-level flood analysis.",Classic and HPC,false,https://docs.tuflow.com/classic-hpc/manual/2026.0/TGCCommands-1.html#tgcReadGISObjects
TGC,Read GIS Objects RECORD GAUGE DATA USE ZC,Read GIS Objects [ RECORD GAUGE DATA [ {} | USE ZC | ZPTS ] ],[ <gis_layer> ],"Modelers record flood levels at specific receptors based on GIS data, allowing for detailed property-level flood analysis.",Classic and HPC,false,https://docs.tuflow.com/classic-hpc/manual/2026.0/TGCCommands-1.html#tgcReadGISObjects
TGC,Read GIS Objects RECORD GAUGE DATA ZPTS,Read GIS Objects [ RECORD GAUGE DATA [ {} | USE ZC | ZPTS ] ],[ <gis_layer> ],"Modelers record flood levels at specific receptors based on GIS data, allowing for detailed property-level flood analysis.",Classic and HPC,false,https://docs.tuflow.com/classic-hpc/manual/2026.0/TGCCommands-1.html#tgcReadGISObjects
TGC,Read GIS Soil,Read GIS Soil [ {} | <Layer N> ],[ <gis_layer> ],"Modelers set soil types using GIS data, allowing for accurate representation of subsurface conditions in groundwater flow simulations.",Classic and HPC,false,https://docs.tuflow.com/classic-hpc/manual/2026.0/TGCCommands-1.html#tgcReadGISSoil
TGC,Read GIS Soil <Layer N>,Read GIS Soil [ {} | <Layer N> ],[ <gis_layer> ],"Modelers set soil types using GIS data, allowing for accurate representation of subsurface conditions in groundwater flow simulations.",Classic and HPC,false,https://docs.tuflow.com/classic-hpc/manual/2026.0/TGCCommands-1.html#tgcReadGISSoil
TGC,Read GIS Soil Base Elevation,Read GIS Soil Base Elevation [ {} | <Layer N> ],[ <gis_layer> ],"Modelers set subsurface base elevations using GIS data, providing accurate groundwater flow boundary conditions.",Classic and HPC,false,https://docs.tuflow.com/classic-hpc/manual/2026.0/TGCCommands-1.html#tgcReadGISSoilBaseElevation
TGC,Read GIS Soil Base Elevation <Layer N>,Read GIS Soil Base Elevation [ {} | <Layer N> ],[ <gis_layer> ],"Modelers set subsurface base elevations using GIS data, providing accurate groundwater flow boundary conditions.",Classic and HPC,false,https://docs.tuflow.com/classic-hpc/manual/2026.0/TGCCommands-1.html#tgcReadGISSoilBaseElevation
TGC,Read GIS Soil Thickness,Read GIS Soil Thickness [ {} | <Layer N> ],[ <gis_layer> ],"Modelers set subsurface soil thicknesses using GIS data, defining the vertical extent of groundwater layers.",Classic and HPC,false,https://docs.tuflow.com/classic-hpc/manual/2026.0/TGCCommands-1.html#tgcReadGISSoilThickness
TGC,Read GIS Soil Thickness <Layer N>,Read GIS Soil Thickness [ {} | <Layer N> ],[ <gis_layer> ],"Modelers set subsurface soil thicknesses using GIS data, defining the vertical extent of groundwater layers.",Classic and HPC,false,https://docs.tuflow.com/classic-hpc/manual/2026.0/TGCCommands-1.html#tgcReadGISSoilThickness
TGC,Read GIS SRF,Read GIS SRF,[ <gis_layer> ],Modelers adjust storage reduction factors using GIS data to simulate changes in subsurface storage conditions.,Classic and HPC,false,https://docs.tuflow.com/classic-hpc/manual/2026.0/TGCCommands-1.html#tgcReadGISSRF
TGC,Read GIS Variable Z Shape XF ON,Read GIS Variable Z Shape [ XF ON | XF OFF | Write TIN ],[ <gis_layer> ],"Modelers define the final 3D shape of groundwater elevations using GIS data, allowing for realistic simulation of topographic changes.",Classic and HPC,false,https://docs.tuflow.com/classic-hpc/manual/2026.0/TGCCommands-1.html#tgcReadGISVariableZShape
TGC,Read GIS Variable Z Shape XF OFF,Read GIS Variable Z Shape [ XF ON | XF OFF | Write TIN ],[ <gis_layer> ],"Modelers define the final 3D shape of groundwater elevations using GIS data, allowing for realistic simulation of topographic changes.",Classic and HPC,false,https://docs.tuflow.com/classic-hpc/manual/2026.0/TGCCommands-1.html#tgcReadGISVariableZShape
TGC,Read GIS Variable Z Shape Write TIN,Read GIS Variable Z Shape [ XF ON | XF OFF | Write TIN ],[ <gis_layer> ],"Modelers define the final 3D shape of groundwater elevations using GIS data, allowing for realistic simulation of topographic changes.",Classic and HPC,false,https://docs.tuflow.com/classic-hpc/manual/2026.0/TGCCommands-1.html#tgcReadGISVariableZShape
TGC,Read GIS WrF,Read GIS WrF,[ <gis_layer> ],"Modelers apply weir factors to cell faces based on GIS data, accurately representing flow behavior at weirs and other obstructions.",Classic and HPC,false,https://docs.tuflow.com/classic-hpc/manual/2026.0/TGCCommands-1.html#tgcReadGISWrF
TGC,Read GIS Z HX Line,Read GIS Z HX Line [ {} | RIDGE or MAX or RAISE ],[ <gis_layer> ],"Modelers define cell elevations along HX lines using GIS data, enabling precise topographic representation in groundwater models.",Classic and HPC,false,https://docs.tuflow.com/classic-hpc/manual/2026.0/TGCCommands-1.html#tgcReadGISZHXLine
TGC,Read GIS Z HX Line RIDGE or MAX or RAISE,Read GIS Z HX Line [ {} | RIDGE or MAX or RAISE ],[ <gis_layer> ],"Modelers define cell elevations along HX lines using GIS data, enabling precise topographic representation in groundwater models.",Classic and HPC,false,https://docs.tuflow.com/classic-hpc/manual/2026.0/TGCCommands-1.html#tgcReadGISZHXLine
TGC,Read GIS Z Line,Read GIS Z Line,[ <gis_layer> ],"Modelers define breaklines for topographic representation using GIS data, enabling precise elevation control in groundwater models.",Classic and HPC,true,https://docs.tuflow.com/classic-hpc/manual/2026.0/TGCCommands-1.html#tgcReadGISZLine
TGC,Read GIS Z Shape XF ON,Read GIS Z Shape [ {} | RIDGE or MAX or RAISE | GULLY or MIN or LOWER ] [ XF ON | XF OFF | Write TIN],[ <gis_layer> ],"Modellers use GIS data to create complex 3D shapes for defining Zpt elevations, enabling precise control over the flow domain.",Classic and HPC,false,https://docs.tuflow.com/classic-hpc/manual/2026.0/TGCCommands-1.html#tgcReadGISZShape
TGC,Read GIS Z Shape XF OFF,Read GIS Z Shape [ {} | RIDGE or MAX or RAISE | GULLY or MIN or LOWER ] [ XF ON | XF OFF | Write TIN],[ <gis_layer> ],"Modellers use GIS data to create complex 3D shapes for defining Zpt elevations, enabling precise control over the flow domain.",Classic and HPC,false,https://docs.tuflow.com/classic-hpc/manual/2026.0/TGCCommands-1.html#tgcReadGISZShape
TGC,Read GIS Z Shape Write TIN,Read GIS Z Shape [ {} | RIDGE or MAX or RAISE | GULLY or MIN or LOWER ] [ XF ON | XF OFF | Write TIN],[ <gis_layer> ],"Modellers use GIS data to create complex 3D shapes for defining Zpt elevations, enabling precise control over the flow domain.",Classic and HPC,false,https://docs.tuflow.com/classic-hpc/manual/2026.0/TGCCommands-1.html#tgcReadGISZShape
TGC,Read GIS Z Shape RIDGE or MAX or RAISE XF ON,Read GIS Z Shape [ {} | RIDGE or MAX or RAISE | GULLY or MIN or LOWER ] [ XF ON | XF OFF | Write TIN],[ <gis_layer> ],"Modellers use GIS data to create complex 3D shapes for defining Zpt elevations, enabling precise control over the flow domain.",Classic and HPC,false,https://docs.tuflow.com/classic-hpc/manual/2026.0/TGCCommands-1.html#tgcReadGISZShape
TGC,Read GIS Z Shape RIDGE or MAX or RAISE XF OFF,Read GIS Z Shape [ {} | RIDGE or MAX or RAISE | GULLY or MIN or LOWER ] [ XF ON | XF OFF | Write TIN],[ <gis_layer> ],"Modellers use GIS data to create complex 3D shapes for defining Zpt elevations, enabling precise control over the flow domain.",Classic and HPC,false,https://docs.tuflow.com/classic-hpc/manual/2026.0/TGCCommands-1.html#tgcReadGISZShape
TGC,Read GIS Z Shape RIDGE or MAX or RAISE Write TIN,Read GIS Z Shape [ {} | RIDGE or MAX or RAISE | GULLY or MIN or LOWER ] [ XF ON | XF OFF | Write TIN],[ <gis_layer> ],"Modellers use GIS data to create complex 3D shapes for defining Zpt elevations, enabling precise control over the flow domain.",Classic and HPC,false,https://docs.tuflow.com/classic-hpc/manual/2026.0/TGCCommands-1.html#tgcReadGISZShape
TGC,Read GIS Z Shape GULLY or MIN or LOWER XF ON,Read GIS Z Shape [ {} | RIDGE or MAX or RAISE | GULLY or MIN or LOWER ] [ XF ON | XF OFF | Write TIN],[ <gis_layer> ],"Modellers use GIS data to create complex 3D shapes for defining Zpt elevations, enabling precise control over the flow domain.",Classic and HPC,false,https://docs.tuflow.com/classic-hpc/manual/2026.0/TGCCommands-1.html#tgcReadGISZShape
TGC,Read GIS Z Shape GULLY or MIN or LOWER XF OFF,Read GIS Z Shape [ {} | RIDGE or MAX or RAISE | GULLY or MIN or LOWER ] [ XF ON | XF OFF | Write TIN],[ <gis_layer> ],"Modellers use GIS data to create complex 3D shapes for defining Zpt elevations, enabling precise control over the flow domain.",Classic and HPC,false,https://docs.tuflow.com/classic-hpc/manual/2026.0/TGCCommands-1.html#tgcReadGISZShape
TGC,Read GIS Z Shape GULLY or MIN or LOWER Write TIN,Read GIS Z Shape [ {} | RIDGE or MAX or RAISE | GULLY or MIN or LOWER ] [ XF ON | XF OFF | Write TIN],[ <gis_layer> ],"Modellers use GIS data to create complex 3D shapes for defining Zpt elevations, enabling precise control over the flow domain.",Classic and HPC,false,https://docs.tuflow.com/classic-hpc/manual/2026.0/TGCCommands-1.html#tgcReadGISZShape
TGC,Read GIS Z Shape Route,Read GIS Z Shape Route [ {} | RIDGE or MAX or RAISE | GULLY or MIN or LOWER | Write TIN ],[ <gis_layer> ],"Modelers define evacuation routes and inundation zones using GIS data, enabling precise control over flood-related risks and durations.",Classic and HPC,false,https://docs.tuflow.com/classic-hpc/manual/2026.0/TGCCommands-1.html#tgcReadGISZShapeRoute
TGC,Read GIS Z Shape Route RIDGE or MAX or RAISE,Read GIS Z Shape Route [ {} | RIDGE or MAX or RAISE | GULLY or MIN or LOWER | Write TIN ],[ <gis_layer> ],"Modelers define evacuation routes and inundation zones using GIS data, enabling precise control over flood-related risks and durations.",Classic and HPC,false,https://docs.tuflow.com/classic-hpc/manual/2026.0/TGCCommands-1.html#tgcReadGISZShapeRoute
TGC,Read GIS Z Shape Route GULLY or MIN or LOWER,Read GIS Z Shape Route [ {} | RIDGE or MAX or RAISE | GULLY or MIN or LOWER | Write TIN ],[ <gis_layer> ],"Modelers define evacuation routes and inundation zones using GIS data, enabling precise control over flood-related risks and durations.",Classic and HPC,false,https://docs.tuflow.com/classic-hpc/manual/2026.0/TGCCommands-1.html#tgcReadGISZShapeRoute
TGC,Read GIS Z Shape Route Write TIN,Read GIS Z Shape Route [ {} | RIDGE or MAX or RAISE | GULLY or MIN or LOWER | Write TIN ],[ <gis_layer> ],"Modelers define evacuation routes and inundation zones using GIS data, enabling precise control over flood-related risks and durations.",Classic and HPC,false,https://docs.tuflow.com/classic-hpc/manual/2026.0/TGCCommands-1.html#tgcReadGISZShapeRoute
TGC,Read GIS Zpts Modify Conveyance,Read GIS Zpts Modify Conveyance,[ <gis_layer> | <k_factor> | <water_level_grid> ],"Modelers modify cell elevations based on conveyance changes using GIS data, enabling dynamic representation of flow pathways.",Classic and HPC,false,https://docs.tuflow.com/classic-hpc/manual/2026.0/TGCCommands-1.html#tgcReadGISZptsModifyConveyance
TGC,Read GIS Zpts,Read GIS Zpts [ {} | ADD | MAX | MIN ],[ <gis_layer> ],"Modelers define groundwater elevations from GIS data, using point or line objects to modify topography and simulate flow patterns.",Classic and HPC,true,https://docs.tuflow.com/classic-hpc/manual/2026.0/TGCCommands-1.html#tgcReadGISZpts
TGC,Read GIS Zpts ADD,Read GIS Zpts [ {} | ADD | MAX | MIN ],[ <gis_layer> ],"Modelers define groundwater elevations from GIS data, using point or line objects to modify topography and simulate flow patterns.",Classic and HPC,true,https://docs.tuflow.com/classic-hpc/manual/2026.0/TGCCommands-1.html#tgcReadGISZpts
TGC,Read GIS Zpts MAX,Read GIS Zpts [ {} | ADD | MAX | MIN ],[ <gis_layer> ],"Modelers define groundwater elevations from GIS data, using point or line objects to modify topography and simulate flow patterns.",Classic and HPC,true,https://docs.tuflow.com/classic-hpc/manual/2026.0/TGCCommands-1.html#tgcReadGISZpts
TGC,Read GIS Zpts MIN,Read GIS Zpts [ {} | ADD | MAX | MIN ],[ <gis_layer> ],"Modelers define groundwater elevations from GIS data, using point or line objects to modify topography and simulate flow patterns.",Classic and HPC,true,https://docs.tuflow.com/classic-hpc/manual/2026.0/TGCCommands-1.html#tgcReadGISZpts
TGC,Read Grid CWF,Read Grid CWF,[ <grid_file> ],"Modelers define cell flow widths from GIS data, controlling flow distribution across the model grid for accurate hydrograph simulation.",Classic and HPC,false,https://docs.tuflow.com/classic-hpc/manual/2026.0/TGCCommands-1.html#tgcReadGridCWF
TGC,Read Grid CnM,Read Grid CnM,[ <grid_file> ],"Modelers define bed resistance using grid data, controlling flow friction and accurately representing hydrograph behavior.",Classic and HPC,true,https://docs.tuflow.com/classic-hpc/manual/2026.0/TGCCommands-1.html#tgcReadGridCnM
TGC,Read Grid Code,Read Grid Code,[ <grid_file> ],"Modelers define cell codes from grid data, indicating cell status (active, boundary, inactive) for accurate hydrograph simulations.",Classic and HPC,false,https://docs.tuflow.com/classic-hpc/manual/2026.0/TGCCommands-1.html#tgcReadGridCode
TGC,Read Grid FLC,Read Grid FLC,[ <grid_file> ],"Modelers apply form loss values from GIS data to grid regions, influencing flow dissipation and hydrograph characteristics.",Classic and HPC,false,https://docs.tuflow.com/classic-hpc/manual/2026.0/TGCCommands-1.html#tgcReadGridFLC
TGC,Read Grid FLC/L,Read Grid FLC/L,[ <grid_file> ],"Modelers apply form loss per unit length from GIS data, influencing flow dissipation independently of cell size.",Classic and HPC,false,https://docs.tuflow.com/classic-hpc/manual/2026.0/TGCCommands-1.html#tgcReadGridFLCL
TGC,Read Grid GWD,Read Grid GWD,[ <grid_file> ],"Modelers define groundwater depths from GIS data, specifying water table elevations for accurate subsurface flow modeling.",Classic and HPC,true,https://docs.tuflow.com/classic-hpc/manual/2026.0/TGCCommands-1.html#tgcReadGridGWD
TGC,Read Grid GWL,Read Grid GWL,[ <grid_file> ],"Modelers define groundwater levels from GIS data, specifying the water table elevation for accurate subsurface flow modeling.",Classic and HPC,true,https://docs.tuflow.com/classic-hpc/manual/2026.0/TGCCommands-1.html#tgcReadGridGWL
TGC,"Read Grid IGW Conc Layer N1,N2,..N Tracer M1,M2,..M","Read Grid IGW Conc Layer N1,N2,..N Tracer M1,M2,..M",[ <grid_file> ],"Modellers define initial tracer concentrations in groundwater layers using grid data, facilitating realistic groundwater flow simulations.",HPC Only,false,https://docs.tuflow.com/classic-hpc/manual/2026.0/TGCCommands-1.html#tgcReadGridIGWConc
TGC,Read Grid IGW Depth,Read Grid IGW Depth [ {} | <Layer N> ],[ <grid_file> ],"Modellers define initial water depth within subsurface layers based on a GIS grid, allowing spatial variation in water levels.",Classic and HPC,false,https://docs.tuflow.com/classic-hpc/manual/2026.0/TGCCommands-1.html#tgcReadGridIGWDepth
TGC,Read Grid IGW Depth <Layer N>,Read Grid IGW Depth [ {} | <Layer N> ],[ <grid_file> ],"Modellers define initial water depth within subsurface layers based on a GIS grid, allowing spatial variation in water levels.",Classic and HPC,false,https://docs.tuflow.com/classic-hpc/manual/2026.0/TGCCommands-1.html#tgcReadGridIGWDepth
TGC,Read Grid IGW Level,Read Grid IGW Level [ {} | <Layer N> ],[ <grid_file> ],"Modellers establish initial water levels in subsurface layers using a GIS grid, enabling spatial variation in water heights.",Classic and HPC,false,https://docs.tuflow.com/classic-hpc/manual/2026.0/TGCCommands-1.html#tgcReadGridIGWLevel
TGC,Read Grid IGW Level <Layer N>,Read Grid IGW Level [ {} | <Layer N> ],[ <grid_file> ],"Modellers establish initial water levels in subsurface layers using a GIS grid, enabling spatial variation in water heights.",Classic and HPC,false,https://docs.tuflow.com/classic-hpc/manual/2026.0/TGCCommands-1.html#tgcReadGridIGWLevel
TGC,Read Grid IWL,Read Grid IWL,[ <grid_file> ],"Modellers set initial water levels based on grid data, offering flexibility and simplifying model setup.",Classic and HPC,false,https://docs.tuflow.com/classic-hpc/manual/2026.0/TGCCommands-1.html#tgcReadGridIWL
TGC,Read Grid Location,Read Grid Location,[ <grid_file> ],Modellers define the extent and orientation of a 2D simulation domain based on GIS grid data.,Classic and HPC,false,https://docs.tuflow.com/classic-hpc/manual/2026.0/TGCCommands-1.html#tgcReadGridLocation
TGC,Read Grid Mat,Read Grid Mat,[ <grid_file> ],"Modellers define material properties by linking to a materials definition file, allowing for precise representation of flow characteristics.",Classic and HPC,false,https://docs.tuflow.com/classic-hpc/manual/2026.0/TGCCommands-1.html#tgcReadGridMat
TGC,Read Grid Soil,Read Grid Soil [ {} | <Layer N> ],[ <grid_file> ],"Modellers define soil types based on a GIS grid, linking to a soil definition file and supporting multiple layers for HPC simulations.",Classic and HPC,false,https://docs.tuflow.com/classic-hpc/manual/2026.0/TGCCommands-1.html#tgcReadGridSoil
TGC,Read Grid Soil <Layer N>,Read Grid Soil [ {} | <Layer N> ],[ <grid_file> ],"Modellers define soil types based on a GIS grid, linking to a soil definition file and supporting multiple layers for HPC simulations.",Classic and HPC,false,https://docs.tuflow.com/classic-hpc/manual/2026.0/TGCCommands-1.html#tgcReadGridSoil
TGC,Read Grid Soil Base Elevation,Read Grid Soil Base Elevation [ {} | <Layer N> ],[ <grid_file> ],"Modellers define the base elevation of subsurface layers using GIS data, enabling accurate groundwater flow modeling.",Classic and HPC,false,https://docs.tuflow.com/classic-hpc/manual/2026.0/TGCCommands-1.html#tgcReadGridSoilBaseElevation
TGC,Read Grid Soil Base Elevation <Layer N>,Read Grid Soil Base Elevation [ {} | <Layer N> ],[ <grid_file> ],"Modellers define the base elevation of subsurface layers using GIS data, enabling accurate groundwater flow modeling.",Classic and HPC,false,https://docs.tuflow.com/classic-hpc/manual/2026.0/TGCCommands-1.html#tgcReadGridSoilBaseElevation
TGC,Read Grid Soil Thickness,Read Grid Soil Thickness [ {} | <Layer N> ],[ <grid_file> ],"Modellers define subsurface layer thicknesses using grid data, allowing for accurate representation of soil profiles in flow simulations.",Classic and HPC,false,https://docs.tuflow.com/classic-hpc/manual/2026.0/TGCCommands-1.html#tgcReadGridSoilThickness
TGC,Read Grid Soil Thickness <Layer N>,Read Grid Soil Thickness [ {} | <Layer N> ],[ <grid_file> ],"Modellers define subsurface layer thicknesses using grid data, allowing for accurate representation of soil profiles in flow simulations.",Classic and HPC,false,https://docs.tuflow.com/classic-hpc/manual/2026.0/TGCCommands-1.html#tgcReadGridSoilThickness
TGC,Read Grid SRF,Read Grid SRF,[ <grid_file> ],"Modellers define storage reduction factors for 2D cells using a GIS grid, enabling the modeling of varied subsurface storage conditions.",Classic and HPC,false,https://docs.tuflow.com/classic-hpc/manual/2026.0/TGCCommands-1.html#tgcReadGridSRF
TGC,Read Grid WrF,Read Grid WrF,[ <grid_file> ],"Modellers define weir factors for cell faces using GIS data, enabling accurate representation of flow through weir structures.",Classic and HPC,false,https://docs.tuflow.com/classic-hpc/manual/2026.0/TGCCommands-1.html#tgcReadGridWrF
TGC,Read Grid Zpts XF ON,Read Grid Zpts [ {} | ADD | MAX | MIN ] [ {XF ON} | XF OFF ],[ <grid_file> | <gis_layer> ],"Modellers directly set Zpt elevations using GIS data, offering options to add, maximize or minimize values, and control XF file generation.",Classic and HPC,false,https://docs.tuflow.com/classic-hpc/manual/2026.0/TGCCommands-1.html#tgcReadGridZpts
TGC,Read Grid Zpts,Read Grid Zpts [ {} | ADD | MAX | MIN ] [ {XF ON} | XF OFF ],[ <grid_file> | <gis_layer> ],"Modellers directly set Zpt elevations using GIS data, offering options to add, maximize or minimize values, and control XF file generation.",Classic and HPC,false,https://docs.tuflow.com/classic-hpc/manual/2026.0/TGCCommands-1.html#tgcReadGridZpts
TGC,Read Grid Zpts XF OFF,Read Grid Zpts [ {} | ADD | MAX | MIN ] [ {XF ON} | XF OFF ],[ <grid_file> | <gis_layer> ],"Modellers directly set Zpt elevations using GIS data, offering options to add, maximize or minimize values, and control XF file generation.",Classic and HPC,false,https://docs.tuflow.com/classic-hpc/manual/2026.0/TGCCommands-1.html#tgcReadGridZpts
TGC,Read Grid Zpts ADD XF ON,Read Grid Zpts [ {} | ADD | MAX | MIN ] [ {XF ON} | XF OFF ],[ <grid_file> | <gis_layer> ],"Modellers directly set Zpt elevations using GIS data, offering options to add, maximize or minimize values, and control XF file generation.",Classic and HPC,false,https://docs.tuflow.com/classic-hpc/manual/2026.0/TGCCommands-1.html#tgcReadGridZpts
TGC,Read Grid Zpts ADD,Read Grid Zpts [ {} | ADD | MAX | MIN ] [ {XF ON} | XF OFF ],[ <grid_file> | <gis_layer> ],"Modellers directly set Zpt elevations using GIS data, offering options to add, maximize or minimize values, and control XF file generation.",Classic and HPC,false,https://docs.tuflow.com/classic-hpc/manual/2026.0/TGCCommands-1.html#tgcReadGridZpts
TGC,Read Grid Zpts ADD XF OFF,Read Grid Zpts [ {} | ADD | MAX | MIN ] [ {XF ON} | XF OFF ],[ <grid_file> | <gis_layer> ],"Modellers directly set Zpt elevations using GIS data, offering options to add, maximize or minimize values, and control XF file generation.",Classic and HPC,false,https://docs.tuflow.com/classic-hpc/manual/2026.0/TGCCommands-1.html#tgcReadGridZpts
TGC,Read Grid Zpts MAX XF ON,Read Grid Zpts [ {} | ADD | MAX | MIN ] [ {XF ON} | XF OFF ],[ <grid_file> | <gis_layer> ],"Modellers directly set Zpt elevations using GIS data, offering options to add, maximize or minimize values, and control XF file generation.",Classic and HPC,false,https://docs.tuflow.com/classic-hpc/manual/2026.0/TGCCommands-1.html#tgcReadGridZpts
TGC,Read Grid Zpts MAX,Read Grid Zpts [ {} | ADD | MAX | MIN ] [ {XF ON} | XF OFF ],[ <grid_file> | <gis_layer> ],"Modellers directly set Zpt elevations using GIS data, offering options to add, maximize or minimize values, and control XF file generation.",Classic and HPC,false,https://docs.tuflow.com/classic-hpc/manual/2026.0/TGCCommands-1.html#tgcReadGridZpts
TGC,Read Grid Zpts MAX XF OFF,Read Grid Zpts [ {} | ADD | MAX | MIN ] [ {XF ON} | XF OFF ],[ <grid_file> | <gis_layer> ],"Modellers directly set Zpt elevations using GIS data, offering options to add, maximize or minimize values, and control XF file generation.",Classic and HPC,false,https://docs.tuflow.com/classic-hpc/manual/2026.0/TGCCommands-1.html#tgcReadGridZpts
TGC,Read Grid Zpts MIN XF ON,Read Grid Zpts [ {} | ADD | MAX | MIN ] [ {XF ON} | XF OFF ],[ <grid_file> | <gis_layer> ],"Modellers directly set Zpt elevations using GIS data, offering options to add, maximize or minimize values, and control XF file generation.",Classic and HPC,false,https://docs.tuflow.com/classic-hpc/manual/2026.0/TGCCommands-1.html#tgcReadGridZpts
TGC,Read Grid Zpts MIN,Read Grid Zpts [ {} | ADD | MAX | MIN ] [ {XF ON} | XF OFF ],[ <grid_file> | <gis_layer> ],"Modellers directly set Zpt elevations using GIS data, offering options to add, maximize or minimize values, and control XF file generation.",Classic and HPC,false,https://docs.tuflow.com/classic-hpc/manual/2026.0/TGCCommands-1.html#tgcReadGridZpts
TGC,Read Grid Zpts MIN XF OFF,Read Grid Zpts [ {} | ADD | MAX | MIN ] [ {XF ON} | XF OFF ],[ <grid_file> | <gis_layer> ],"Modellers directly set Zpt elevations using GIS data, offering options to add, maximize or minimize values, and control XF file generation.",Classic and HPC,false,https://docs.tuflow.com/classic-hpc/manual/2026.0/TGCCommands-1.html#tgcReadGridZpts
TGC,Read RowCol <option>,Read RowCol <option>,[ <mid_file> ],"Modelers import hydraulic parameters from external files, offering a convenient way to define flow properties for their simulations.",Classic and HPC,true,https://docs.tuflow.com/classic-hpc/manual/2026.0/TGCCommands-1.html#tgcReadRowCol
TGC,Read RowCol WrF,Read RowCol WrF,[ <mid_file> ],"Modellers define weir factors from a .mid file, allowing for spatially varying weir configurations, though newer commands are preferred.",Classic and HPC,true,https://docs.tuflow.com/classic-hpc/manual/2026.0/TGCCommands-1.html#tgcReadRowColWrF
TGC,Read RowCol Zpts XF ON,Read RowCol Zpts [ {} | ADD | MAX | MIN ] [ XF ON | XF OFF ],[ <zpt_file> ],"Modelers import Z-point elevations from external files, allowing for precise topographic control in their hydrodynamic models.",Classic and HPC,true,https://docs.tuflow.com/classic-hpc/manual/2026.0/TGCCommands-1.html#tgcReadRowColZpts
TGC,Read RowCol Zpts XF OFF,Read RowCol Zpts [ {} | ADD | MAX | MIN ] [ XF ON | XF OFF ],[ <zpt_file> ],"Modelers import Z-point elevations from external files, allowing for precise topographic control in their hydrodynamic models.",Classic and HPC,true,https://docs.tuflow.com/classic-hpc/manual/2026.0/TGCCommands-1.html#tgcReadRowColZpts
TGC,Read RowCol Zpts ADD XF ON,Read RowCol Zpts [ {} | ADD | MAX | MIN ] [ XF ON | XF OFF ],[ <zpt_file> ],"Modelers import Z-point elevations from external files, allowing for precise topographic control in their hydrodynamic models.",Classic and HPC,true,https://docs.tuflow.com/classic-hpc/manual/2026.0/TGCCommands-1.html#tgcReadRowColZpts
TGC,Read RowCol Zpts ADD XF OFF,Read RowCol Zpts [ {} | ADD | MAX | MIN ] [ XF ON | XF OFF ],[ <zpt_file> ],"Modelers import Z-point elevations from external files, allowing for precise topographic control in their hydrodynamic models.",Classic and HPC,true,https://docs.tuflow.com/classic-hpc/manual/2026.0/TGCCommands-1.html#tgcReadRowColZpts
TGC,Read RowCol Zpts MAX XF ON,Read RowCol Zpts [ {} | ADD | MAX | MIN ] [ XF ON | XF OFF ],[ <zpt_file> ],"Modelers import Z-point elevations from external files, allowing for precise topographic control in their hydrodynamic models.",Classic and HPC,true,https://docs.tuflow.com/classic-hpc/manual/2026.0/TGCCommands-1.html#tgcReadRowColZpts
TGC,Read RowCol Zpts MAX XF OFF,Read RowCol Zpts [ {} | ADD | MAX | MIN ] [ XF ON | XF OFF ],[ <zpt_file> ],"Modelers import Z-point elevations from external files, allowing for precise topographic control in their hydrodynamic models.",Classic and HPC,true,https://docs.tuflow.com/classic-hpc/manual/2026.0/TGCCommands-1.html#tgcReadRowColZpts
TGC,Read RowCol Zpts MIN XF ON,Read RowCol Zpts [ {} | ADD | MAX | MIN ] [ XF ON | XF OFF ],[ <zpt_file> ],"Modelers import Z-point elevations from external files, allowing for precise topographic control in their hydrodynamic models.",Classic and HPC,true,https://docs.tuflow.com/classic-hpc/manual/2026.0/TGCCommands-1.html#tgcReadRowColZpts
TGC,Read RowCol Zpts MIN XF OFF,Read RowCol Zpts [ {} | ADD | MAX | MIN ] [ XF ON | XF OFF ],[ <zpt_file> ],"Modelers import Z-point elevations from external files, allowing for precise topographic control in their hydrodynamic models.",Classic and HPC,true,https://docs.tuflow.com/classic-hpc/manual/2026.0/TGCCommands-1.html#tgcReadRowColZpts
TGC,Read TIN Zpts XF ON,Read TIN Zpts [ {} | ADD | MAX | MIN ] [ {XF ON} | XF OFF ],[ <tin_file> | <gis_layer> ],Modelers import elevation data from triangulation or GIS layers to precisely control the topography of their hydrodynamic models.,Classic and HPC,false,https://docs.tuflow.com/classic-hpc/manual/2026.0/TGCCommands-1.html#tgcReadTINZpts
TGC,Read TIN Zpts,Read TIN Zpts [ {} | ADD | MAX | MIN ] [ {XF ON} | XF OFF ],[ <tin_file> | <gis_layer> ],Modelers import elevation data from triangulation or GIS layers to precisely control the topography of their hydrodynamic models.,Classic and HPC,false,https://docs.tuflow.com/classic-hpc/manual/2026.0/TGCCommands-1.html#tgcReadTINZpts
TGC,Read TIN Zpts XF OFF,Read TIN Zpts [ {} | ADD | MAX | MIN ] [ {XF ON} | XF OFF ],[ <tin_file> | <gis_layer> ],Modelers import elevation data from triangulation or GIS layers to precisely control the topography of their hydrodynamic models.,Classic and HPC,false,https://docs.tuflow.com/classic-hpc/manual/2026.0/TGCCommands-1.html#tgcReadTINZpts
TGC,Read TIN Zpts ADD XF ON,Read TIN Zpts [ {} | ADD | MAX | MIN ] [ {XF ON} | XF OFF ],[ <tin_file> | <gis_layer> ],Modelers import elevation data from triangulation or GIS layers to precisely control the topography of their hydrodynamic models.,Classic and HPC,false,https://docs.tuflow.com/classic-hpc/manual/2026.0/TGCCommands-1.html#tgcReadTINZpts
TGC,Read TIN Zpts ADD,Read TIN Zpts [ {} | ADD | MAX | MIN ] [ {XF ON} | XF OFF ],[ <tin_file> | <gis_layer> ],Modelers import elevation data from triangulation or GIS layers to precisely control the topography of their hydrodynamic models.,Classic and HPC,false,https://docs.tuflow.com/classic-hpc/manual/2026.0/TGCCommands-1.html#tgcReadTINZpts
TGC,Read TIN Zpts ADD XF OFF,Read TIN Zpts [ {} | ADD | MAX | MIN ] [ {XF ON} | XF OFF ],[ <tin_file> | <gis_layer> ],Modelers import elevation data from triangulation or GIS layers to precisely control the topography of their hydrodynamic models.,Classic and HPC,false,https://docs.tuflow.com/classic-hpc/manual/2026.0/TGCCommands-1.html#tgcReadTINZpts
TGC,Read TIN Zpts MAX XF ON,Read TIN Zpts [ {} | ADD | MAX | MIN ] [ {XF ON} | XF OFF ],[ <tin_file> | <gis_layer> ],Modelers import elevation data from triangulation or GIS layers to precisely control the topography of their hydrodynamic models.,Classic and HPC,false,https://docs.tuflow.com/classic-hpc/manual/2026.0/TGCCommands-1.html#tgcReadTINZpts
TGC,Read TIN Zpts MAX,Read TIN Zpts [ {} | ADD | MAX | MIN ] [ {XF ON} | XF OFF ],[ <tin_file> | <gis_layer> ],Modelers import elevation data from triangulation or GIS layers to precisely control the topography of their hydrodynamic models.,Classic and HPC,false,https://docs.tuflow.com/classic-hpc/manual/2026.0/TGCCommands-1.html#tgcReadTINZpts
TGC,Read TIN Zpts MAX XF OFF,Read TIN Zpts [ {} | ADD | MAX | MIN ] [ {XF ON} | XF OFF ],[ <tin_file> | <gis_layer> ],Modelers import elevation data from triangulation or GIS layers to precisely control the topography of their hydrodynamic models.,Classic and HPC,false,https://docs.tuflow.com/classic-hpc/manual/2026.0/TGCCommands-1.html#tgcReadTINZpts
TGC,Read TIN Zpts MIN XF ON,Read TIN Zpts [ {} | ADD | MAX | MIN ] [ {XF ON} | XF OFF ],[ <tin_file> | <gis_layer> ],Modelers import elevation data from triangulation or GIS layers to precisely control the topography of their hydrodynamic models.,Classic and HPC,false,https://docs.tuflow.com/classic-hpc/manual/2026.0/TGCCommands-1.html#tgcReadTINZpts
TGC,Read TIN Zpts MIN,Read TIN Zpts [ {} | ADD | MAX | MIN ] [ {XF ON} | XF OFF ],[ <tin_file> | <gis_layer> ],Modelers import elevation data from triangulation or GIS layers to precisely control the topography of their hydrodynamic models.,Classic and HPC,false,https://docs.tuflow.com/classic-hpc/manual/2026.0/TGCCommands-1.html#tgcReadTINZpts
TGC,Read TIN Zpts MIN XF OFF,Read TIN Zpts [ {} | ADD | MAX | MIN ] [ {XF ON} | XF OFF ],[ <tin_file> | <gis_layer> ],Modelers import elevation data from triangulation or GIS layers to precisely control the topography of their hydrodynamic models.,Classic and HPC,false,https://docs.tuflow.com/classic-hpc/manual/2026.0/TGCCommands-1.html#tgcReadTINZpts
TGC,Set CnM,Set CnM,[ <value> ],"Modelers set global bed resistance values, influencing flow velocity within their hydrodynamic simulations.",Classic and HPC,true,https://docs.tuflow.com/classic-hpc/manual/2026.0/TGCCommands-1.html#tgcSetCnM
TGC,Set Code,Set Code [ {} | ZERO ABOVE ZC ],[ <ZC> ],"Modellers define active/inactive cell codes globally, enabling control over flow simulation boundaries and simplifying model setup.",Classic and HPC,false,https://docs.tuflow.com/classic-hpc/manual/2026.0/TGCCommands-1.html#tgcSetCode
TGC,Set Code ZERO ABOVE ZC,Set Code [ {} | ZERO ABOVE ZC ],[ <ZC> ],"Modellers define active/inactive cell codes globally, enabling control over flow simulation boundaries and simplifying model setup.",Classic and HPC,false,https://docs.tuflow.com/classic-hpc/manual/2026.0/TGCCommands-1.html#tgcSetCode
TGC,Set Code and Clean Zpt,Set Code and Clean Zpt,[ <Z_inactive> ],"Modellers assign active/inactive cell codes and extrapolate elevations to unassigned Zpts, simplifying boundary definition.",Classic and HPC,false,https://docs.tuflow.com/classic-hpc/manual/2026.0/TGCCommands-1.html#tgcSetCodeandCleanZpt
TGC,Set CWF,Set CWF,[ <value> ],"Modelers globally set flow widths, controlling flow behavior within the model by adjusting cell dimensions for enhanced accuracy.",Classic and HPC,false,https://docs.tuflow.com/classic-hpc/manual/2026.0/TGCCommands-1.html#tgcSetCWF
TGC,Set FLC,Set FLC,[ <value> ],"Modelers globally define form loss, influencing flow behavior by adjusting the form loss coefficient across all cells.",Classic and HPC,false,https://docs.tuflow.com/classic-hpc/manual/2026.0/TGCCommands-1.html#tgcSetFLC
TGC,Set FLC/L,Set FLC/L,[ <value> ],"Modelers globally define form loss per unit length, influencing flow behavior independently of cell size.",Classic and HPC,false,https://docs.tuflow.com/classic-hpc/manual/2026.0/TGCCommands-1.html#tgcSetFLCL
TGC,Set FRIC,Set FRIC,[ <value> ],"Modelers globally set ripple height, influencing flow behavior by defining wave characteristics in the simulation.",Classic Only,false,https://docs.tuflow.com/classic-hpc/manual/2026.0/TGCCommands-1.html#tgcSetFRIC
TGC,Set GWD,Set GWD,[ <value> ],"Modelers define a global groundwater depth for the simulation, influencing the groundwater flow behavior within the model.",Classic and HPC,true,https://docs.tuflow.com/classic-hpc/manual/2026.0/TGCCommands-1.html#tgcSetGWD
TGC,Set GWL,Set GWL,[ <value> ],"Modelers define a global groundwater level, influencing groundwater flow behavior within the simulation.",Classic and HPC,true,https://docs.tuflow.com/classic-hpc/manual/2026.0/TGCCommands-1.html#tgcSetGWL
TGC,"Set IGW Conc Layer N1,N2,..N Tracer M1,M2,..M","Set IGW Conc Layer N1,N2,..N Tracer M1,M2,..M",[ <value> ],"Modelers globally set initial groundwater tracer concentrations, defining the starting conditions for tracer simulations.",HPC Only,false,https://docs.tuflow.com/classic-hpc/manual/2026.0/TGCCommands-1.html#tgcSetIGWConc
TGC,Set IGW Depth,Set IGW Depth [ {} | <Layer N> ],[ <value> ],"Modelers globally define initial water depth in subsurface layers, controlling groundwater conditions for accurate simulation.",HPC Only,false,https://docs.tuflow.com/classic-hpc/manual/2026.0/TGCCommands-1.html#tgcSetIGWDepth
TGC,Set IGW Depth <Layer N>,Set IGW Depth [ {} | <Layer N> ],[ <value> ],"Modelers globally define initial water depth in subsurface layers, controlling groundwater conditions for accurate simulation.",HPC Only,false,https://docs.tuflow.com/classic-hpc/manual/2026.0/TGCCommands-1.html#tgcSetIGWDepth
TGC,Set IGW Level,Set IGW Level [ {} | <Layer N> ],[ <value> ],"Modelers globally define initial groundwater levels in subsurface layers, influencing water distribution and simulation results.",HPC Only,false,https://docs.tuflow.com/classic-hpc/manual/2026.0/TGCCommands-1.html#tgcSetIGWLevel
TGC,Set IGW Level <Layer N>,Set IGW Level [ {} | <Layer N> ],[ <value> ],"Modelers globally define initial groundwater levels in subsurface layers, influencing water distribution and simulation results.",HPC Only,false,https://docs.tuflow.com/classic-hpc/manual/2026.0/TGCCommands-1.html#tgcSetIGWLevel
TGC,Set IWL,Set IWL,[ <value> ],"Modelers globally define initial water levels, controlling the starting groundwater conditions for accurate simulation results.",Classic and HPC,false,https://docs.tuflow.com/classic-hpc/manual/2026.0/TGCCommands-1.html#tgcSetIWL
TGC,Set Mat,Set Mat,[ <value> ],"Modelers globally define material properties, influencing flow behavior by specifying material IDs from the materials definition file.",Classic and HPC,false,https://docs.tuflow.com/classic-hpc/manual/2026.0/TGCCommands-1.html#tgcSetMat
TGC,Set Route Cut Off Type,Set Route Cut Off Type,[ {Depth} | Velocity or V | Hazard or VxD or Z0 | Energy ],"Modelers define evacuation route cutoff criteria globally, specifying depth, velocity, hazard, or energy-based thresholds.",Classic,false,https://docs.tuflow.com/classic-hpc/manual/2026.0/TGCCommands-1.html#tgcSetRouteCutOffType
TGC,Set Route Cut Off Values,Set Route Cut Off Values,"[ <y1, y2, …> ]","Modelers set specific cutoff values for evacuation routes, defining thresholds for evacuation based on the specified criteria.",Classic,false,https://docs.tuflow.com/classic-hpc/manual/2026.0/TGCCommands-1.html#tgcSetRouteCutOffValues
TGC,Set Soil,Set Soil [ {} | <Layer N> ],[ <value> ],"Modelers globally define soil properties, specifying soil types for accurate groundwater flow and infiltration simulations.",Classic and HPC,false,https://docs.tuflow.com/classic-hpc/manual/2026.0/TGCCommands-1.html#tgcSetSoil
TGC,Set Soil <Layer N>,Set Soil [ {} | <Layer N> ],[ <value> ],"Modelers globally define soil properties, specifying soil types for accurate groundwater flow and infiltration simulations.",Classic and HPC,false,https://docs.tuflow.com/classic-hpc/manual/2026.0/TGCCommands-1.html#tgcSetSoil
TGC,Set Soil Base Elevation,Set Soil Base Elevation [ {} | <Layer N> ],[ <value> ],"Modelers globally define the base elevation of soil layers, influencing groundwater behavior and flow direction within the simulation.",Classic and HPC,false,https://docs.tuflow.com/classic-hpc/manual/2026.0/TGCCommands-1.html#tgcSetSoilBaseElevation
TGC,Set Soil Base Elevation <Layer N>,Set Soil Base Elevation [ {} | <Layer N> ],[ <value> ],"Modelers globally define the base elevation of soil layers, influencing groundwater behavior and flow direction within the simulation.",Classic and HPC,false,https://docs.tuflow.com/classic-hpc/manual/2026.0/TGCCommands-1.html#tgcSetSoilBaseElevation
TGC,Set Soil Thickness,Set Soil Thickness [ {} | <Layer N> ],[ <value> ],"Modelers globally define soil layer thicknesses, influencing vertical groundwater flow and infiltration within the simulation.",Classic and HPC,false,https://docs.tuflow.com/classic-hpc/manual/2026.0/TGCCommands-1.html#tgcSetSoilThickness
TGC,Set Soil Thickness <Layer N>,Set Soil Thickness [ {} | <Layer N> ],[ <value> ],"Modelers globally define soil layer thicknesses, influencing vertical groundwater flow and infiltration within the simulation.",Classic and HPC,false,https://docs.tuflow.com/classic-hpc/manual/2026.0/TGCCommands-1.html#tgcSetSoilThickness
TGC,Set SRF,Set SRF,[ <value> ],"Modelers globally adjust subsurface storage capacity, influencing groundwater flow behavior by modifying the storage reduction factor.",Classic and HPC,false,https://docs.tuflow.com/classic-hpc/manual/2026.0/TGCCommands-1.html#tgcSetSRF
TGC,Set WrF,Set WrF,[ <WrF_value> ],"Modelers globally define the weir factor, influencing flow discharge through weir structures in the hydrodynamic simulation.",Classic and HPC,false,https://docs.tuflow.com/classic-hpc/manual/2026.0/TGCCommands-1.html#tgcSetWrF
TGC,Set Zpt,Set Zpt,[ <elevation_in_metres> ],"Modelers globally define initial groundwater elevations, influencing groundwater flow behavior and simulation results.",Classic and HPC,false,https://docs.tuflow.com/classic-hpc/manual/2026.0/TGCCommands-1.html#tgcSetZpt
TGC,SGS Grid Sample Distance,SGS [ Grid | TIN ] Sample Distance,[ <distance_in_metres/feet> ],"Modelers define sample distances for grid and TIN inputs, influencing computational efficiency and accuracy within the HPC solver.",HPC Only,true,https://docs.tuflow.com/classic-hpc/manual/2026.0/TGCCommands-1.html#tgcSGSSampleDistance
TGC,SGS TIN Sample Distance,SGS [ Grid | TIN ] Sample Distance,[ <distance_in_metres/feet> ],"Modelers define sample distances for grid and TIN inputs, influencing computational efficiency and accuracy within the HPC solver.",HPC Only,true,https://docs.tuflow.com/classic-hpc/manual/2026.0/TGCCommands-1.html#tgcSGSSampleDistance
TGC,SGS Grid Max Null Frac,SGS Grid Max Null Frac,[ Maximum Null Fraction | <0.5> ],"Modelers define the maximum null fraction for grid coverage, influencing how incomplete grid data affects groundwater simulation.",HPC Only,true,https://docs.tuflow.com/classic-hpc/manual/2026.0/TGCCommands-1.html#tgcSGSGridMaxNullFrac
TGC,SGS Partial Grid Update Null Frac,SGS Partial Grid Update Null Frac,"[ Lower Limit, Upper limit | <0.1, 0.9> ]","Modelers define the null fraction limits for grid updates, controlling how incomplete grid data impacts groundwater simulation accuracy.",HPC Only,true,https://docs.tuflow.com/classic-hpc/manual/2026.0/TGCCommands-1.html#tgcSGSPartialGridUpdateNullFrac
TGC,Spatial Database,Spatial Database,[ OFF | TCF ],"Modelers enable or disable spatial databases for GeoPackage input files, controlling data loading and subsequent processing steps.",Classic and HPC,false,https://docs.tuflow.com/classic-hpc/manual/2026.0/TGCCommands-1.html#tgcSpatialDatabase
TGC,Stop,Stop,,"Modelers terminate the TUFLOW simulation process, useful during model development or when stopping computations.",Classic and HPC,true,https://docs.tuflow.com/classic-hpc/manual/2026.0/TGCCommands-1.html#tgcStop
TGC,Thin Line as Thick,Thin Line as Thick,[ ON | {OFF} ],"Modelers convert thin Z lines to thick lines, influencing flow representation and computational accuracy within the hydrodynamic simulation.",Classic and HPC,true,https://docs.tuflow.com/classic-hpc/manual/2026.0/TGCCommands-1.html#tgcThinLineasThick
TGC,TIN Angles,TIN Angles,"[ <point_angle>, <edge_angle> | {55, 30} ]",Modelers customize triangle formation in TINs to optimize discretization for groundwater flow modeling accuracy.,Classic and HPC,false,https://docs.tuflow.com/classic-hpc/manual/2026.0/TGCCommands-1.html#tgcTINAngles
TGC,TIN Coincident Point Distance,TIN Coincident Point Distance,[ <dist_in_m> | {0.001} ],"Modelers refine TIN creation by specifying the distance for removing overlapping points, improving terrain accuracy.",Classic and HPC,false,https://docs.tuflow.com/classic-hpc/manual/2026.0/TGCCommands-1.html#tgcTINCoincidentPointDistance
TGC,Write GIS Domain,Write GIS Domain,[ <gis_layer> ],"Modelers define the 2D domain's boundaries using GIS layers, providing a visual check of the simulation extent.",Classic and HPC,false,https://docs.tuflow.com/classic-hpc/manual/2026.0/TGCCommands-1.html#tgcWriteGISDomain
TGC,Write GIS Grid,Write GIS Grid,[ <gis_layer> ],Modelers create GIS grid files to visually verify the 2D domain's grid setup and data accuracy within the simulation.,Classic and HPC,false,https://docs.tuflow.com/classic-hpc/manual/2026.0/TGCCommands-1.html#tgcWriteGISGrid
TGC,Write GIS Zpts,Write GIS Zpts,[ <gis_layer> ],Modelers export Zpt elevations to GIS files for visual inspection and validation of the simulation's topographic data.,Classic and HPC,false,https://docs.tuflow.com/classic-hpc/manual/2026.0/TGCCommands-1.html#tgcWriteGISZpts
TGC,ZC,ZC,"[ MIN(ZU,ZV) ]",Modellers use ZC Zpts to enhance groundwater simulation stability by defining cell wetting and drying based on surrounding elevation.,Classic and HPC,false,https://docs.tuflow.com/classic-hpc/manual/2026.0/TGCCommands-1.html#tgcZC
TGC,Read GIS Receptors RECORD GAUGE DATA,Read GIS Receptors [ RECORD GAUGE DATA [ {} | USE ZC | ZPTS ] ],[ <gis_layer> ],"Modelers define receptor points from GIS data, enabling precise monitoring of groundwater flow at specific locations within the simulation.",Classic and HPC,false,https://docs.tuflow.com/classic-hpc/manual/2026.0/TGCCommands-1.html#tgcReadGISReceptors
TGC,Read GIS Receptors RECORD GAUGE DATA USE ZC,Read GIS Receptors [ RECORD GAUGE DATA [ {} | USE ZC | ZPTS ] ],[ <gis_layer> ],"Modelers define receptor points from GIS data, enabling precise monitoring of groundwater flow at specific locations within the simulation.",Classic and HPC,false,https://docs.tuflow.com/classic-hpc/manual/2026.0/TGCCommands-1.html#tgcReadGISReceptors
TGC,Read GIS Receptors RECORD GAUGE DATA ZPTS,Read GIS Receptors [ RECORD GAUGE DATA [ {} | USE ZC | ZPTS ] ],[ <gis_layer> ],"Modelers define receptor points from GIS data, enabling precise monitoring of groundwater flow at specific locations within the simulation.",Classic and HPC,false,https://docs.tuflow.com/classic-hpc/manual/2026.0/TGCCommands-1.html#tgcReadGISReceptors
TGC,Zero Z Point,Zero Z Point,[ {ERROR} | WARNING ],"Modelers control the behavior of zero elevations in Zpts, enabling error checking or warning messages for improved simulation data quality.",Classic and HPC,false,https://docs.tuflow.com/classic-hpc/manual/2026.0/TGCCommands-1.html#tgcZeroZPoint
TGC,Read Grid FRIC,Read Grid FRIC,[ <grid_file> ],"Modelers define ripple height from grid files, influencing flow behavior based on wave characteristics within the hydrodynamic simulation.",Classic Only,false,https://docs.tuflow.com/classic-hpc/manual/2026.0/TGCCommands-1.html#tgcReadGridFRIC
TGC,SGS ZH Sample Ratio,SGS ZH Sample Ratio,[ <ratio> | {1} ],Modelers configure SGS ZH point sampling ratios to control the accuracy of groundwater flow calculations around cell corners.,HPC Only,false,https://docs.tuflow.com/classic-hpc/manual/2026.0/TGCCommands-1.html#tgcSGSZHSampleRatio
TGC,If Event,If Event,[ <e1> | <e2> | <e3> | … ],"Modelers selectively enable commands based on specific simulation events, enabling targeted control over model execution.",Classic and HPC,false,https://docs.tuflow.com/classic-hpc/manual/2026.0/TGCCommands-1.html#tgcIfEvent
TBC,BC Database,BC Database,[ <.csv_file> ],"Modelers define BC databases from CSV files, enabling precise control over boundary conditions for accurate groundwater simulations.",Classic and HPC,false,https://docs.tuflow.com/classic-hpc/manual/2026.0/TBCCommands-1.html#tbcBCDatabase
TBC,BC Event Name,BC Event Name,[ <bc_event_name> ],Modelers define BC event names to selectively apply boundary conditions based on event occurrences within the simulation.,Classic and HPC,true,https://docs.tuflow.com/classic-hpc/manual/2026.0/TBCCommands-1.html#tbcBCEventName
TBC,BC Event Text,BC Event Text,[ <bc_event_text> ],Modelers define BC event texts to enable dynamic boundary condition assignment based on event occurrences within the simulation.,Classic and HPC,true,https://docs.tuflow.com/classic-hpc/manual/2026.0/TBCCommands-1.html#tbcBCEventText
TBC,Blank BC Type,Blank BC Type,[ <bc_type> | {NONE} ],"Modelers control BC types using the Blank BC Type command, allowing for flexible boundary condition assignments within the simulation.",Classic and HPC,false,https://docs.tuflow.com/classic-hpc/manual/2026.0/TBCCommands-1.html#tbcBlankBCType
TBC,Blank HQ Slope,Blank HQ Slope,[ <slope> ],"Modellers specify a default slope for HQ boundaries, allowing for consistent boundary definition across multiple layers.",Classic and HPC,false,https://docs.tuflow.com/classic-hpc/manual/2026.0/TBCCommands-1.html#tbcBlankHQSlope
TBC,Global Rainfall Area Factor,Global Rainfall Area Factor,[ {1.0} | <area_factor> ],Modelers adjust the global rainfall area factor to modify runoff calculations for specific simulation areas.,Classic and HPC,false,https://docs.tuflow.com/classic-hpc/manual/2026.0/TBCCommands-1.html#tbcGlobalRainfallAreaFactor
TBC,Global Rainfall BC,Global Rainfall BC,[ <bc_name> ],Modelers define global rainfall BCs to apply rainfall events consistently across all simulation cells.,Classic and HPC,false,https://docs.tuflow.com/classic-hpc/manual/2026.0/TBCCommands-1.html#tbcGlobalRainfallBC
TBC,Global Rainfall Continuing Loss,Global Rainfall Continuing Loss,[ {0} | <CL> ],"Modelers define continuing rainfall losses, controlling runoff behavior after initial rainfall events.",Classic and HPC,false,https://docs.tuflow.com/classic-hpc/manual/2026.0/TBCCommands-1.html#tbcGlobalRainfallContinuingLoss
TBC,Global Rainfall Initial Loss,Global Rainfall Initial Loss,[ {0} | <IL> ],"Modelers define initial rainfall losses, controlling runoff behavior immediately upon rainfall onset.",Classic and HPC,false,https://docs.tuflow.com/classic-hpc/manual/2026.0/TBCCommands-1.html#tbcGlobalRainfallInitialLoss
TBC,If Scenario,If Scenario,[ <s1> | <s2> | <s3> | … ],"Modelers selectively enable commands based on specific scenarios, enabling flexible simulation workflows.",Classic and HPC,false,https://docs.tuflow.com/classic-hpc/manual/2026.0/TBCCommands-1.html#tbcIfScenario
TBC,Read GIS BC,Read GIS BC,[ <gis_layer> ],"Modelers define boundary conditions from GIS layers, specifying locations and attributes for accurate simulation setup.",Classic and HPC,false,https://docs.tuflow.com/classic-hpc/manual/2026.0/TBCCommands-1.html#tbcReadGISBC
TBC,Read GIS RF,Read GIS RF,[ <gis_layer> ],Modelers define rainfall polygons from GIS layers for precise rainfall application to 2D cells within the simulation.,Classic and HPC,false,https://docs.tuflow.com/classic-hpc/manual/2026.0/TBCCommands-1.html#tbcReadGISRF
TBC,Read GIS SA,Read GIS SA [ {} | <option> ],[ <gis_layer> ],"Modelers define source flows from GIS layers for distributing rainfall or runoff over the 2D domain, enabling precise hydrological modeling.",Classic and HPC,false,https://docs.tuflow.com/classic-hpc/manual/2026.0/TBCCommands-1.html#tbcReadGISSA
TBC,Read GIS SA <option>,Read GIS SA [ {} | <option> ],[ <gis_layer> ],"Modelers define source flows from GIS layers for distributing rainfall or runoff over the 2D domain, enabling precise hydrological modeling.",Classic and HPC,false,https://docs.tuflow.com/classic-hpc/manual/2026.0/TBCCommands-1.html#tbcReadGISSA
TBC,Read GIS Streams,Read GIS Streams,[ <gis_layer> ],Modelers define streamlines from GIS layers to control how rainfall or runoff is distributed along waterways for more realistic simulations.,Classic and HPC,false,https://docs.tuflow.com/classic-hpc/manual/2026.0/TBCCommands-1.html#tbcReadGISStreams
TBC,Read RowCol RF,Read RowCol RF,[ <mid_file> ],Modelers define rainfall patterns cell by cell from GIS data using a specific file format for precise precipitation modeling.,Classic and HPC,true,https://docs.tuflow.com/classic-hpc/manual/2026.0/TBCCommands-1.html#tbcReadRowColRF
TBC,Unused HX and SX Connections,Unused HX and SX Connections,[ {ERROR} | WARNING ],Modelers control the level of warning for unused boundary connections in 2D models for improved simulation setup.,Classic and HPC,false,https://docs.tuflow.com/classic-hpc/manual/2026.0/TBCCommands-1.html#tbcUnusedHXandSXConnections
TBC,Spatial Database,Spatial Database,[ OFF | TCF ],Modelers specify the geospatial database format for GIS inputs when using GeoPackage files for enhanced data management.,Classic and HPC,false,https://docs.tuflow.com/classic-hpc/manual/2026.0/TBCCommands-1.html#tbcSpatialDatabase
TBC,BC Event Source,BC Event Source,[ <bc_event_text> | <bc_event_name> ],"Modelers define event sources for boundary conditions, enabling dynamic control of simulation behavior based on defined events.",Classic and HPC,false,https://docs.tuflow.com/classic-hpc/manual/2026.0/TBCCommands-1.html#tbcBCEventSource
TBC,If Event,If Event,[ <e1> | <e2> | <e3> | … ],"Modelers enable or disable specific commands based on predefined events, allowing for conditional simulation execution.",Classic and HPC,false,https://docs.tuflow.com/classic-hpc/manual/2026.0/TBCCommands-1.html#tbcIfEvent
TOC,Breach Opening,Breach Opening,[ {CLOSE} | OPEN | NO CHANGE ],"Modelers control the breaching of a dam through a designated channel, influencing flood flow behavior during dam failure scenarios.",Classic and HPC,false,https://docs.tuflow.com/classic-hpc/manual/2026.0/TOCCommands-1.html#tocBreachOpening
TOC,Cd,Cd,[ {0.75 or 0.6} | <Cd> ],"Modelers define discharge coefficients for culverts and orifice flows, impacting flow calculations within the simulation.",Classic and HPC,false,https://docs.tuflow.com/classic-hpc/manual/2026.0/TOCCommands-1.html#tocCd
TOC,Cd Gate,Cd Gate,[ {0.6 or 0.75} | <Cd> ],"Modelers define gate discharge coefficients, influencing flow through spillways and sluice gates in hydraulic simulations.",Classic and HPC,false,https://docs.tuflow.com/classic-hpc/manual/2026.0/TOCCommands-1.html#tocCdGate
TOC,Cd Gate Submerged,Cd Gate Submerged,[ {0.8} | <Cd> ],"Modelers define discharge coefficients for submerged gates, influencing flow calculations in specific scenarios.",Classic and HPC,false,https://docs.tuflow.com/classic-hpc/manual/2026.0/TOCCommands-1.html#tocCdGateSubmerged
TOC,Cd Failed,Cd Failed,[ <Cd> ],"Modelers define weir coefficients for breached sections of DF channels, allowing for precise flow calculations during dam failure scenarios.",Classic and HPC,false,https://docs.tuflow.com/classic-hpc/manual/2026.0/TOCCommands-1.html#tocCdFailed
TOC,Cd Intact,Cd Intact,[ <Cd> ],"Modelers define weir coefficients for intact sections of DF channels, allowing for precise flow calculations during dam failure scenarios.",Classic and HPC,false,https://docs.tuflow.com/classic-hpc/manual/2026.0/TOCCommands-1.html#tocCdIntact
TOC,Cd Spillway,Cd Spillway,[ {0.75} ],"Modelers define spillway discharge coefficients, influencing flow through spillways during flood events.",Classic and HPC,false,https://docs.tuflow.com/classic-hpc/manual/2026.0/TOCCommands-1.html#tocCdSpillway
TOC,Cf,Cf,[ {1.0} | <Cf> ],Modelers adjust weir calibration factors to improve the accuracy of flow calculations for weir crests.,Classic and HPC,false,https://docs.tuflow.com/classic-hpc/manual/2026.0/TOCCommands-1.html#tocCf
TOC,Cf Failed,Cf Failed,[ {1.0} | <Cf> ],Modelers adjust weir calibration factors for DF channels to improve flow calculations during dam failure scenarios.,Classic and HPC,false,https://docs.tuflow.com/classic-hpc/manual/2026.0/TOCCommands-1.html#tocCfFailed
TOC,Cf Intact,Cf Intact,[ {1.0} | <Cf> ],Modelers adjust weir calibration factors for DF channels to improve flow calculations during dam failure scenarios.,Classic and HPC,false,https://docs.tuflow.com/classic-hpc/manual/2026.0/TOCCommands-1.html#tocCfIntact
TOC,Define <structure_type> Control,Define [ <structure_type> ] Control,[ <control_id> ],"Modelers define control parameters for various hydraulic structures, enabling fine-grained control over their behavior in simulations.",Classic and HPC,false,https://docs.tuflow.com/classic-hpc/manual/2026.0/TOCCommands-1.html#tocDefineControl
TOC,Depth Collapse,Depth Collapse,[ <depth_collapse> ],"Modelers define the collapse depth of a dam crest during the dam break event, impacting the simulation's flood behavior.",Classic and HPC,false,https://docs.tuflow.com/classic-hpc/manual/2026.0/TOCCommands-1.html#tocDepthCollapse
TOC,Depth Fully Breached,Depth Fully Breached,[ <depth_fully_breached> ],"Modelers define the height of a dam breach when fully breached, influencing flood flow characteristics during dam failure simulations.",Classic and HPC,false,https://docs.tuflow.com/classic-hpc/manual/2026.0/TOCCommands-1.html#tocDepthFullyBreached
TOC,End Define,End Define,,"Modelers terminate a definition block of hydraulic structure control parameters, completing the configuration of operational rules.",Classic and HPC,false,https://docs.tuflow.com/classic-hpc/manual/2026.0/TOCCommands-1.html#tocEndDefine
TOC,Ex Failed,Ex Failed,[ <Ex> ],"Modelers define Ex values for breached DF channel sections, influencing flow calculations during dam failure scenarios.",Classic and HPC,false,https://docs.tuflow.com/classic-hpc/manual/2026.0/TOCCommands-1.html#tocExFailed
TOC,Ex Intact,Ex Intact,[ <Ex> ],"Modelers define Ex values for intact DF channel sections, influencing flow calculations during dam failure scenarios.",Classic and HPC,false,https://docs.tuflow.com/classic-hpc/manual/2026.0/TOCCommands-1.html#tocExIntact
TOC,Gate Height Fully Open,Gate Height Fully Open,[ <height> ],"Modelers define the fully open height of vertically moving gates, controlling flow through spillways and sluices.",Classic and HPC,false,https://docs.tuflow.com/classic-hpc/manual/2026.0/TOCCommands-1.html#tocGateHeightFullyOpen
TOC,Gate Opening,Gate Opening [ {} | (%) ],[ [ ++ | – | {} ] | <opening> | {CLOSE} | OPEN | NO CHANGE ],"Modelers define gate opening positions, controlling the flow through spillways and sluices based on specified increments or percentages.",Classic and HPC,false,https://docs.tuflow.com/classic-hpc/manual/2026.0/TOCCommands-1.html#tocGateOpening
TOC,Gate Opening (%),Gate Opening [ {} | (%) ],[ [ ++ | – | {} ] | <opening> | {CLOSE} | OPEN | NO CHANGE ],"Modelers define gate opening positions, controlling the flow through spillways and sluices based on specified increments or percentages.",Classic and HPC,false,https://docs.tuflow.com/classic-hpc/manual/2026.0/TOCCommands-1.html#tocGateOpening
TOC,Gate Seat Vertical Offset,Gate Seat Vertical Offset,[ <offset> ],"Modelers define the vertical offset between the spillway crest and gate seat, influencing gate operation and flood flow behavior.",Classic and HPC,false,https://docs.tuflow.com/classic-hpc/manual/2026.0/TOCCommands-1.html#tocGateSeatVerticalOffset
TOC,Gate Speed,Gate Speed [ {} | (min) ],[ <speed> ],"Modelers define gate speeds (in m/s or ft/s), controlling the velocity of gate operation during flood events.",Classic and HPC,false,https://docs.tuflow.com/classic-hpc/manual/2026.0/TOCCommands-1.html#tocGateSpeed
TOC,Gate Speed (min),Gate Speed [ {} | (min) ],[ <speed> ],"Modelers define gate speeds (in m/s or ft/s), controlling the velocity of gate operation during flood events.",Classic and HPC,false,https://docs.tuflow.com/classic-hpc/manual/2026.0/TOCCommands-1.html#tocGateSpeed
TOC,Gate Type,Gate Type,[ VERTICAL UNDERFLOW | VERTICAL OVERFLOW | HORIZONTAL SINGLE | HORIZONTAL DOUBLE ],"Modelers define the type of gate arrangement (vertical/horizontal, single/double), influencing flow control in spillways and sluices.",Classic and HPC,false,https://docs.tuflow.com/classic-hpc/manual/2026.0/TOCCommands-1.html#tocGateType
TOC,Gate Width Fully Open,Gate Width Fully Open,[ <width> ],"Modelers define the fully open width of horizontally moving gates, controlling flow through spillways and sluices.",Classic and HPC,false,https://docs.tuflow.com/classic-hpc/manual/2026.0/TOCCommands-1.html#tocGateWidthFullyOpen
TOC,Method,Method,[ <method> ],"Modelers specify the computational method for hydraulic calculations, allowing for flexibility in adapting to future equation updates.",Classic and HPC,false,https://docs.tuflow.com/classic-hpc/manual/2026.0/TOCCommands-1.html#tocMethod
TOC,Operation,Operation,[ NO CHANGE ],"Modelers maintain the operational state of structures, ensuring existing configurations remain unchanged during simulations.",Classic and HPC,false,https://docs.tuflow.com/classic-hpc/manual/2026.0/TOCCommands-1.html#tocOperation
TOC,Orifice Height Fully Open,Orifice Height Fully Open,[ <height> ],"Modelers define the fully open height of piping orifices, influencing flow calculations during dam failure scenarios.",Classic and HPC,false,https://docs.tuflow.com/classic-hpc/manual/2026.0/TOCCommands-1.html#tocOrificeHeightFullyOpen
TOC,Orifice Opening,Orifice Opening,[ {CLOSE} | OPEN | NO CHANGE ],"Modelers define the breach status of pipe failure channels, controlling flow during dam breach events.",Classic and HPC,false,https://docs.tuflow.com/classic-hpc/manual/2026.0/TOCCommands-1.html#tocOrificeOpening
TOC,Orifice Width Fully Open,Orifice Width Fully Open,[ <width> ],"Modelers define the fully open width of piping orifices, influencing flow calculations during dam failure scenarios.",Classic and HPC,false,https://docs.tuflow.com/classic-hpc/manual/2026.0/TOCCommands-1.html#tocOrificeWidthFullyOpen
TOC,Period Collapse,Period Collapse [ {} | (min) | (s) ],[ {0.0} | <period> ],"Modelers define the timing of dam breach or piping failure collapse, controlling flow behavior during catastrophic events.",Classic and HPC,false,https://docs.tuflow.com/classic-hpc/manual/2026.0/TOCCommands-1.html#tocPeriodCollapse
TOC,Period Collapse (min),Period Collapse [ {} | (min) | (s) ],[ {0.0} | <period> ],"Modelers define the timing of dam breach or piping failure collapse, controlling flow behavior during catastrophic events.",Classic and HPC,false,https://docs.tuflow.com/classic-hpc/manual/2026.0/TOCCommands-1.html#tocPeriodCollapse
TOC,Period Collapse (s),Period Collapse [ {} | (min) | (s) ],[ {0.0} | <period> ],"Modelers define the timing of dam breach or piping failure collapse, controlling flow behavior during catastrophic events.",Classic and HPC,false,https://docs.tuflow.com/classic-hpc/manual/2026.0/TOCCommands-1.html#tocPeriodCollapse
TOC,Period Failure,Period Failure [ {} | (min) | (s) ],[ {0.0167} | <period> ],"Modelers define the timing for dam or piping failure events, influencing the simulation's response to catastrophic scenarios.",Classic and HPC,false,https://docs.tuflow.com/classic-hpc/manual/2026.0/TOCCommands-1.html#tocPeriodFailure
TOC,Period Failure (min),Period Failure [ {} | (min) | (s) ],[ {0.0167} | <period> ],"Modelers define the timing for dam or piping failure events, influencing the simulation's response to catastrophic scenarios.",Classic and HPC,false,https://docs.tuflow.com/classic-hpc/manual/2026.0/TOCCommands-1.html#tocPeriodFailure
TOC,Period Failure (s),Period Failure [ {} | (min) | (s) ],[ {0.0167} | <period> ],"Modelers define the timing for dam or piping failure events, influencing the simulation's response to catastrophic scenarios.",Classic and HPC,false,https://docs.tuflow.com/classic-hpc/manual/2026.0/TOCCommands-1.html#tocPeriodFailure
TOC,Period Opening/Closing,Period Opening/Closing [ {} | (min) | (s) ],[ {0.167} | <period> ],"Modelers define the timing of gate or pump operations, controlling flow behavior and simulating operational processes during simulations.",Classic and HPC,false,https://docs.tuflow.com/classic-hpc/manual/2026.0/TOCCommands-1.html#tocPeriodOpeningClosing
TOC,Period Opening/Closing (min),Period Opening/Closing [ {} | (min) | (s) ],[ {0.167} | <period> ],"Modelers define the timing of gate or pump operations, controlling flow behavior and simulating operational processes during simulations.",Classic and HPC,false,https://docs.tuflow.com/classic-hpc/manual/2026.0/TOCCommands-1.html#tocPeriodOpeningClosing
TOC,Period Opening/Closing (s),Period Opening/Closing [ {} | (min) | (s) ],[ {0.167} | <period> ],"Modelers define the timing of gate or pump operations, controlling flow behavior and simulating operational processes during simulations.",Classic and HPC,false,https://docs.tuflow.com/classic-hpc/manual/2026.0/TOCCommands-1.html#tocPeriodOpeningClosing
TOC,Period Startup/Shutdown,Period Startup/Shutdown [ {} | (min) | (s) ],[ {0.167} | <period> ],"Modelers define the timing for pump startup or shutdown operations, controlling flow simulations and simulating operational processes.",Classic and HPC,false,https://docs.tuflow.com/classic-hpc/manual/2026.0/TOCCommands-1.html#tocPeriodStartupShutdown
TOC,Period Startup/Shutdown (min),Period Startup/Shutdown [ {} | (min) | (s) ],[ {0.167} | <period> ],"Modelers define the timing for pump startup or shutdown operations, controlling flow simulations and simulating operational processes.",Classic and HPC,false,https://docs.tuflow.com/classic-hpc/manual/2026.0/TOCCommands-1.html#tocPeriodStartupShutdown
TOC,Period Startup/Shutdown (s),Period Startup/Shutdown [ {} | (min) | (s) ],[ {0.167} | <period> ],"Modelers define the timing for pump startup or shutdown operations, controlling flow simulations and simulating operational processes.",Classic and HPC,false,https://docs.tuflow.com/classic-hpc/manual/2026.0/TOCCommands-1.html#tocPeriodStartupShutdown
TOC,Pump Capacity,Pump Capacity,[ <flow> | <discharge_curve> ],"Modelers define the flow capacity of pumps, influencing hydraulic behavior and simulating operational processes within simulations.",Classic and HPC,false,https://docs.tuflow.com/classic-hpc/manual/2026.0/TOCCommands-1.html#tocPumpCapacity
TOC,Pump Number,Pump Number,[ <no_pumps> ],"Modelers define the number of pumps working in parallel, influencing hydraulic flow and simulating operational scenarios.",Classic and HPC,false,https://docs.tuflow.com/classic-hpc/manual/2026.0/TOCCommands-1.html#tocPumpNumber
TOC,Pump Operation,Pump Operation,[ ON | OFF | NO CHANGE ],"Modelers control pump operation, enabling or disabling pumps within a simulation based on specific scenarios.",Classic and HPC,false,https://docs.tuflow.com/classic-hpc/manual/2026.0/TOCCommands-1.html#tocPumpOperation
TOC,Sa Failed,Sa Failed,[ <Sa> ],"Modellers define Sa values for breached sections, overriding default settings for accurate flow calculations.",Classic and HPC,false,https://docs.tuflow.com/classic-hpc/manual/2026.0/TOCCommands-1.html#tocSaFailed
TOC,Sa Intact,Sa Intact,[ <Sa> ],"Modellers define Sa values for intact sections, overriding defaults for accurate hydraulic calculations.",Classic and HPC,false,https://docs.tuflow.com/classic-hpc/manual/2026.0/TOCCommands-1.html#tocSaIntact
TOC,Sb Failed,Sb Failed,[ <Sb> ],"Modellers define Sb values for breached sections, overriding default settings for precise hydraulic modeling.",Classic and HPC,false,https://docs.tuflow.com/classic-hpc/manual/2026.0/TOCCommands-1.html#tocSbFailed
TOC,Sb Intact,Sb Intact,[ <Sb> ],A modeller defines the Villemonte equation coefficient b for the undamaged dam section to accurately model flow behavior before a breach.,Classic and HPC,false,https://docs.tuflow.com/classic-hpc/manual/2026.0/TOCCommands-1.html#tocSbIntact
TOC,Side Slope (degree),Side Slope (degree),[ 90 | <slope_in_degree> ],A modeller specifies the side slope angle (in degrees) for accurate bottom width and flow area calculations in hydraulic simulations.,Classic and HPC,false,https://docs.tuflow.com/classic-hpc/manual/2026.0/TOCCommands-1.html#tocSideSlopeDegree
TOC,Top Width Collapse,Top Width Collapse,[ <top_width> ],"A modeller defines the top width opening during the collapse phase, influencing flow behavior during dam failure events.",Classic and HPC,false,https://docs.tuflow.com/classic-hpc/manual/2026.0/TOCCommands-1.html#tocTopWidthCollapse
TOC,Top Width Fully Breached,Top Width Fully Breached,[ <top_width> ],"A modeller defines the fully breached top width of a dam failure channel, influencing flow and simulating catastrophic events.",Classic and HPC,false,https://docs.tuflow.com/classic-hpc/manual/2026.0/TOCCommands-1.html#tocTopWidthFullyBreached
TOC,Weir Height,Weir Height [ {} | % ],[ [++| –|**| //] | <weir_height> ],"Modellers define the operational height of weirs, specifying the percentage of the weir height to be open or closed.",Classic and HPC,false,https://docs.tuflow.com/classic-hpc/manual/2026.0/TOCCommands-1.html#tocWeirHeight
TOC,Weir Height %,Weir Height [ {} | % ],[ [++| –|**| //] | <weir_height> ],"Modellers define the operational height of weirs, specifying the percentage of the weir height to be open or closed.",Classic and HPC,false,https://docs.tuflow.com/classic-hpc/manual/2026.0/TOCCommands-1.html#tocWeirHeight
TOC,Weir Height Speed,Weir Height Speed [ {} | (min) ],[ <speed> ],A modeller defines the weir's vertical movement speed to simulate dynamic changes in flow behavior during simulations.,Classic and HPC,false,https://docs.tuflow.com/classic-hpc/manual/2026.0/TOCCommands-1.html#tocWeirHeightSpeed
TOC,Weir Height Speed (min),Weir Height Speed [ {} | (min) ],[ <speed> ],A modeller defines the weir's vertical movement speed to simulate dynamic changes in flow behavior during simulations.,Classic and HPC,false,https://docs.tuflow.com/classic-hpc/manual/2026.0/TOCCommands-1.html#tocWeirHeightSpeed
TOC,Weir Type Failed,Weir Type Failed,[ <weir_type> ],"A modeller defines weir characteristics for dam breach simulations, specifying either the intact or failed weir type based on the scenario.",Classic and HPC,false,https://docs.tuflow.com/classic-hpc/manual/2026.0/TOCCommands-1.html#tocWeirTypeFailed
TOC,Weir Type Intact,Weir Type Intact,[ <weir_type> ],"A modeller defines weir characteristics for intact dam behavior, specifying either the intact or failed weir type based on the scenario.",Classic and HPC,false,https://docs.tuflow.com/classic-hpc/manual/2026.0/TOCCommands-1.html#tocWeirTypeIntact
TOC,Weir Width,Weir Width [ {} | % ],[ <weir_width> ],"A modeller defines the weir's width to control flow through the structure, specifying an absolute width or a percentage of its open state.",Classic and HPC,false,https://docs.tuflow.com/classic-hpc/manual/2026.0/TOCCommands-1.html#tocWeirWidth
TOC,Weir Width %,Weir Width [ {} | % ],[ <weir_width> ],"A modeller defines the weir's width to control flow through the structure, specifying an absolute width or a percentage of its open state.",Classic and HPC,false,https://docs.tuflow.com/classic-hpc/manual/2026.0/TOCCommands-1.html#tocWeirWidth
TOC,Weir Width Speed,Weir Width Speed [ {} | (min) ],[ <speed> ],A modeller defines the weir's horizontal movement speed to simulate dynamic changes in flow behavior within the simulation.,Classic and HPC,false,https://docs.tuflow.com/classic-hpc/manual/2026.0/TOCCommands-1.html#tocWeirWidthSpeed
TOC,Weir Width Speed (min),Weir Width Speed [ {} | (min) ],[ <speed> ],A modeller defines the weir's horizontal movement speed to simulate dynamic changes in flow behavior within the simulation.,Classic and HPC,false,https://docs.tuflow.com/classic-hpc/manual/2026.0/TOCCommands-1.html#tocWeirWidthSpeed
TOC,Orifice Shape,Orifice Shape,[ {Rectangular} | Circular ],A modeller defines the orifice shape (rectangular or circular) to accurately represent the geometry of flow openings in simulations.,Classic and HPC,false,https://docs.tuflow.com/classic-hpc/manual/2026.0/TOCCommands-1.html#tocOrificeShape
TOC,Number of Piers,Number of Piers,[ {0} ],"A modeller defines the count of piers positioned over a weir, influencing flow and structural behavior in simulations.",Classic and HPC,false,https://docs.tuflow.com/classic-hpc/manual/2026.0/TOCCommands-1.html#tocNumberofPiers
TOC,Kp,Kp,[ {0} | <value> ],"Modellers define pier contraction coefficients to accurately model flow around piers with various shapes, improving simulation realism.",Classic and HPC,false,https://docs.tuflow.com/classic-hpc/manual/2026.0/TOCCommands-1.html#tocKp
TOC,Ka,Ka,[ {0} | <value> ],A modeller defines the contraction coefficient of abutments to accurately represent flow behavior around abutments based on their geometry.,Classic and HPC,false,https://docs.tuflow.com/classic-hpc/manual/2026.0/TOCCommands-1.html#tocKa
TOC,Kp Intact,Kp Intact,[ {0} | <value> ],"A modeller sets the pier contraction coefficient for intact piers, influencing flow and structural calculations based on pier geometry.",Classic and HPC,false,https://docs.tuflow.com/classic-hpc/manual/2026.0/TOCCommands-1.html#tocKpIntact
TOC,Ka Intact,Ka Intact,[ {0} | <value> ],A modeller sets the abutment contraction coefficient for intact abutments to accurately represent flow behavior around abutments.,Classic and HPC,false,https://docs.tuflow.com/classic-hpc/manual/2026.0/TOCCommands-1.html#tocKaIntact
TOC,Discharge Curve Type,Discharge Curve Type,[ {Upstream Depth} | Head Difference | Pump ],"A modeller defines how discharge curves are calculated in QO channels, specifying upstream depth, head difference, or pump conditions.",Classic and HPC,false,https://docs.tuflow.com/classic-hpc/manual/2026.0/TOCCommands-1.html#tocDischargeCurveType
TOC,Depth Breached,Depth Breached,[ <initial_breach_depth> ],"A modeller defines the initial breach depth for a dam failure channel, specifying the starting water level of the breach.",Classic and HPC,false,https://docs.tuflow.com/classic-hpc/manual/2026.0/TOCCommands-1.html#tocDepthBreached
TOC,Top Width Breached,Top Width Breached,[ <initial_breach_depth> ],"A modeller defines the initial top width of a breach for a dam failure channel, specifying the starting water level of the breach.",Classic and HPC,false,https://docs.tuflow.com/classic-hpc/manual/2026.0/TOCCommands-1.html#tocTopWidthBreached
TOC,If Scenario,If Scenario,[ <s1> | <s2> | <s3> | … ],A modeller defines scenarios to control the processing of specific commands within a simulation.,Classic and HPC,false,https://docs.tuflow.com/classic-hpc/manual/2026.0/TOCCommands-1.html#tocIfScenario
TOC,If Event,If Event,[ <e1> | <e2> | <e3> | … ],"A modeller defines events to control the processing of specific commands within a simulation, allowing for conditional execution.",Classic and HPC,false,https://docs.tuflow.com/classic-hpc/manual/2026.0/TOCCommands-1.html#tocIfEvent
TRFC,IDW Exponent,IDW Exponent,[ <p> | {2} ],"A modeller modifies the IDW exponent for interpolation, tailoring the RF method’s accuracy to specific flow characteristics.",Classic and HPC,false,https://docs.tuflow.com/classic-hpc/manual/2026.0/TRFCCommands-1.html#trfcIDWExponent
TRFC,IDW Maximum Distance,IDW Maximum Distance,[ <max_dist> ],"A modeller defines the maximum distance for IDW interpolation, controlling the influence of nearby points on flow calculations.",Classic and HPC,false,https://docs.tuflow.com/classic-hpc/manual/2026.0/TRFCCommands-1.html#trfcIDWMaximumDistance
TRFC,IDW Maximum Points,IDW Maximum Points,[ <max_points> ],A modeller optimizes memory usage during IDW interpolation by limiting the number of considered rainfall points.,Classic and HPC,false,https://docs.tuflow.com/classic-hpc/manual/2026.0/TRFCCommands-1.html#trfcIDWMaximumPoints
TRFC,Maximum Hyetograph Points,Maximum Hyetograph Points,"[ <max_pts> | {1,000} ]","Modellers control memory allocation for hyetograph points, influencing the model's ability to handle large rainfall datasets.",Classic and HPC,false,https://docs.tuflow.com/classic-hpc/manual/2026.0/TRFCCommands-1.html#trfcMaximumHyetographPoints
TRFC,Maximum RF Locations,Maximum RF Locations,"[ <max_rf_gauges> | {1,000} ]","A modeller controls temporary memory allocation for rainfall data locations, especially when using a large number of rainfall gauges.",Classic and HPC,false,https://docs.tuflow.com/classic-hpc/manual/2026.0/TRFCCommands-1.html#trfcMaximumRFLocations
TRFC,Read GIS RF Point,Read GIS RF Point,[ <gis_layer> ],"Modellers read rainfall locations from a GIS layer, defining rainfall control points for the simulation.",Classic and HPC,false,https://docs.tuflow.com/classic-hpc/manual/2026.0/TRFCCommands-1.html#trfcReadGISRFPoint
TRFC,Read GIS RF Polygons,Read GIS RF Polygons,[ <gis_layer> ],"Modellers define rainfall regions by reading GIS polygons, specifying the rainfall control method (point or polygon).",Classic and HPC,false,https://docs.tuflow.com/classic-hpc/manual/2026.0/TRFCCommands-1.html#trfcReadGISRFPolygons
TRFC,Read GIS RF Triangles,Read GIS RF Triangles,[ <gis_layer> ],"Modellers read rainfall triangles from a GIS layer, using planar interpolation to calculate rainfall depths within grid cells.",Classic and HPC,false,https://docs.tuflow.com/classic-hpc/manual/2026.0/TRFCCommands-1.html#trfcReadGISRFTriangles
TRFC,RF Grid Cell Size,RF Grid Cell Size,[ <value> ],"Modellers define rainfall grid cell size, balancing accuracy with computational efficiency by using coarser resolutions when appropriate.",Classic and HPC,false,https://docs.tuflow.com/classic-hpc/manual/2026.0/TRFCCommands-1.html#trfcRFGridCellSize
TRFC,RF Grid Format,RF Grid Format,[ ASC | FLT | NC | TIF ],"Modellers select rainfall grid formats (TIFF, FLT, ASC, or NetCDF) to manage output grid storage and compatibility.",Classic and HPC,false,https://docs.tuflow.com/classic-hpc/manual/2026.0/TRFCCommands-1.html#trfcRFGridFormat
TRFC,RF Grid Origin,RF Grid Origin,"[ <OX>, <OY> ]","Modellers define the origin of the rainfall grid, allowing for precise spatial alignment with their 2D domain setup.",Classic and HPC,false,https://docs.tuflow.com/classic-hpc/manual/2026.0/TRFCCommands-1.html#trfcRFGridOrigin
TRFC,"RF Grid Size (N,M)","RF Grid Size (N,M)","[ <rows>, <columns> ]","Modellers define the dimensions of rainfall grids, matching them to their 2D domain for accurate rainfall distribution.",Classic and HPC,false,https://docs.tuflow.com/classic-hpc/manual/2026.0/TRFCCommands-1.html#trfcRFGridSizeNM
TRFC,"RF Grid Size (X,Y)","RF Grid Size (X,Y)","[ <X_length>, <Y_length> ]","Modellers define rainfall grid dimensions (X, Y), tailoring the grid resolution to match the 2D domain's spatial scale.",Classic and HPC,false,https://docs.tuflow.com/classic-hpc/manual/2026.0/TRFCCommands-1.html#trfcRFGridSizeXY
TRFC,RF Interpolation Method,RF Interpolation Method,[ IDW | POLYGON | TIN ],"Modellers choose a rainfall interpolation method (IDW, polygon, or TIN) to determine rainfall depth calculations.",Classic and HPC,false,https://docs.tuflow.com/classic-hpc/manual/2026.0/TRFCCommands-1.html#trfcRFInterpolationMethod
TRFC,If Event,If Event,[ <e1> | <e2> | <e3> | … ],Modellers define specific events to conditionally execute commands within the TUFLOW simulation.,Classic and HPC,false,https://docs.tuflow.com/classic-hpc/manual/2026.0/TRFCCommands-1.html#trfcIfEvent
TRFC,If Scenario,If Scenario,[ <s1> | <s2> | <s3> | … ],"Modellers define scenarios to conditionally execute commands, allowing for different simulation runs based on defined conditions.",Classic and HPC,false,https://docs.tuflow.com/classic-hpc/manual/2026.0/TRFCCommands-1.html#trfcIfScenario
TESF,Global Wind BC,Global Wind BC,[ <boundary_name> ],Modellers define a global wind boundary BC to represent wind flow across the model domain.,Classic and HPC,false,https://docs.tuflow.com/classic-hpc/manual/2026.0/TESFCommands-1.html#tesfGlobalWindBC
TESF,Grid Interpolation Method,Grid Interpolation Method,[ IWD | Poly | {no default} ],Modellers select an interpolation method for external stress grids to accurately represent boundary conditions.,Classic and HPC,false,https://docs.tuflow.com/classic-hpc/manual/2026.0/TESFCommands-1.html#tesfGridInterpolationMethod
TESF,IDW Exponent,IDW Exponent,[ {2.0} | <value> ],Modellers adjust the exponent in the IDW interpolation to fine-tune external stress grid calculations.,Classic and HPC,false,https://docs.tuflow.com/classic-hpc/manual/2026.0/TESFCommands-1.html#tesfIDWExponent
TESF,IDW Maximum Distance,IDW Maximum Distance,[ <value> ],Modellers limit the influence of distant points in the IDW interpolation to improve accuracy and computational efficiency.,Classic and HPC,false,https://docs.tuflow.com/classic-hpc/manual/2026.0/TESFCommands-1.html#tesfIDWMaximumDistance
TESF,IDW Maximum Point,IDW Maximum Point,[ {all} | <maximum_points> ],Modellers limit the number of points considered in the IDW interpolation to manage memory usage and improve computational efficiency.,Classic and HPC,false,https://docs.tuflow.com/classic-hpc/manual/2026.0/TESFCommands-1.html#tesfIDWMaximumPoint
TESF,Output Grid Cell Size,Output Grid Cell Size,[ <value> | {10 x the smallest 2D cell size} ],"Modellers define the grid cell size for output stress grids, balancing accuracy with computational efficiency and memory usage.",Classic and HPC,false,https://docs.tuflow.com/classic-hpc/manual/2026.0/TESFCommands-1.html#tesfOutputGridCellSize
TESF,Output Grid Format,Output Grid Format,[ ASC | FLT | {NC} ],"Modellers select the output grid format for stress grids, choosing between ASCII, floating-point, and NetCDF options.",Classic and HPC,false,https://docs.tuflow.com/classic-hpc/manual/2026.0/TESFCommands-1.html#tesfOutputGridFormat
TESF,Output Grid Origin,Output Grid Origin,"[ x, y ]","Modellers define the origin for output stress grids, aligning them with the desired spatial reference within the model domain.",Classic and HPC,false,https://docs.tuflow.com/classic-hpc/manual/2026.0/TESFCommands-1.html#tesfOutputGridOrigin
TESF,Read GIS Wind Point,Read GIS Wind Point,[ <gis_file> ],Modellers specify a GIS file to read wind points for spatially varying boundary conditions.,Classic and HPC,false,https://docs.tuflow.com/classic-hpc/manual/2026.0/TESFCommands-1.html#tesfReadGISWindPoint
TESF,Read GIS Wind Poly,Read GIS Wind Poly,[ <gis_file> ],Modellers specify a GIS file to read wind polygons for spatially varying boundary conditions.,Classic and HPC,false,https://docs.tuflow.com/classic-hpc/manual/2026.0/TESFCommands-1.html#tesfReadGISWindPoly
TESF,Read Gridded Tau,Read Gridded Tau,[ <path_to_.nc_or_grid_index.csv> ],Modellers specify a gridded Tau file to define external stress conditions within the TUFLOW simulation.,Classic and HPC,false,https://docs.tuflow.com/classic-hpc/manual/2026.0/TESFCommands-1.html#tesfReadGriddedTau
QCF,Base Cell Size,Base Cell Size,[ <cell_size> | {TGC} ],"Modellers define the base cell size for the model grid, overriding the .tgc file if necessary.",HPC,false,https://docs.tuflow.com/classic-hpc/manual/2026.0/QCFCommands-1.html#qcfBaseCellSize
QCF,Orientation Angle,Orientation Angle,[ <angle> | Optimise | {TGC} ],"Modellers define the model's orientation angle using degrees, or optimize it based on the Level 1 polygon's geometry.",HPC,false,https://docs.tuflow.com/classic-hpc/manual/2026.0/QCFCommands-1.html#qcfOrientationAngle
QCF,Model Origin and Extent,Model Origin and Extent,[ {Auto} | TGC ],"Modellers define the model's origin and extents, either automatically using the GIS polygon or by referencing a .tgc file.",HPC,false,https://docs.tuflow.com/classic-hpc/manual/2026.0/QCFCommands-1.html#qcfModelOriginandExtent
QCF,Read GIS Nesting,Read GIS Nesting,[ <gis_file_in_2d_qnl_format> ],Modellers specify a GIS file to define polygons for mesh refinement levels within the TUFLOW model.,HPC,false,https://docs.tuflow.com/classic-hpc/manual/2026.0/QCFCommands-1.html#qcfReadGISNesting
QCF,Quadtree Mesh Processing Method,Quadtree Mesh Processing Method,[ {FAST} | Memory Efficient ],"Modellers choose how to process the Quadtree mesh for geometry refinement, balancing speed and memory usage.",HPC,false,https://docs.tuflow.com/classic-hpc/manual/2026.0/QCFCommands-1.html#qcfQuadtreeMeshProcessingMethod
QCF,Spatial Database,Spatial Database,[ OFF | TCF ],Modellers specify the spatial database to use for accessing geospatial data within the TUFLOW simulation.,HPC,false,https://docs.tuflow.com/classic-hpc/manual/2026.0/QCFCommands-1.html#qcfSpatialDatabase
QCF,If Scenario,If Scenario,[ <s1> | <s2> | <s3> | … ],Modellers define scenarios to conditionally execute commands within the TUFLOW simulation.,Classic and HPC,false,https://docs.tuflow.com/classic-hpc/manual/2026.0/QCFCommands-1.html#qcfIfScenario
QCF,If Event,If Event,[ <e1> | <e2> | <e3> | … ],Modellers define events to conditionally execute commands within the TUFLOW simulation.,Classic and HPC,false,https://docs.tuflow.com/classic-hpc/manual/2026.0/QCFCommands-1.html#qcfIfEvent
TSCF,Check INP Save Date,Check INP Save Date,[ {ERROR} | WARNING | OFF ],Modellers enable checks to ensure GIS layers are exported as .inp files before simulation runs.,Classic and HPC,false,https://docs.tuflow.com/classic-hpc/manual/2026.0/TSCFCommands-1.html#tscfCheckINPSaveDate
TSCF,Inlet Surcharge Orifice Coefficient,Inlet Surcharge Orifice Coefficient,[ {0.16} | <value> ],Modellers define the orifice coefficient used for overflow from 1D to 2D TUFLOW simulations.,Classic and HPC,false,https://docs.tuflow.com/classic-hpc/manual/2026.0/TSCFCommands-1.html#tscfInletSurchargeOrificeCoefficient
TSCF,Maximum Inlet Ponded Depth,Maximum Inlet Ponded Depth,[ {999} | <value> ],Modellers define a maximum ponded depth to prevent unrealistic water levels when transferring flows from 1D SWMM to 2D TUFLOW.,Classic and HPC,false,https://docs.tuflow.com/classic-hpc/manual/2026.0/TSCFCommands-1.html#tscfMaximumInletPondedDepth
TSCF,Output Folder,Output Folder,[ <folder> ],Modellers specify a folder to redirect SWMM output files from the default location.,Classic and HPC,false,https://docs.tuflow.com/classic-hpc/manual/2026.0/TSCFCommands-1.html#tscfOutputFolder
TSCF,Read BC <type>,Read BC <type>,[ <input_curve_1> | <input_curve_2> | … ],Modellers read boundary curves from a BC database to define inflow/outflow conditions in the TUFLOW simulation.,Classic and HPC,false,https://docs.tuflow.com/classic-hpc/manual/2026.0/TSCFCommands-1.html#tscfReadBC
TSCF,Read GIS SWMM Inlet Usage,Read GIS SWMM Inlet Usage,[ <swmm_inlet_usage_filename> ],Modellers specify a SWMM inlet usage file to define inlets connecting TUFLOW and SWMM models.,Classic and HPC,false,https://docs.tuflow.com/classic-hpc/manual/2026.0/TSCFCommands-1.html#tscfReadGISSWMMInletUsage
TSCF,Read SWMM,Read SWMM,[ <swmm_inp_filename> ],"Modellers specify a SWMM input file for the SWMM simulation, which is combined into a single file for TUFLOW.",Classic and HPC,false,https://docs.tuflow.com/classic-hpc/manual/2026.0/TSCFCommands-1.html#tscfReadSWMM
TSCF,SWMM Iterations,SWMM Iterations,[ {1} | <value> ],"Modellers define the number of SWMM iterations per 2D timestep to improve model stability, balancing simulation time.",Classic and HPC,false,https://docs.tuflow.com/classic-hpc/manual/2026.0/TSCFCommands-1.html#tscfSWMMIterations
TSCF,If Scenario,If Scenario,[ <s1> | <s2> | <s3> | … ],Modellers define scenarios to conditionally execute commands within the TUFLOW simulation.,Classic and HPC,false,https://docs.tuflow.com/classic-hpc/manual/2026.0/TSCFCommands-1.html#tscfIfScenario
TSCF,If Event,If Event,[ <e1> | <e2> | <e3> | … ],Modellers define events to conditionally execute commands within the TUFLOW simulation.,Classic and HPC,false,https://docs.tuflow.com/classic-hpc/manual/2026.0/TSCFCommands-1.html#tscfIfEvent
ADCF,AD Global Database,AD Global Database,[ <file> ],Modellers specify a global database file to define constituent properties for TUFLOW simulations.,Classic and HPC,false,https://docs.tuflow.com/classic-hpc/manual/2026.0/ADCFCommands-1.html#adcfADGlobalDatabase
ADCF,AD BC Database,AD BC Database,[ <file> ],Modellers specify a boundary database file to define boundary conditions for TUFLOW simulations.,Classic and HPC,false,https://docs.tuflow.com/classic-hpc/manual/2026.0/ADCFCommands-1.html#adcfADBCDatabase
ADCF,Write Mass,Write Mass,[ ON | {OFF} ],"Modellers generate a commentary file to track mass conservation during a TUFLOW simulation, if specified.",Classic and HPC,false,https://docs.tuflow.com/classic-hpc/manual/2026.0/ADCFCommands-1.html#adcfWriteMass
ADCF,Write Mass Unit,Write Mass Unit,[ Kg (or Kilogram) | {Tonne} | Gram ],"Modellers specify the unit (e.g., Kg, Tonne, Gram) for mass output if generating a commentary file.",Classic and HPC,false,https://docs.tuflow.com/classic-hpc/manual/2026.0/ADCFCommands-1.html#adcfWriteMassUnit
ADCF,Write CFL,Write CFL,[ ON | {OFF} ],Modellers generate a commentary file detailing CFL and Peclet numbers for debugging TUFLOW simulations.,Classic Only,false,https://docs.tuflow.com/classic-hpc/manual/2026.0/ADCFCommands-1.html#adcfWriteCFL
ADCF,Write Iterations,Write Iterations,[ ON | {OFF} ],Modellers generate a commentary file showing simulation time and iteration details for each constituent.,Classic Only,false,https://docs.tuflow.com/classic-hpc/manual/2026.0/ADCFCommands-1.html#adcfWriteIterations
TEF,Define Event,Define Event,[ <event_name> ],Modellers define events to group commands for specific scenarios or phases within a TUFLOW simulation.,Classic and HPC,false,https://docs.tuflow.com/classic-hpc/manual/2026.0/TEFCommands-1.html#tefDefineEvent
TEF,End Define,End Define,,Modellers end the block of commands defined for a particular event within a TUFLOW simulation.,Classic and HPC,false,https://docs.tuflow.com/classic-hpc/manual/2026.0/TEFCommands-1.html#tefEndDefine
